t,MV,PV,DV,MVP,MVI,MVD,MVFF,Man
0.000000000000000000e+00,5.000000000000000000e+01,1.989900000000000091e+01,5.000000000000000000e+01,0.000000000000000000e+00,5.000000000000000000e+01,0.000000000000000000e+00,0.000000000000000000e+00,1.000000000000000000e+00
1.000000000000000000e+00,5.000000000000000000e+01,1.993199999999999861e+01,5.000000000000000000e+01,1.492523850393698694e+02,-2.587340258303290170e+02,1.594816407909591476e+02,0.000000000000000000e+00,1.000000000000000000e+00
2.000000000000000000e+00,5.000000000000000000e+01,1.993199999999999861e+01,5.000000000000000000e+01,1.491661286041708365e+02,-2.524447381928216032e+02,1.532786095886507667e+02,0.000000000000000000e+00,1.000000000000000000e+00
3.000000000000000000e+00,5.000000000000000000e+01,1.989900000000000091e+01,5.000000000000000000e+01,1.491661286041708365e+02,-2.465715568927442689e+02,1.474054282885734324e+02,0.000000000000000000e+00,1.000000000000000000e+00
4.000000000000000000e+00,5.000000000000000000e+01,1.993199999999999861e+01,5.000000000000000000e+01,1.492523850393698694e+02,-2.411018430610283474e+02,1.418494580216584779e+02,0.000000000000000000e+00,1.000000000000000000e+00
5.000000000000000000e+00,5.000000000000000000e+01,1.993199999999999861e+01,5.000000000000000000e+01,1.491661286041708365e+02,-2.354881683247477611e+02,1.363220397205769245e+02,0.000000000000000000e+00,1.000000000000000000e+00
6.000000000000000000e+00,5.000000000000000000e+01,1.993199999999999861e+01,5.000000000000000000e+01,1.491661286041708365e+02,-2.302647124451311811e+02,1.310985838409603446e+02,0.000000000000000000e+00,1.000000000000000000e+00
7.000000000000000000e+00,5.000000000000000000e+01,1.993199999999999861e+01,5.000000000000000000e+01,1.491661286041708365e+02,-2.252414038885903551e+02,1.260752752844195186e+02,0.000000000000000000e+00,1.000000000000000000e+00
8.000000000000000000e+00,5.000000000000000000e+01,1.993199999999999861e+01,5.000000000000000000e+01,1.491661286041708365e+02,-2.204105736038577845e+02,1.212444449996869480e+02,0.000000000000000000e+00,1.000000000000000000e+00
9.000000000000000000e+00,4.999999999999998579e+01,1.993199999999999861e+01,5.000000000000000000e+01,1.491661286041708365e+02,-2.157648463949443567e+02,1.165987177907735060e+02,0.000000000000000000e+00,1.000000000000000000e+00
1.000000000000000000e+01,5.000000000000001421e+01,1.993199999999999861e+01,5.000000000000000000e+01,1.491661286041708365e+02,-2.112971296614773564e+02,1.121310010573065341e+02,0.000000000000000000e+00,1.000000000000000000e+00
1.100000000000000000e+01,5.000000000000001421e+01,1.993199999999999861e+01,5.000000000000000000e+01,1.491661286041708365e+02,-2.070006025704755643e+02,1.078344739663047420e+02,0.000000000000000000e+00,1.000000000000000000e+00
1.200000000000000000e+01,5.000000000000001421e+01,1.993199999999999861e+01,5.000000000000000000e+01,1.491661286041708365e+02,-2.028687056430293296e+02,1.037025770388585073e+02,0.000000000000000000e+00,1.000000000000000000e+00
1.300000000000000000e+01,5.000000000000000000e+01,1.993199999999999861e+01,5.000000000000000000e+01,1.491661286041708365e+02,-1.988951307399885309e+02,9.972900213581769435e+01,0.000000000000000000e+00,1.000000000000000000e+00
1.400000000000000000e+01,5.000000000000000000e+01,1.993199999999999861e+01,5.000000000000000000e+01,1.491661286041708365e+02,-1.950738114313690517e+02,9.590768282719821514e+01,0.000000000000000000e+00,1.000000000000000000e+00
1.500000000000000000e+01,5.000000000000001421e+01,1.996399999999999864e+01,5.000000000000000000e+01,1.491661286041708365e+02,-1.913989137347751353e+02,9.223278513060431294e+01,0.000000000000000000e+00,1.000000000000000000e+00
1.600000000000000000e+01,4.999999999999998579e+01,2.022200000000000131e+01,5.000000000000000000e+01,1.490824860003415040e+02,-1.876918094187017232e+02,8.860932341836020498e+01,0.000000000000000000e+00,1.000000000000000000e+00
1.700000000000000000e+01,4.999999999999998579e+01,2.018900000000000006e+01,5.000000000000000000e+01,1.484081175069673293e+02,-1.829016072570683491e+02,8.449348975010100560e+01,0.000000000000000000e+00,1.000000000000000000e+00
1.800000000000000000e+01,5.000000000000001421e+01,2.025400000000000134e+01,5.000000000000000000e+01,1.484943739421663622e+02,-1.798424921512109336e+02,8.134811820904458557e+01,0.000000000000000000e+00,1.000000000000000000e+00
1.900000000000000000e+01,5.000000000000001421e+01,2.025400000000000134e+01,5.000000000000000000e+01,1.483244749031379683e+02,-1.763740313636658357e+02,7.804955646052788154e+01,0.000000000000000000e+00,1.000000000000000000e+00
2.000000000000000000e+01,5.000000000000000000e+01,2.028600000000000136e+01,5.000000000000000000e+01,1.483244749031379683e+02,-1.733834040562190069e+02,7.505892915308103852e+01,0.000000000000000000e+00,1.000000000000000000e+00
2.100000000000000000e+01,5.000000000000000000e+01,2.038299999999999912e+01,5.000000000000000000e+01,1.482408322993086358e+02,-1.703343509192898750e+02,7.209351861998123923e+01,0.000000000000000000e+00,1.000000000000000000e+00
2.200000000000000000e+01,5.000000000000001421e+01,2.057600000000000051e+01,5.000000000000000000e+01,1.479872906564509378e+02,-1.670474811250098242e+02,6.906019046855890053e+01,0.000000000000000000e+00,1.000000000000000000e+00
2.300000000000000000e+01,5.000000000000000000e+01,2.057600000000000051e+01,5.000000000000000000e+01,1.474828212021051286e+02,-1.633577860908354751e+02,6.587496488873034650e+01,0.000000000000000000e+00,1.000000000000000000e+00
2.400000000000000000e+01,5.000000000000000711e+01,2.073699999999999832e+01,5.000000000000000000e+01,1.474828212021051286e+02,-1.608336529912070034e+02,6.335083178910188195e+01,0.000000000000000000e+00,1.000000000000000000e+00
2.500000000000000000e+01,5.000000000000000000e+01,2.086599999999999966e+01,5.000000000000000000e+01,1.470619943515887087e+02,-1.575357414229546293e+02,6.047374707136592065e+01,0.000000000000000000e+00,1.000000000000000000e+00
2.600000000000000000e+01,5.000000000000000711e+01,2.089799999999999969e+01,5.000000000000000000e+01,1.467248101049016213e+02,-1.545210889902343752e+02,5.779627888533276092e+01,0.000000000000000000e+00,1.000000000000000000e+00
2.700000000000000000e+01,5.000000000000001421e+01,2.089799999999999969e+01,5.000000000000000000e+01,1.466411675010722888e+02,-1.521334893660582566e+02,5.549232186498598196e+01,0.000000000000000000e+00,1.000000000000000000e+00
2.800000000000000000e+01,4.999999999999999289e+01,2.122100000000000009e+01,5.000000000000000000e+01,1.466411675010722888e+02,-1.500071883254240959e+02,5.336602082435179994e+01,0.000000000000000000e+00,1.000000000000000000e+00
2.900000000000000000e+01,5.000000000000000000e+01,2.122100000000000009e+01,5.000000000000000000e+01,1.457968999686697487e+02,-1.462159625108048431e+02,5.041906254213509442e+01,0.000000000000000000e+00,1.000000000000000000e+00
3.000000000000000000e+01,4.999999999999999289e+01,2.141400000000000148e+01,5.000000000000000000e+01,1.457968999686697487e+02,-1.442840537070612186e+02,4.848715373839146281e+01,0.000000000000000000e+00,1.000000000000000000e+00
3.100000000000000000e+01,5.000000000000000711e+01,2.154299999999999926e+01,5.000000000000000000e+01,1.452924305143239678e+02,-1.413826563677426122e+02,4.609022585341865152e+01,0.000000000000000000e+00,1.000000000000000000e+00
3.200000000000000000e+01,5.000000000000001421e+01,2.164000000000000057e+01,5.000000000000000000e+01,1.449552462676369089e+02,-1.389191377695034362e+02,4.396389150186654149e+01,0.000000000000000000e+00,1.000000000000000000e+00
3.300000000000000000e+01,4.999999999999998579e+01,2.186499999999999844e+01,5.000000000000000000e+01,1.447017046247791825e+02,-1.367101117814245868e+02,4.200840715664539005e+01,0.000000000000000000e+00,1.000000000000000000e+00
3.400000000000000000e+01,5.000000000000000711e+01,2.186499999999999844e+01,5.000000000000000000e+01,1.441135925666040691e+02,-1.338839429884640708e+02,3.977035042186000879e+01,0.000000000000000000e+00,1.000000000000000000e+00
3.500000000000000000e+01,4.999999999999999289e+01,2.218799999999999883e+01,5.000000000000000000e+01,1.441135925666040691e+02,-1.323600612216471859e+02,3.824646865504310966e+01,0.000000000000000000e+00,1.000000000000000000e+00
3.600000000000000000e+01,5.000000000000000000e+01,2.218799999999999883e+01,5.000000000000000000e+01,1.432693250342015290e+02,-1.291481717626005548e+02,3.587884672839902578e+01,0.000000000000000000e+00,1.000000000000000000e+00
3.700000000000000000e+01,4.999999999999999289e+01,2.251000000000000156e+01,5.000000000000000000e+01,1.432693250342015290e+02,-1.277734008650886040e+02,3.450407583088706787e+01,0.000000000000000000e+00,1.000000000000000000e+00
3.800000000000000000e+01,5.000000000000000711e+01,2.251000000000000156e+01,5.000000000000000000e+01,1.424276713331686608e+02,-1.247103155954196438e+02,3.228264426225099015e+01,0.000000000000000000e+00,1.000000000000000000e+00
3.900000000000000000e+01,5.000000000000000000e+01,2.283200000000000074e+01,5.000000000000000000e+01,1.424276713331686608e+02,-1.234733405008064437e+02,3.104566916763778650e+01,0.000000000000000000e+00,1.000000000000000000e+00
4.000000000000000000e+01,5.000000000000000000e+01,2.292899999999999849e+01,5.000000000000000000e+01,1.415860176321358210e+02,-1.205427711079266686e+02,2.895675347579085113e+01,0.000000000000000000e+00,1.000000000000000000e+00
4.100000000000000000e+01,4.999999999999999289e+01,2.315399999999999991e+01,5.000000000000000000e+01,1.413324759892780946e+02,-1.189087740991617750e+02,2.757629810988367325e+01,0.000000000000000000e+00,1.000000000000000000e+00
4.200000000000000000e+01,5.000000000000000000e+01,2.347700000000000031e+01,5.000000000000000000e+01,1.407443639311029528e+02,-1.166356008820457220e+02,2.589123695094277267e+01,0.000000000000000000e+00,1.000000000000000000e+00
4.300000000000000000e+01,5.000000000000000000e+01,2.347700000000000031e+01,5.000000000000000000e+01,1.399000963987004127e+02,-1.138971272244431674e+02,2.399703082574275825e+01,0.000000000000000000e+00,1.000000000000000000e+00
4.400000000000000000e+01,5.000000000000000000e+01,2.379899999999999949e+01,5.000000000000000000e+01,1.399000963987004127e+02,-1.129776322402352235e+02,2.307753584153481441e+01,0.000000000000000000e+00,1.000000000000000000e+00
4.500000000000000000e+01,5.000000000000000000e+01,2.412099999999999866e+01,5.000000000000000000e+01,1.390584426976675729e+02,-1.103523780623941519e+02,2.129393536472657544e+01,0.000000000000000000e+00,1.000000000000000000e+00
4.600000000000000000e+01,5.000000000000000000e+01,2.412099999999999866e+01,5.000000000000000000e+01,1.382167889966347332e+02,-1.077954661600689548e+02,1.957867716343421804e+01,0.000000000000000000e+00,1.000000000000000000e+00
4.700000000000000000e+01,5.000000000000000711e+01,2.444300000000000139e+01,5.000000000000000000e+01,1.382167889966347332e+02,-1.070452693719774686e+02,1.882848037534274255e+01,0.000000000000000000e+00,1.000000000000000000e+00
4.800000000000000000e+01,5.000000000000000711e+01,2.476599999999999824e+01,5.000000000000000000e+01,1.373751352956018650e+02,-1.045828263859523588e+02,1.720769109035050093e+01,0.000000000000000000e+00,1.000000000000000000e+00
4.900000000000000000e+01,4.999999999999999289e+01,2.489499999999999957e+01,5.000000000000000000e+01,1.365308677631993532e+02,-1.021770804279529727e+02,1.564621266475361416e+01,0.000000000000000000e+00,1.000000000000000000e+00
5.000000000000000000e+01,5.000000000000000000e+01,2.508800000000000097e+01,5.000000000000000000e+01,1.361936835165122659e+02,-1.008800860397051338e+02,1.468640252319286965e+01,0.000000000000000000e+00,1.000000000000000000e+00
5.100000000000000000e+01,5.000000000000000711e+01,2.541000000000000014e+01,5.000000000000000000e+01,1.356892140621664851e+02,-9.927383314681924276e+01,1.358461908465276480e+01,0.000000000000000000e+00,1.000000000000000000e+00
5.200000000000000000e+01,5.000000000000000000e+01,2.560399999999999920e+01,5.000000000000000000e+01,1.348475603611336453e+02,-9.701231935864724676e+01,1.216475899751360501e+01,0.000000000000000000e+00,1.000000000000000000e+00
5.300000000000000000e+01,4.999999999999999289e+01,2.579700000000000060e+01,5.000000000000000000e+01,1.343404770754181925e+02,-9.549728155403496999e+01,1.115680447861677216e+01,0.000000000000000000e+00,1.000000000000000000e+00
5.400000000000000000e+01,5.000000000000000000e+01,2.605499999999999972e+01,5.000000000000000000e+01,1.338360076210724117e+02,-9.402627238033356605e+01,1.019026475926115793e+01,0.000000000000000000e+00,1.000000000000000000e+00
5.500000000000000000e+01,5.000000000000000000e+01,2.637699999999999889e+01,5.000000000000000000e+01,1.331616391276982654e+02,-9.224085575350056843e+01,9.079216625802306595e+00,0.000000000000000000e+00,1.000000000000000000e+00
5.600000000000000000e+01,5.000000000000000000e+01,2.653800000000000026e+01,5.000000000000000000e+01,1.323199854266653972e+02,-9.015197561291743966e+01,7.831990186252039798e+00,0.000000000000000000e+00,1.000000000000000000e+00
5.700000000000000000e+01,4.999999999999999289e+01,2.679599999999999937e+01,5.000000000000000000e+01,1.318991585761489773e+02,-8.898138124292827911e+01,7.082222666779296461e+00,0.000000000000000000e+00,1.000000000000000000e+00
5.800000000000000000e+01,4.999999999999999289e+01,2.702100000000000080e+01,5.000000000000000000e+01,1.312247900827748310e+02,-8.731505556261681988e+01,6.090265479841982632e+00,0.000000000000000000e+00,1.000000000000000000e+00
5.900000000000000000e+01,5.000000000000000000e+01,2.734400000000000119e+01,5.000000000000000000e+01,1.306366780245996893e+02,-8.586516333294099468e+01,5.228485308341307203e+00,0.000000000000000000e+00,1.000000000000000000e+00
6.000000000000000000e+01,5.000000000000000000e+01,2.740800000000000125e+01,5.000000000000000000e+01,1.297924104921971491e+02,-8.391842497931303058e+01,4.126014487115879703e+00,0.000000000000000000e+00,1.000000000000000000e+00
6.100000000000000000e+01,5.000000000000000000e+01,2.766600000000000037e+01,5.000000000000000000e+01,1.296251252845384556e+02,-8.341429277256628438e+01,3.789167488027826103e+00,0.000000000000000000e+00,1.000000000000000000e+00
6.200000000000000000e+01,5.000000000000000000e+01,2.798799999999999955e+01,5.000000000000000000e+01,1.289507567911643093e+02,-8.187414719101663252e+01,2.923390399852324073e+00,0.000000000000000000e+00,1.000000000000000000e+00
6.300000000000000000e+01,5.000000000000000000e+01,2.831099999999999994e+01,5.000000000000000000e+01,1.281091030901314411e+02,-8.002114003736754455e+01,1.912036947236100737e+00,0.000000000000000000e+00,1.000000000000000000e+00
6.400000000000000000e+01,5.000000000000000711e+01,2.863299999999999912e+01,5.000000000000000000e+01,1.272648355577289294e+02,-7.820147813980472051e+01,9.366425820757950937e-01,0.000000000000000000e+00,1.000000000000000000e+00
6.500000000000000000e+01,5.000000000000000000e+01,2.879400000000000048e+01,5.000000000000000000e+01,1.264231818566960897e+02,-7.642459726471894044e+01,1.415408022849784508e-03,0.000000000000000000e+00,1.000000000000000000e+00
6.600000000000000000e+01,5.000000000000000000e+01,2.901999999999999957e+01,5.000000000000000000e+01,1.260023550061796556e+02,-7.555404727456708258e+01,-4.483077316125760325e-01,0.000000000000000000e+00,1.000000000000000000e+00
6.700000000000000000e+01,5.000000000000000000e+01,2.927700000000000102e+01,5.000000000000000000e+01,1.254116291166348560e+02,-7.434928695415858613e+01,-1.062342162476269891e+00,0.000000000000000000e+00,1.000000000000000000e+00
6.800000000000000000e+01,5.000000000000000711e+01,2.960000000000000142e+01,5.000000000000000000e+01,1.247398744546303533e+02,-7.300044362627346572e+01,-1.739430828356882675e+00,0.000000000000000000e+00,1.000000000000000000e+00
6.900000000000000000e+01,5.000000000000000000e+01,2.992200000000000060e+01,5.000000000000000000e+01,1.238956069222278273e+02,-7.132069513420799467e+01,-2.574911788019833114e+00,0.000000000000000000e+00,1.000000000000000000e+00
7.000000000000000000e+01,5.000000000000000000e+01,3.008299999999999841e+01,5.000000000000000000e+01,1.230539532211949876e+02,-6.967836659826463119e+01,-3.375586622930359937e+00,0.000000000000000000e+00,1.000000000000000000e+00
7.100000000000000000e+01,5.000000000000000000e+01,3.027599999999999980e+01,5.000000000000000000e+01,1.226331263706785535e+02,-6.893721330104823153e+01,-3.695913069630321512e+00,0.000000000000000000e+00,1.000000000000000000e+00
7.200000000000000000e+01,5.000000000000000711e+01,3.059900000000000020e+01,5.000000000000000000e+01,1.221286569163327869e+02,-6.803531617235951501e+01,-4.093340743973267415e+00,0.000000000000000000e+00,1.000000000000000000e+00
7.300000000000000000e+01,5.000000000000000000e+01,3.088899999999999935e+01,5.000000000000000000e+01,1.212843893839302467e+02,-6.644576252049752441e+01,-4.838626863432725855e+00,0.000000000000000000e+00,1.000000000000000000e+00
7.400000000000000000e+01,5.000000000000000000e+01,3.121099999999999852e+01,5.000000000000000000e+01,1.205263782867267537e+02,-6.506319061622755839e+01,-5.463187670499193516e+00,0.000000000000000000e+00,1.000000000000000000e+00
7.500000000000000000e+01,5.000000000000000000e+01,3.146900000000000119e+01,5.000000000000000000e+01,1.196847245856938997e+02,-6.353153223803132477e+01,-6.153192347662574946e+00,0.000000000000000000e+00,1.000000000000000000e+00
7.600000000000000000e+01,5.000000000000000000e+01,3.169399999999999906e+01,5.000000000000000000e+01,1.190103560923197392e+02,-6.237234837072425364e+01,-6.638007721595482913e+00,0.000000000000000000e+00,1.000000000000000000e+00
7.700000000000000000e+01,5.000000000000000000e+01,3.185500000000000043e+01,5.000000000000000000e+01,1.184222440341445974e+02,-6.141016578526805603e+01,-7.012078248876544073e+00,0.000000000000000000e+00,1.000000000000000000e+00
7.800000000000000000e+01,5.000000000000000000e+01,3.217799999999999727e+01,5.000000000000000000e+01,1.180014171836281633e+02,-6.080835205195239723e+01,-7.193065131675762558e+00,0.000000000000000000e+00,1.000000000000000000e+00
7.900000000000000000e+01,5.000000000000000000e+01,3.250000000000000000e+01,5.000000000000000000e+01,1.171571496512256658e+02,-5.933757063685662558e+01,-7.819579014369042014e+00,0.000000000000000000e+00,1.000000000000000000e+00
8.000000000000000000e+01,5.000000000000000000e+01,3.282200000000000273e+01,5.000000000000000000e+01,1.163154959501927976e+02,-5.789620217982825068e+01,-8.419293770364550511e+00,0.000000000000000000e+00,1.000000000000000000e+00
8.100000000000000000e+01,5.000000000000000000e+01,3.307999999999999829e+01,5.000000000000000000e+01,1.154738422491599437e+02,-5.647781301195018244e+01,-8.996029237209761220e+00,0.000000000000000000e+00,1.000000000000000000e+00
8.200000000000000000e+01,5.000000000000000000e+01,3.314500000000000313e+01,5.000000000000000000e+01,1.147994737557857974e+02,-5.542755821507030589e+01,-9.371915540715493265e+00,0.000000000000000000e+00,1.000000000000000000e+00
8.300000000000000000e+01,5.000000000000000000e+01,3.349900000000000233e+01,5.000000000000000000e+01,1.146295747167574177e+02,-5.543521981140759891e+01,-9.194354905349818807e+00,0.000000000000000000e+00,1.000000000000000000e+00
8.400000000000000000e+01,5.000000000000000000e+01,3.378900000000000148e+01,5.000000000000000000e+01,1.137042784118952028e+02,-5.387351089539733096e+01,-9.830767516497871839e+00,0.000000000000000000e+00,1.000000000000000000e+00
8.500000000000000000e+01,5.000000000000000000e+01,3.411099999999999710e+01,5.000000000000000000e+01,1.129462673146917098e+02,-5.268222300139872516e+01,-1.026404431329298106e+01,0.000000000000000000e+00,1.000000000000000000e+00
8.600000000000000000e+01,5.000000000000000000e+01,3.443399999999999750e+01,5.000000000000000000e+01,1.121046136136588558e+02,-5.133451919804161179e+01,-1.077009441561724223e+01,0.000000000000000000e+00,1.000000000000000000e+00
8.700000000000000000e+01,5.000000000000000000e+01,3.472399999999999665e+01,5.000000000000000000e+01,1.112603460812563441e+02,-5.000079892641947055e+01,-1.125954715483687529e+01,0.000000000000000000e+00,1.000000000000000000e+00
8.800000000000000000e+01,5.000000000000000000e+01,3.494899999999999807e+01,5.000000000000000000e+01,1.105023349840528368e+02,-4.886425762671958495e+01,-1.163807735733325011e+01,0.000000000000000000e+00,1.000000000000000000e+00
8.900000000000000000e+01,5.000000000000000000e+01,3.510999999999999943e+01,5.000000000000000000e+01,1.099142229258776950e+02,-4.809366286661298062e+01,-1.182056005926471443e+01,0.000000000000000000e+00,1.000000000000000000e+00
9.000000000000000000e+01,5.000000000000000000e+01,3.539999999999999858e+01,5.000000000000000000e+01,1.094933960753612752e+02,-4.767609588192276249e+01,-1.181730019343851446e+01,0.000000000000000000e+00,1.000000000000000000e+00
9.100000000000000000e+01,5.000000000000000000e+01,3.572299999999999898e+01,5.000000000000000000e+01,1.087353849781577679e+02,-4.656092602292923743e+01,-1.217445895522853405e+01,0.000000000000000000e+00,1.000000000000000000e+00
9.200000000000000000e+01,5.000000000000000000e+01,3.604500000000000171e+01,5.000000000000000000e+01,1.078911174457552420e+02,-4.528101683150066492e+01,-1.261010061425457884e+01,0.000000000000000000e+00,1.000000000000000000e+00
9.300000000000000000e+01,5.000000000000000000e+01,3.620600000000000307e+01,5.000000000000000000e+01,1.070494637447223738e+02,-4.402320694114751376e+01,-1.302625680357486004e+01,0.000000000000000000e+00,1.000000000000000000e+00
9.400000000000000000e+01,5.000000000000000000e+01,3.649600000000000222e+01,5.000000000000000000e+01,1.066286368942059539e+02,-4.365183867649560057e+01,-1.297679821771035691e+01,0.000000000000000000e+00,1.000000000000000000e+00
9.500000000000000000e+01,5.000000000000000000e+01,3.668900000000000006e+01,5.000000000000000000e+01,1.058706257970024467e+02,-4.258109733973296329e+01,-1.328952845726948162e+01,0.000000000000000000e+00,1.000000000000000000e+00
9.600000000000000000e+01,5.000000000000000000e+01,3.701200000000000045e+01,5.000000000000000000e+01,1.053661563426566801e+02,-4.204679907331230027e+01,-1.331935726934437803e+01,0.000000000000000000e+00,1.000000000000000000e+00
9.700000000000000000e+01,5.000000000000000000e+01,3.733400000000000318e+01,5.000000000000000000e+01,1.045218888102541541e+02,-4.081075898656181522e+01,-1.371112982369234068e+01,0.000000000000000000e+00,1.000000000000000000e+00
9.800000000000000000e+01,5.000000000000000000e+01,3.765599999999999881e+01,5.000000000000000000e+01,1.036802351092212859e+02,-3.959513726702429892e+01,-1.408509784219699057e+01,0.000000000000000000e+00,1.000000000000000000e+00
9.900000000000000000e+01,5.000000000000000000e+01,3.778499999999999659e+01,5.000000000000000000e+01,1.028385814081884462e+02,-3.839384489180305593e+01,-1.444473651638539025e+01,0.000000000000000000e+00,1.000000000000000000e+00
1.000000000000000000e+02,5.000000000000000000e+01,3.807500000000000284e+01,5.000000000000000000e+01,1.025013971615013730e+02,-3.824984634887590573e+01,-1.425155081262546730e+01,0.000000000000000000e+00,1.000000000000000000e+00
1.010000000000000000e+02,5.000000000000000000e+01,3.830100000000000193e+01,5.000000000000000000e+01,1.017433860642978516e+02,-3.722794974734911477e+01,-1.451543631694874037e+01,0.000000000000000000e+00,1.000000000000000000e+00
1.020000000000000000e+02,5.000000000000000000e+01,3.862299999999999756e+01,5.000000000000000000e+01,1.011526601747530520e+02,-3.656220003497588777e+01,-1.459046013977716250e+01,0.000000000000000000e+00,1.000000000000000000e+00
1.030000000000000000e+02,5.000000000000000000e+01,3.894500000000000028e+01,5.000000000000000000e+01,1.003110064737202123e+02,-3.538027164279101555e+01,-1.493073483092919851e+01,0.000000000000000000e+00,1.000000000000000000e+00
1.040000000000000000e+02,5.000000000000000000e+01,3.913900000000000290e+01,5.000000000000000000e+01,9.946935277268734410e+01,-3.421138156663940322e+01,-1.525797120604794088e+01,0.000000000000000000e+00,1.000000000000000000e+00
1.050000000000000000e+02,5.000000000000000000e+01,3.936399999999999721e+01,5.000000000000000000e+01,9.896226948697189130e+01,-3.374710137694059142e+01,-1.521516811003130343e+01,0.000000000000000000e+00,1.000000000000000000e+00
1.060000000000000000e+02,5.000000000000000000e+01,3.959000000000000341e+01,5.000000000000000000e+01,9.837415742879677794e+01,-3.311357011560797048e+01,-1.526058731318880390e+01,0.000000000000000000e+00,1.000000000000000000e+00
1.070000000000000000e+02,5.000000000000000711e+01,3.994400000000000261e+01,5.000000000000000000e+01,9.778343153925196418e+01,-3.247637237737250615e+01,-1.530705916187945803e+01,0.000000000000000000e+00,1.000000000000000000e+00
1.080000000000000000e+02,5.000000000000000000e+01,4.023400000000000176e+01,5.000000000000000000e+01,9.685813523438974926e+01,-3.114888414243900172e+01,-1.570925109195074754e+01,0.000000000000000000e+00,1.000000000000000000e+00
1.090000000000000000e+02,5.000000000000000711e+01,4.052400000000000091e+01,5.000000000000000000e+01,9.610012413718625623e+01,-3.018284228832043681e+01,-1.591728184886582120e+01,0.000000000000000000e+00,1.000000000000000000e+00
1.100000000000000000e+02,5.000000000000000000e+01,4.062100000000000222e+01,5.000000000000000000e+01,9.534211303998274900e+01,-2.922477155525151105e+01,-1.611734148473123795e+01,0.000000000000000000e+00,1.000000000000000000e+00
1.110000000000000000e+02,5.000000000000000711e+01,4.087899999999999778e+01,5.000000000000000000e+01,9.508857139712502260e+01,-2.931788005945082176e+01,-1.577069133767419906e+01,0.000000000000000000e+00,1.000000000000000000e+00
1.120000000000000000e+02,5.000000000000000000e+01,4.120100000000000051e+01,5.000000000000000000e+01,9.441420290375089053e+01,-2.852721020315445344e+01,-1.588699270059643887e+01,0.000000000000000000e+00,1.000000000000000000e+00
1.130000000000000000e+02,4.999999999999999289e+01,4.152300000000000324e+01,5.000000000000000000e+01,9.357254920271802234e+01,-2.739496108984334199e+01,-1.617758811287468035e+01,0.000000000000000000e+00,1.000000000000000000e+00
1.140000000000000000e+02,5.000000000000000711e+01,4.178099999999999881e+01,5.000000000000000000e+01,9.273089550168515416e+01,-2.627384673007586713e+01,-1.645704877160928703e+01,0.000000000000000000e+00,1.000000000000000000e+00
1.150000000000000000e+02,5.000000000000000000e+01,4.190999999999999659e+01,5.000000000000000000e+01,9.205652700831102209e+01,-2.550947605314297562e+01,-1.654705095516804647e+01,0.000000000000000000e+00,1.000000000000000000e+00
1.160000000000000000e+02,4.999999999999999289e+01,4.216799999999999926e+01,5.000000000000000000e+01,9.171934276162394895e+01,-2.544603195862762135e+01,-1.627331080299632760e+01,0.000000000000000000e+00,1.000000000000000000e+00
1.170000000000000000e+02,5.000000000000000000e+01,4.249000000000000199e+01,5.000000000000000000e+01,9.104497426824978845e+01,-2.467462098817774674e+01,-1.637035328007204171e+01,0.000000000000000000e+00,1.000000000000000000e+00
1.180000000000000000e+02,5.000000000000000000e+01,4.271600000000000108e+01,5.000000000000000000e+01,9.020332056721693448e+01,-2.356089281737904173e+01,-1.664242774983789275e+01,0.000000000000000000e+00,1.000000000000000000e+00
1.190000000000000000e+02,5.000000000000000000e+01,4.281300000000000239e+01,5.000000000000000000e+01,8.961259467767213494e+01,-2.297664310257621878e+01,-1.663595157509591616e+01,0.000000000000000000e+00,1.000000000000000000e+00
1.200000000000000000e+02,5.000000000000000000e+01,4.313499999999999801e+01,5.000000000000000000e+01,8.935905303481440853e+01,-2.308962320590430650e+01,-1.626942982891010203e+01,0.000000000000000000e+00,1.000000000000000000e+00
1.210000000000000000e+02,5.000000000000000000e+01,4.345700000000000074e+01,5.000000000000000000e+01,8.851739933378155456e+01,-2.197202794805613379e+01,-1.654537138572542077e+01,0.000000000000000000e+00,1.000000000000000000e+00
1.220000000000000000e+02,5.000000000000000000e+01,4.371500000000000341e+01,5.000000000000000000e+01,8.767574563274870059e+01,-2.086500595151133908e+01,-1.681073968123736151e+01,0.000000000000000000e+00,1.000000000000000000e+00
1.230000000000000000e+02,5.000000000000000000e+01,4.377900000000000347e+01,5.000000000000000000e+01,8.700137713937454009e+01,-2.011418766027663807e+01,-1.688718947909790202e+01,0.000000000000000000e+00,1.000000000000000000e+00
1.240000000000000000e+02,5.000000000000000000e+01,4.410199999999999676e+01,5.000000000000000000e+01,8.683409193171583240e+01,-2.041521905020054817e+01,-1.641887288151528423e+01,0.000000000000000000e+00,1.000000000000000000e+00
1.250000000000000000e+02,5.000000000000000000e+01,4.442399999999999949e+01,5.000000000000000000e+01,8.598982439931333488e+01,-1.929794320055764345e+01,-1.669188119875569143e+01,0.000000000000000000e+00,1.000000000000000000e+00
1.260000000000000000e+02,5.000000000000000000e+01,4.458500000000000085e+01,5.000000000000000000e+01,8.514817069828046669e+01,-1.819653502512248622e+01,-1.695163567315798048e+01,0.000000000000000000e+00,1.000000000000000000e+00
1.270000000000000000e+02,5.000000000000000000e+01,4.474600000000000222e+01,5.000000000000000000e+01,8.472734384776403260e+01,-1.797557562596343317e+01,-1.675176822180059943e+01,0.000000000000000000e+00,1.000000000000000000e+00
1.280000000000000000e+02,5.000000000000000000e+01,4.506799999999999784e+01,5.000000000000000000e+01,8.430651699724759851e+01,-1.774695789939029211e+01,-1.655955909785730640e+01,0.000000000000000000e+00,1.000000000000000000e+00
1.290000000000000000e+02,5.000000000000000000e+01,4.539099999999999824e+01,5.000000000000000000e+01,8.346486329621475875e+01,-1.664047953385710699e+01,-1.682438376235765176e+01,0.000000000000000000e+00,1.000000000000000000e+00
1.300000000000000000e+02,5.000000000000000711e+01,4.552000000000000313e+01,5.000000000000000000e+01,8.262059576381223280e+01,-1.553874165737774860e+01,-1.708185410643448421e+01,0.000000000000000000e+00,1.000000000000000000e+00
1.310000000000000000e+02,5.000000000000000711e+01,4.571300000000000097e+01,5.000000000000000000e+01,8.228341151712514545e+01,-1.549578963201454229e+01,-1.678762188511060316e+01,0.000000000000000000e+00,1.000000000000000000e+00
1.320000000000000000e+02,5.000000000000000000e+01,4.603499999999999659e+01,5.000000000000000000e+01,8.177894206277936462e+01,-1.509552792138893551e+01,-1.668341414139042911e+01,0.000000000000000000e+00,1.000000000000000000e+00
1.330000000000000000e+02,5.000000000000000000e+01,4.616400000000000148e+01,5.000000000000000000e+01,8.093728836174652486e+01,-1.399379531345070404e+01,-1.694349304829582081e+01,0.000000000000000000e+00,1.000000000000000000e+00
1.340000000000000000e+02,5.000000000000000000e+01,4.639000000000000057e+01,5.000000000000000000e+01,8.060010411505943750e+01,-1.394554170307508301e+01,-1.665456241198435450e+01,0.000000000000000000e+00,1.000000000000000000e+00
1.350000000000000000e+02,5.000000000000000000e+01,4.667999999999999972e+01,5.000000000000000000e+01,8.000937822551463796e+01,-1.336175695250303264e+01,-1.664762127301160533e+01,0.000000000000000000e+00,1.000000000000000000e+00
1.360000000000000000e+02,5.000000000000000000e+01,4.690500000000000114e+01,5.000000000000000000e+01,7.925136712831114494e+01,-1.243167065809855387e+01,-1.681969647021259107e+01,0.000000000000000000e+00,1.000000000000000000e+00
1.370000000000000000e+02,5.000000000000000000e+01,4.706600000000000250e+01,5.000000000000000000e+01,7.866325507013600316e+01,-1.185962016036200239e+01,-1.680363490977400076e+01,0.000000000000000000e+00,1.000000000000000000e+00
1.380000000000000000e+02,5.000000000000000000e+01,4.732399999999999807e+01,5.000000000000000000e+01,7.824242821961956906e+01,-1.163298981130174070e+01,-1.660943840831782836e+01,0.000000000000000000e+00,1.000000000000000000e+00
1.390000000000000000e+02,5.000000000000000000e+01,4.764600000000000080e+01,5.000000000000000000e+01,7.756805972624543699e+01,-1.087445825286714296e+01,-1.669360147337829403e+01,0.000000000000000000e+00,1.000000000000000000e+00
1.400000000000000000e+02,5.000000000000000000e+01,4.767900000000000205e+01,5.000000000000000000e+01,7.672640602521256881e+01,-9.773115993248755018e+00,-1.695329003196381379e+01,0.000000000000000000e+00,1.000000000000000000e+00
1.410000000000000000e+02,5.000000000000000000e+01,4.796900000000000119e+01,5.000000000000000000e+01,7.664014959001355010e+01,-1.024429114419268316e+01,-1.639585844582086693e+01,0.000000000000000000e+00,1.000000000000000000e+00
1.420000000000000000e+02,5.000000000000000000e+01,4.816199999999999903e+01,5.000000000000000000e+01,7.588213849281004286e+01,-9.304558045627583596e+00,-1.657758044718245927e+01,0.000000000000000000e+00,1.000000000000000000e+00
1.430000000000000000e+02,5.000000000000000000e+01,4.829099999999999682e+01,5.000000000000000000e+01,7.537766903846427624e+01,-8.896248170624772911e+00,-1.648142086783950333e+01,0.000000000000000000e+00,1.000000000000000000e+00
1.440000000000000000e+02,5.000000000000000000e+01,4.861299999999999955e+01,5.000000000000000000e+01,7.504048479177720310e+01,-8.830289325990960947e+00,-1.621019546578624215e+01,0.000000000000000000e+00,1.000000000000000000e+00
1.450000000000000000e+02,5.000000000000000000e+01,4.883899999999999864e+01,5.000000000000000000e+01,7.419883109074433492e+01,-7.710424383189618425e+00,-1.648840670755471649e+01,0.000000000000000000e+00,1.000000000000000000e+00
1.460000000000000000e+02,5.000000000000000000e+01,4.900000000000000000e+01,5.000000000000000000e+01,7.360810520119953537e+01,-7.120273039269832793e+00,-1.648783216192970258e+01,0.000000000000000000e+00,1.000000000000000000e+00
1.470000000000000000e+02,5.000000000000000000e+01,4.925800000000000267e+01,5.000000000000000000e+01,7.318727835068311549e+01,-6.881542066396974633e+00,-1.630573628428614086e+01,0.000000000000000000e+00,1.000000000000000000e+00
1.480000000000000000e+02,5.000000000000000000e+01,4.954800000000000182e+01,5.000000000000000000e+01,7.251290985730895500e+01,-6.111373544132586488e+00,-1.640153631317636851e+01,0.000000000000000000e+00,1.000000000000000000e+00
1.490000000000000000e+02,5.000000000000000000e+01,4.964500000000000313e+01,5.000000000000000000e+01,7.175489876010544776e+01,-5.171858004589363844e+00,-1.658304075551608392e+01,0.000000000000000000e+00,1.000000000000000000e+00
1.500000000000000000e+02,5.000000000000000711e+01,4.990200000000000102e+01,5.000000000000000000e+01,7.150135711724772136e+01,-5.282810722380993695e+00,-1.621854639486672767e+01,0.000000000000000000e+00,1.000000000000000000e+00
1.510000000000000000e+02,4.999999999999999289e+01,5.019200000000000017e+01,5.000000000000000000e+01,7.082960245524324705e+01,-4.514708148321368242e+00,-1.631489430692187881e+01,0.000000000000000000e+00,1.000000000000000000e+00
1.520000000000000000e+02,5.000000000000000000e+01,5.022500000000000142e+01,5.000000000000000000e+01,7.007159135803973982e+01,-3.571872744301941793e+00,-1.649971861373779802e+01,0.000000000000000000e+00,1.000000000000000000e+00
1.530000000000000000e+02,5.000000000000000711e+01,5.054699999999999704e+01,5.000000000000000000e+01,6.998533492284072111e+01,-4.025668384961141655e+00,-1.595966653787957945e+01,0.000000000000000000e+00,1.000000000000000000e+00
1.540000000000000000e+02,5.000000000000000000e+01,5.061099999999999710e+01,5.000000000000000000e+01,6.914368122180788134e+01,-2.896203917356885427e+00,-1.624747730445099592e+01,0.000000000000000000e+00,1.000000000000000000e+00
1.550000000000000000e+02,5.000000000000000000e+01,5.086899999999999977e+01,5.000000000000000000e+01,6.897639601414917365e+01,-3.172723435783193935e+00,-1.580367257836597972e+01,0.000000000000000000e+00,1.000000000000000000e+00
1.560000000000000000e+02,5.000000000000000000e+01,5.112700000000000244e+01,5.000000000000000000e+01,6.830202752077501316e+01,-2.383317322722730225e+00,-1.591871019805228293e+01,0.000000000000000000e+00,1.000000000000000000e+00
1.570000000000000000e+02,5.000000000000000000e+01,5.122399999999999665e+01,5.000000000000000000e+01,6.762765902740085266e+01,-1.598319109750608646e+00,-1.602933991765024402e+01,0.000000000000000000e+00,1.000000000000000000e+00
1.580000000000000000e+02,5.000000000000000711e+01,5.151400000000000290e+01,5.000000000000000000e+01,6.737411738454314047e+01,-1.688055655138844813e+00,-1.568606172940429566e+01,0.000000000000000000e+00,1.000000000000000000e+00
1.590000000000000000e+02,5.000000000000000000e+01,5.173899999999999721e+01,5.000000000000000000e+01,6.661610628733963324e+01,-7.211252534868712871e-01,-1.589498103385276195e+01,0.000000000000000000e+00,1.000000000000000000e+00
1.600000000000000000e+02,5.000000000000000000e+01,5.183599999999999852e+01,5.000000000000000000e+01,6.602799422916450567e+01,-1.136424053180498106e-01,-1.591435182384645586e+01,0.000000000000000000e+00,1.000000000000000000e+00
1.610000000000000000e+02,5.000000000000000711e+01,5.215800000000000125e+01,5.000000000000000000e+01,6.577445258630677927e+01,-1.989729483027034007e-01,-1.557547963800407587e+01,0.000000000000000000e+00,1.000000000000000000e+00
1.620000000000000000e+02,5.000000000000000711e+01,5.231900000000000261e+01,5.000000000000000000e+01,6.493279888527392529e+01,9.452124208164107699e-01,-1.587801130609033606e+01,0.000000000000000000e+00,1.000000000000000000e+00
1.630000000000000000e+02,4.999999999999999289e+01,5.247999999999999687e+01,5.000000000000000000e+01,6.451197203475749120e+01,1.207309918584861919e+00,-1.571928195334235312e+01,0.000000000000000000e+00,1.000000000000000000e+00
1.640000000000000000e+02,5.000000000000000000e+01,5.273799999999999955e+01,5.000000000000000000e+01,6.409114518424107132e+01,1.475489453950270757e+00,-1.556663463819134208e+01,0.000000000000000000e+00,1.000000000000000000e+00
1.650000000000000000e+02,5.000000000000000000e+01,5.280299999999999727e+01,5.000000000000000000e+01,6.341677669086691793e+01,2.273978157212834361e+00,-1.569075484807975229e+01,0.000000000000000000e+00,1.000000000000000000e+00
1.660000000000000000e+02,5.000000000000000000e+01,5.309300000000000352e+01,5.000000000000000000e+01,6.324687765183855248e+01,2.024197396578538033e+00,-1.527107504841709051e+01,0.000000000000000000e+00,1.000000000000000000e+00
1.670000000000000000e+02,4.999999999999999289e+01,5.312500000000000000e+01,5.000000000000000000e+01,6.248886655463503104e+01,3.007028855926023425e+00,-1.549589541056105446e+01,0.000000000000000000e+00,1.000000000000000000e+00
1.680000000000000000e+02,5.000000000000000000e+01,5.344700000000000273e+01,5.000000000000000000e+01,6.240522395080568430e+01,2.586289934548654301e+00,-1.499151388535433860e+01,0.000000000000000000e+00,1.000000000000000000e+00
1.690000000000000000e+02,5.000000000000000000e+01,5.344700000000000273e+01,5.000000000000000000e+01,6.156357024977282322e+01,3.752851137761993527e+00,-1.531642138753481674e+01,0.000000000000000000e+00,1.000000000000000000e+00
1.700000000000000000e+02,5.000000000000000000e+01,5.377000000000000313e+01,5.000000000000000000e+01,6.156357024977282322e+01,3.165971338168386495e+00,-1.472954158794120971e+01,0.000000000000000000e+00,1.000000000000000000e+00
1.710000000000000000e+02,5.000000000000000000e+01,5.393099999999999739e+01,5.000000000000000000e+01,6.071930271737029727e+01,4.347977348071022874e+00,-1.506728006544132015e+01,0.000000000000000000e+00,1.000000000000000000e+00
1.720000000000000000e+02,4.999999999999999289e+01,5.409199999999999875e+01,5.000000000000000000e+01,6.029847586685388450e+01,4.641139660262965094e+00,-1.493961552711684959e+01,0.000000000000000000e+00,1.000000000000000000e+00
1.730000000000000000e+02,5.000000000000000000e+01,5.422099999999999653e+01,5.000000000000000000e+01,5.987764901633745751e+01,4.939193698581517467e+00,-1.481684271491897498e+01,0.000000000000000000e+00,1.000000000000000000e+00
1.740000000000000000e+02,5.000000000000000000e+01,5.441400000000000148e+01,5.000000000000000000e+01,5.954046476965038437e+01,5.068934236606775556e+00,-1.460939900625715993e+01,0.000000000000000000e+00,1.000000000000000000e+00
1.750000000000000000e+02,5.000000000000000000e+01,5.467199999999999704e+01,5.000000000000000000e+01,5.903599531530459643e+01,5.552658981727667253e+00,-1.458865429703226368e+01,0.000000000000000000e+00,1.000000000000000000e+00
1.760000000000000000e+02,5.000000000000000000e+01,5.473599999999999710e+01,5.000000000000000000e+01,5.836162682193045015e+01,6.388620988453443061e+00,-1.475024781038389321e+01,0.000000000000000000e+00,1.000000000000000000e+00
1.770000000000000000e+02,5.000000000000000000e+01,5.505899999999999750e+01,5.000000000000000000e+01,5.819434161427174956e+01,6.169470859598691348e+00,-1.436381247387044091e+01,0.000000000000000000e+00,1.000000000000000000e+00
1.780000000000000000e+02,4.999999999999999289e+01,5.509100000000000108e+01,5.000000000000000000e+01,5.735007408186922362e+01,7.365490523457472349e+00,-1.471556460532669597e+01,0.000000000000000000e+00,1.000000000000000000e+00
1.790000000000000000e+02,4.999999999999999289e+01,5.538100000000000023e+01,5.000000000000000000e+01,5.726643147803986267e+01,6.974651562064613231e+00,-1.424108304010447590e+01,0.000000000000000000e+00,1.000000000000000000e+00
1.800000000000000000e+02,5.000000000000000000e+01,5.544500000000000028e+01,5.000000000000000000e+01,5.650842038083636254e+01,7.996949257559979429e+00,-1.450536963839634197e+01,0.000000000000000000e+00,1.000000000000000000e+00
1.810000000000000000e+02,5.000000000000000711e+01,5.570300000000000296e+01,5.000000000000000000e+01,5.634113517317765485e+01,7.787182133316081334e+00,-1.412831730649373618e+01,0.000000000000000000e+00,1.000000000000000000e+00
1.820000000000000000e+02,4.999999999999999289e+01,5.599300000000000210e+01,5.000000000000000000e+01,5.566676667980350146e+01,8.640782886973504162e+00,-1.430754956677700562e+01,0.000000000000000000e+00,1.000000000000000000e+00
1.830000000000000000e+02,4.999999999999999289e+01,5.602499999999999858e+01,5.000000000000000000e+01,5.490875558260000133e+01,9.660533782477783049e+00,-1.456928936507778438e+01,0.000000000000000000e+00,1.000000000000000000e+00
1.840000000000000000e+02,4.999999999999999289e+01,5.631499999999999773e+01,5.000000000000000000e+01,5.482511297877065459e+01,9.275299654061910815e+00,-1.410041263283256541e+01,0.000000000000000000e+00,1.000000000000000000e+00
1.850000000000000000e+02,5.000000000000000000e+01,5.634799999999999898e+01,5.000000000000000000e+01,5.406710188156715446e+01,1.030298742197299688e+01,-1.437008930354015135e+01,0.000000000000000000e+00,1.000000000000000000e+00
1.860000000000000000e+02,5.000000000000000000e+01,5.663799999999999812e+01,5.000000000000000000e+01,5.398084544636812865e+01,9.930792854511922840e+00,-1.391163830088005149e+01,0.000000000000000000e+00,1.000000000000000000e+00
1.870000000000000000e+02,5.000000000000000000e+01,5.667000000000000171e+01,5.000000000000000000e+01,5.322283434916462852e+01,1.096571389443228384e+01,-1.418854824359691236e+01,0.000000000000000000e+00,1.000000000000000000e+00
1.880000000000000000e+02,5.000000000000000000e+01,5.696000000000000085e+01,5.000000000000000000e+01,5.313919174533526757e+01,1.059506863553224321e+01,-1.373426038086751078e+01,0.000000000000000000e+00,1.000000000000000000e+00
1.890000000000000000e+02,5.000000000000000000e+01,5.699199999999999733e+01,5.000000000000000000e+01,5.238118064813176744e+01,1.163678627078746430e+01,-1.401796691891923174e+01,0.000000000000000000e+00,1.000000000000000000e+00
1.900000000000000000e+02,5.000000000000000000e+01,5.731400000000000006e+01,5.000000000000000000e+01,5.229753804430242070e+01,1.127267718186523737e+01,-1.357021522616765807e+01,0.000000000000000000e+00,1.000000000000000000e+00
1.910000000000000000e+02,5.000000000000000000e+01,5.731400000000000006e+01,5.000000000000000000e+01,5.145588434326955962e+01,1.249369833046405631e+01,-1.394958267373361593e+01,0.000000000000000000e+00,1.000000000000000000e+00
1.920000000000000000e+02,5.000000000000000000e+01,5.753999999999999915e+01,5.000000000000000000e+01,5.145588434326955962e+01,1.195919173281730075e+01,-1.341507607608686037e+01,0.000000000000000000e+00,1.000000000000000000e+00
1.930000000000000000e+02,5.000000000000000000e+01,5.763700000000000045e+01,5.000000000000000000e+01,5.086515845372476718e+01,1.266710398311620622e+01,-1.353226243684097341e+01,0.000000000000000000e+00,1.000000000000000000e+00
1.940000000000000000e+02,5.000000000000000000e+01,5.789500000000000313e+01,5.000000000000000000e+01,5.061161681086703368e+01,1.267304803402577029e+01,-1.328466484489280397e+01,0.000000000000000000e+00,1.000000000000000000e+00
1.950000000000000000e+02,5.000000000000000000e+01,5.795900000000000318e+01,5.000000000000000000e+01,4.993724831749288029e+01,1.355897504556442001e+01,-1.349622336305730030e+01,0.000000000000000000e+00,1.000000000000000000e+00
1.960000000000000000e+02,5.000000000000000000e+01,5.815200000000000102e+01,5.000000000000000000e+01,4.976996310983417260e+01,1.338787541086306021e+01,-1.315783852069723281e+01,0.000000000000000000e+00,1.000000000000000000e+00
1.970000000000000000e+02,5.000000000000000000e+01,5.828099999999999881e+01,5.000000000000000000e+01,4.926549365548839887e+01,1.392721964472145757e+01,-1.319271330020985644e+01,0.000000000000000000e+00,1.000000000000000000e+00
1.980000000000000000e+02,5.000000000000000000e+01,5.828099999999999881e+01,5.000000000000000000e+01,4.892830940880133284e+01,1.411919200056508572e+01,-1.304750140936641856e+01,0.000000000000000000e+00,1.000000000000000000e+00
1.990000000000000000e+02,5.000000000000000000e+01,5.860399999999999920e+01,5.000000000000000000e+01,4.892830940880133284e+01,1.361925047907115882e+01,-1.254755988787249166e+01,0.000000000000000000e+00,1.000000000000000000e+00
2.000000000000000000e+02,5.000000000000000000e+01,5.860399999999999920e+01,5.000000000000000000e+01,4.808404187639880689e+01,1.488486355033967179e+01,-1.296890542673847868e+01,0.000000000000000000e+00,1.000000000000000000e+00
2.010000000000000000e+02,5.000000000000000000e+01,5.882900000000000063e+01,5.000000000000000000e+01,4.808404187639880689e+01,1.438793359358182045e+01,-1.247197546998062734e+01,0.000000000000000000e+00,1.000000000000000000e+00
2.020000000000000000e+02,5.000000000000000000e+01,5.892600000000000193e+01,5.000000000000000000e+01,4.749592981822367221e+01,1.512657585350255474e+01,-1.262250567172622695e+01,0.000000000000000000e+00,1.000000000000000000e+00
2.030000000000000000e+02,5.000000000000000000e+01,5.918399999999999750e+01,5.000000000000000000e+01,4.724238817536594581e+01,1.516737908296827264e+01,-1.240976725833421845e+01,0.000000000000000000e+00,1.000000000000000000e+00
2.040000000000000000e+02,5.000000000000000000e+01,5.924799999999999756e+01,5.000000000000000000e+01,4.656801968199179953e+01,1.608682957282294268e+01,-1.265484925481474043e+01,0.000000000000000000e+00,1.000000000000000000e+00
2.050000000000000000e+02,5.000000000000000000e+01,5.937700000000000244e+01,5.000000000000000000e+01,4.640073447433309894e+01,1.594796889626557679e+01,-1.234870337059867573e+01,0.000000000000000000e+00,1.000000000000000000e+00
2.060000000000000000e+02,5.000000000000000000e+01,5.957000000000000028e+01,5.000000000000000000e+01,4.606355022764601159e+01,1.617228120710345252e+01,-1.223583143474946588e+01,0.000000000000000000e+00,1.000000000000000000e+00
2.070000000000000000e+02,5.000000000000000000e+01,5.973100000000000165e+01,5.000000000000000000e+01,4.555908077330023787e+01,1.674695401544631324e+01,-1.230603478874655110e+01,0.000000000000000000e+00,1.000000000000000000e+00
2.080000000000000000e+02,5.000000000000000000e+01,5.989300000000000068e+01,5.000000000000000000e+01,4.513825392278380377e+01,1.714591904967193159e+01,-1.228417297245573714e+01,0.000000000000000000e+00,1.000000000000000000e+00
2.090000000000000000e+02,5.000000000000000000e+01,5.998899999999999721e+01,5.000000000000000000e+01,4.471481324089771192e+01,1.755112856973669722e+01,-1.226594181063440736e+01,0.000000000000000000e+00,1.000000000000000000e+00
2.100000000000000000e+02,5.000000000000000000e+01,6.021500000000000341e+01,5.000000000000000000e+01,4.446388542940966460e+01,1.760018746193475891e+01,-1.206407289134442173e+01,0.000000000000000000e+00,1.000000000000000000e+00
2.110000000000000000e+02,5.000000000000000000e+01,6.027900000000000347e+01,5.000000000000000000e+01,4.387315953986485084e+01,1.835986614371601178e+01,-1.223302568358086084e+01,0.000000000000000000e+00,1.000000000000000000e+00
2.120000000000000000e+02,5.000000000000000000e+01,6.050500000000000256e+01,5.000000000000000000e+01,4.370587433220614315e+01,1.823716849419257002e+01,-1.194304282639871317e+01,0.000000000000000000e+00,1.000000000000000000e+00
2.130000000000000000e+02,5.000000000000000000e+01,6.053699999999999903e+01,5.000000000000000000e+01,4.311514844266134361e+01,1.900148468877543806e+01,-1.211663313143678167e+01,0.000000000000000000e+00,1.000000000000000000e+00
2.140000000000000000e+02,5.000000000000000000e+01,6.076299999999999812e+01,5.000000000000000000e+01,4.303150583883200397e+01,1.871022906633372074e+01,-1.174173490516572471e+01,0.000000000000000000e+00,1.000000000000000000e+00
2.150000000000000000e+02,5.000000000000000000e+01,6.085900000000000176e+01,5.000000000000000000e+01,4.244077994928720443e+01,1.948225878286016410e+01,-1.192303873214737031e+01,0.000000000000000000e+00,1.000000000000000000e+00
2.160000000000000000e+02,5.000000000000000000e+01,6.098799999999999955e+01,5.000000000000000000e+01,4.218985213779914289e+01,1.954445670309168293e+01,-1.173430884089082404e+01,0.000000000000000000e+00,1.000000000000000000e+00
2.170000000000000000e+02,5.000000000000000000e+01,6.118200000000000216e+01,5.000000000000000000e+01,4.185266789111206975e+01,1.979231078843044145e+01,-1.164497867954251120e+01,0.000000000000000000e+00,1.000000000000000000e+00
2.180000000000000000e+02,5.000000000000000000e+01,6.121399999999999864e+01,5.000000000000000000e+01,4.134558460539661695e+01,2.039503012629831602e+01,-1.174061473169493475e+01,0.000000000000000000e+00,1.000000000000000000e+00
2.190000000000000000e+02,5.000000000000000000e+01,6.137500000000000000e+01,5.000000000000000000e+01,4.126194200156727732e+01,2.011818241269512342e+01,-1.138012441426240073e+01,0.000000000000000000e+00,1.000000000000000000e+00
2.200000000000000000e+02,5.000000000000000000e+01,6.150399999999999778e+01,5.000000000000000000e+01,4.084111515105084322e+01,2.055262558383470406e+01,-1.139374073488554906e+01,0.000000000000000000e+00,1.000000000000000000e+00
2.210000000000000000e+02,5.000000000000000000e+01,6.153600000000000136e+01,5.000000000000000000e+01,4.050393090436377008e+01,2.081352922799293026e+01,-1.131746013235670212e+01,0.000000000000000000e+00,1.000000000000000000e+00
2.220000000000000000e+02,5.000000000000000000e+01,6.182600000000000051e+01,5.000000000000000000e+01,4.042028830053440913e+01,2.055289554246939332e+01,-1.097318384300380423e+01,0.000000000000000000e+00,1.000000000000000000e+00
2.230000000000000000e+02,5.000000000000000000e+01,6.182600000000000051e+01,5.000000000000000000e+01,3.966227720333090900e+01,2.170040943418716495e+01,-1.136268663751807217e+01,0.000000000000000000e+00,1.000000000000000000e+00
2.240000000000000000e+02,5.000000000000000000e+01,6.208400000000000318e+01,5.000000000000000000e+01,3.966227720333090900e+01,2.126502501324803518e+01,-1.092730221657894241e+01,0.000000000000000000e+00,1.000000000000000000e+00
2.250000000000000000e+02,4.925865834649933817e+01,6.214800000000000324e+01,5.000000000000000000e+01,3.898790870995674851e+01,2.149993750919046320e+01,-1.122918787264787532e+01,0.000000000000000000e+00,0.000000000000000000e+00
2.260000000000000000e+02,4.957679646925260641e+01,6.218099999999999739e+01,5.000000000000000000e+01,3.882062350229804792e+01,2.173384206736536939e+01,-1.097766910041081267e+01,0.000000000000000000e+00,0.000000000000000000e+00
2.270000000000000000e+02,5.005238840545402468e+01,6.243800000000000239e+01,5.000000000000000000e+01,3.873436706709904342e+01,2.196722690762889840e+01,-1.064920556927391537e+01,0.000000000000000000e+00,0.000000000000000000e+00
2.280000000000000000e+02,4.930022256414073212e+01,6.250300000000000011e+01,5.000000000000000000e+01,3.806261240509454780e+01,2.219656424779473625e+01,-1.095895408874855015e+01,0.000000000000000000e+00,0.000000000000000000e+00
2.290000000000000000e+02,4.959700841976321328e+01,6.260000000000000142e+01,5.000000000000000000e+01,3.789271336606618235e+01,2.242487790116543778e+01,-1.072058284746841039e+01,0.000000000000000000e+00,0.000000000000000000e+00
2.300000000000000000e+02,4.971011515136815007e+01,6.279299999999999926e+01,5.000000000000000000e+01,3.763917172320845594e+01,2.265166389885724030e+01,-1.058072047069754973e+01,0.000000000000000000e+00,0.000000000000000000e+00
2.310000000000000000e+02,4.929576983956883396e+01,6.279299999999999926e+01,5.000000000000000000e+01,3.713470226886267511e+01,2.287541033421886993e+01,-1.071434276351271286e+01,0.000000000000000000e+00,0.000000000000000000e+00
2.320000000000000000e+02,4.993005808327643535e+01,6.308299999999999841e+01,5.000000000000000000e+01,3.713470226886267511e+01,2.309915676958049957e+01,-1.030380095516673578e+01,0.000000000000000000e+00,0.000000000000000000e+00
2.330000000000000000e+02,4.897607464376397957e+01,6.311500000000000199e+01,5.000000000000000000e+01,3.637669117165917498e+01,2.331833598693305731e+01,-1.071895251482825451e+01,0.000000000000000000e+00,0.000000000000000000e+00
2.340000000000000000e+02,4.943245054256858850e+01,6.311500000000000199e+01,5.000000000000000000e+01,3.629304856782981403e+01,2.353701123540185591e+01,-1.039760926066308144e+01,0.000000000000000000e+00,0.000000000000000000e+00
2.350000000000000000e+02,5.004953131180197090e+01,6.337299999999999756e+01,5.000000000000000000e+01,3.629304856782981403e+01,2.375568648387065451e+01,-9.999203739898499421e+00,0.000000000000000000e+00,0.000000000000000000e+00
2.360000000000000000e+02,4.925232718320783221e+01,6.343800000000000239e+01,5.000000000000000000e+01,3.561868007445567486e+01,2.397029848321414036e+01,-1.033665137446198656e+01,0.000000000000000000e+00,0.000000000000000000e+00
2.370000000000000000e+02,4.951054290534999325e+01,6.343800000000000239e+01,5.000000000000000000e+01,3.544878103542728809e+01,2.418388679576248990e+01,-1.012212492583978474e+01,0.000000000000000000e+00,0.000000000000000000e+00
2.380000000000000000e+02,5.011198099674896866e+01,6.375999999999999801e+01,5.000000000000000000e+01,3.544878103542728809e+01,2.439747510831083943e+01,-9.734275146989164185e+00,0.000000000000000000e+00,0.000000000000000000e+00
2.390000000000000000e+02,4.895249513725519819e+01,6.375999999999999801e+01,5.000000000000000000e+01,3.460712733439444833e+01,2.460599223396635793e+01,-1.026062443110560984e+01,0.000000000000000000e+00,0.000000000000000000e+00
2.400000000000000000e+02,4.955416893165667602e+01,6.382399999999999807e+01,5.000000000000000000e+01,3.460712733439444833e+01,2.481450935962187643e+01,-9.867467762359652284e+00,0.000000000000000000e+00,0.000000000000000000e+00
2.410000000000000000e+02,4.979373461186781924e+01,6.408199999999999363e+01,5.000000000000000000e+01,3.443984212673574064e+01,2.502201854750987664e+01,-9.668126062377790930e+00,0.000000000000000000e+00,0.000000000000000000e+00
2.420000000000000000e+02,4.897267850891988417e+01,6.408199999999999363e+01,5.000000000000000000e+01,3.376547363336160146e+01,2.522546448627256410e+01,-1.001825961071428139e+01,0.000000000000000000e+00,0.000000000000000000e+00
2.430000000000000000e+02,4.955999441598977029e+01,6.411400000000000432e+01,5.000000000000000000e+01,3.376547363336160146e+01,2.542891042503525156e+01,-9.634389642407080956e+00,0.000000000000000000e+00,0.000000000000000000e+00
2.440000000000000000e+02,4.995907980654173741e+01,6.440399999999999636e+01,5.000000000000000000e+01,3.368183102953222630e+01,2.563185239491417988e+01,-9.354603617904674095e+00,0.000000000000000000e+00,0.000000000000000000e+00
2.450000000000000000e+02,4.894792147734813881e+01,6.440399999999999636e+01,5.000000000000000000e+01,3.292381993232874038e+01,2.583022714678403986e+01,-9.806125601764643207e+00,0.000000000000000000e+00,0.000000000000000000e+00
2.460000000000000000e+02,4.952203785203839459e+01,6.440399999999999636e+01,5.000000000000000000e+01,3.292381993232874038e+01,2.602860189865389984e+01,-9.430383978944245627e+00,0.000000000000000000e+00,0.000000000000000000e+00
2.470000000000000000e+02,5.008175692316012828e+01,6.472700000000000387e+01,5.000000000000000000e+01,3.292381993232874038e+01,2.622697665052375982e+01,-9.069039659692375466e+00,0.000000000000000000e+00,0.000000000000000000e+00
2.480000000000000000e+02,4.887614509895237802e+01,6.472700000000000387e+01,5.000000000000000000e+01,3.207955239992620022e+01,2.642026446647317073e+01,-9.623671767446992931e+00,0.000000000000000000e+00,0.000000000000000000e+00
2.490000000000000000e+02,4.943818344841939449e+01,6.488800000000000523e+01,5.000000000000000000e+01,3.207955239992620022e+01,2.661355228242258164e+01,-9.254921233929385593e+00,0.000000000000000000e+00,0.000000000000000000e+00
2.500000000000000000e+02,4.911306102274178897e+01,6.504900000000000659e+01,5.000000000000000000e+01,3.165872554940976613e+01,2.680430450492557526e+01,-9.349969031593548863e+00,0.000000000000000000e+00,0.000000000000000000e+00
2.510000000000000000e+02,4.878904495306755962e+01,6.504900000000000659e+01,5.000000000000000000e+01,3.123789869889333559e+01,2.699252113398215513e+01,-9.441374879807929332e+00,0.000000000000000000e+00,0.000000000000000000e+00
2.520000000000000000e+02,4.933902704006976592e+01,6.533899999999999864e+01,5.000000000000000000e+01,3.123789869889333559e+01,2.718073776303873501e+01,-9.079609421862297580e+00,0.000000000000000000e+00,0.000000000000000000e+00
2.530000000000000000e+02,4.830260640880294432e+01,6.537099999999999511e+01,5.000000000000000000e+01,3.047988760168985323e+01,2.736438717408624299e+01,-9.541668366973155457e+00,0.000000000000000000e+00,0.000000000000000000e+00
2.540000000000000000e+02,4.867834246761540840e+01,6.537099999999999511e+01,5.000000000000000000e+01,3.039624499786051004e+01,2.754753261624999183e+01,-9.265435146495089924e+00,0.000000000000000000e+00,0.000000000000000000e+00
2.550000000000000000e+02,4.921651187943489703e+01,6.559699999999999420e+01,5.000000000000000000e+01,3.039624499786051004e+01,2.773067805841374067e+01,-8.910411176839355463e+00,0.000000000000000000e+00,0.000000000000000000e+00
2.560000000000000000e+02,4.851558040456377086e+01,6.569299999999999784e+01,5.000000000000000000e+01,2.980551910831571050e+01,2.791026422033593946e+01,-9.200202924087880874e+00,0.000000000000000000e+00,0.000000000000000000e+00
2.570000000000000000e+02,4.852712575438616227e+01,6.569299999999999784e+01,5.000000000000000000e+01,2.955459129682764541e+01,2.808833847560685726e+01,-9.115804018048336843e+00,0.000000000000000000e+00,0.000000000000000000e+00
2.580000000000000000e+02,4.905449055866226615e+01,6.588700000000000045e+01,5.000000000000000000e+01,2.955459129682764541e+01,2.826641273087777506e+01,-8.766513469043150764e+00,0.000000000000000000e+00,0.000000000000000000e+00
2.590000000000000000e+02,4.851649592278688772e+01,6.601600000000000534e+01,5.000000000000000000e+01,2.904750801111219261e+01,2.844143167479090195e+01,-8.972443763116201509e+00,0.000000000000000000e+00,0.000000000000000000e+00
2.600000000000000000e+02,4.833580268582747408e+01,6.601600000000000534e+01,5.000000000000000000e+01,2.871032376442510170e+01,2.861441899414137069e+01,-8.988940072739000087e+00,0.000000000000000000e+00,0.000000000000000000e+00
2.610000000000000000e+02,4.885321950440426519e+01,6.604800000000000182e+01,5.000000000000000000e+01,2.871032376442510170e+01,2.878740631349183943e+01,-8.644510573512674156e+00,0.000000000000000000e+00,0.000000000000000000e+00
2.620000000000000000e+02,4.918391704815631726e+01,6.633799999999999386e+01,5.000000000000000000e+01,2.862668116059576207e+01,2.895988966395854902e+01,-8.402653776397995600e+00,0.000000000000000000e+00,0.000000000000000000e+00
2.630000000000000000e+02,4.810582420756040278e+01,6.633799999999999386e+01,5.000000000000000000e+01,2.786867006339227615e+01,2.912780579641619028e+01,-8.890651652248065417e+00,0.000000000000000000e+00,0.000000000000000000e+00
2.640000000000000000e+02,4.861440371874790145e+01,6.633799999999999386e+01,5.000000000000000000e+01,2.786867006339227615e+01,2.929572192887383153e+01,-8.549988273518204451e+00,0.000000000000000000e+00,0.000000000000000000e+00
2.650000000000000000e+02,4.910993002054796364e+01,6.643500000000000227e+01,5.000000000000000000e+01,2.786867006339227615e+01,2.946363806133147278e+01,-8.222378104175790625e+00,0.000000000000000000e+00,0.000000000000000000e+00
2.660000000000000000e+02,4.906691544159004081e+01,6.665999999999999659e+01,5.000000000000000000e+01,2.761512842053453198e+01,2.963002653811021503e+01,-8.178239517054702645e+00,0.000000000000000000e+00,0.000000000000000000e+00
2.670000000000000000e+02,4.832659491180396572e+01,6.665999999999999659e+01,5.000000000000000000e+01,2.702701636235941507e+01,2.979287148367502525e+01,-8.493292934230476376e+00,0.000000000000000000e+00,0.000000000000000000e+00
2.680000000000000000e+02,4.881487762961415910e+01,6.675700000000000500e+01,5.000000000000000000e+01,2.702701636235941507e+01,2.995571642923983546e+01,-8.167855161985086099e+00,0.000000000000000000e+00,0.000000000000000000e+00
2.690000000000000000e+02,4.876470270647422467e+01,6.688599999999999568e+01,5.000000000000000000e+01,2.677347471950166735e+01,3.011703371912574667e+01,-8.125805732153192906e+00,0.000000000000000000e+00,0.000000000000000000e+00
2.700000000000000000e+02,4.853786715945138042e+01,6.698199999999999932e+01,5.000000000000000000e+01,2.643629047281461908e+01,3.027631938444900328e+01,-8.174742697812240166e+00,0.000000000000000000e+00,0.000000000000000000e+00
2.710000000000000000e+02,4.848981942096163067e+01,6.698199999999999932e+01,5.000000000000000000e+01,2.618536266132655044e+01,3.043409314312098246e+01,-8.129636383485904005e+00,0.000000000000000000e+00,0.000000000000000000e+00
2.720000000000000000e+02,4.895909671239694916e+01,6.711100000000000421e+01,5.000000000000000000e+01,2.618536266132655044e+01,3.059186690179296164e+01,-7.818132850722562033e+00,0.000000000000000000e+00,0.000000000000000000e+00
2.730000000000000000e+02,4.871692852269432450e+01,6.717600000000000193e+01,5.000000000000000000e+01,2.584817841463946309e+01,3.074760903590228267e+01,-7.878858927847422144e+00,0.000000000000000000e+00,0.000000000000000000e+00
2.740000000000000000e+02,4.882209906919429443e+01,6.730500000000000682e+01,5.000000000000000000e+01,2.567827937561109763e+01,3.090232748321646739e+01,-7.758507789633267038e+00,0.000000000000000000e+00,0.000000000000000000e+00
2.750000000000000000e+02,4.857459091279452679e+01,6.730500000000000682e+01,5.000000000000000000e+01,2.534109512892401028e+01,3.105501430596799750e+01,-7.821518522097481885e+00,0.000000000000000000e+00,0.000000000000000000e+00
2.760000000000000000e+02,4.902697510653260338e+01,6.743399999999999750e+01,5.000000000000000000e+01,2.534109512892401028e+01,3.120770112871952762e+01,-7.521821151110938075e+00,0.000000000000000000e+00,0.000000000000000000e+00
2.770000000000000000e+02,4.876836619620458890e+01,6.762699999999999534e+01,5.000000000000000000e+01,2.500391088223695846e+01,3.135835632690840313e+01,-7.593901012940770912e+00,0.000000000000000000e+00,0.000000000000000000e+00
2.780000000000000000e+02,4.816344402988475792e+01,6.762699999999999534e+01,5.000000000000000000e+01,2.449944142789118473e+01,3.150597196276710221e+01,-7.841969360773536124e+00,0.000000000000000000e+00,0.000000000000000000e+00
2.790000000000000000e+02,4.861154065215817610e+01,6.762699999999999534e+01,5.000000000000000000e+01,2.449944142789118473e+01,3.165358759862580129e+01,-7.541488374358816138e+00,0.000000000000000000e+00,0.000000000000000000e+00
2.800000000000000000e+02,4.904812373503313694e+01,6.788500000000000512e+01,5.000000000000000000e+01,2.449944142789118473e+01,3.180120323448450037e+01,-7.252520927342553492e+00,0.000000000000000000e+00,0.000000000000000000e+00
2.810000000000000000e+02,4.807461526219117331e+01,6.794899999999999807e+01,5.000000000000000000e+01,2.382507293451700647e+01,3.194475562121788670e+01,-7.695213293543715416e+00,0.000000000000000000e+00,0.000000000000000000e+00
2.820000000000000000e+02,4.816598186073993304e+01,6.794899999999999807e+01,5.000000000000000000e+01,2.365778772685832010e+01,3.208730007018375829e+01,-7.579105936302140911e+00,0.000000000000000000e+00,0.000000000000000000e+00
2.830000000000000000e+02,4.859893515002511322e+01,6.798099999999999454e+01,5.000000000000000000e+01,2.365778772685832010e+01,3.222984451914962989e+01,-7.288697095982840324e+00,0.000000000000000000e+00,0.000000000000000000e+00
2.840000000000000000e+02,4.884723907577036073e+01,6.810999999999999943e+01,5.000000000000000000e+01,2.357414512302897691e+01,3.237188499923173879e+01,-7.098791046490356749e+00,0.000000000000000000e+00,0.000000000000000000e+00
2.850000000000000000e+02,4.856177456496124734e+01,6.827100000000000080e+01,5.000000000000000000e+01,2.323696087634188956e+01,3.251189385475119309e+01,-7.187080166131837977e+00,0.000000000000000000e+00,0.000000000000000000e+00
2.860000000000000000e+02,4.810413964768117978e+01,6.827100000000000080e+01,5.000000000000000000e+01,2.281613402582545902e+01,3.264936711682423010e+01,-7.361361494968504005e+00,0.000000000000000000e+00,0.000000000000000000e+00
2.870000000000000000e+02,4.852367842947276699e+01,6.827100000000000080e+01,5.000000000000000000e+01,2.281613402582545902e+01,3.278684037889726710e+01,-7.079295975249961792e+00,0.000000000000000000e+00,0.000000000000000000e+00
2.880000000000000000e+02,4.893240929788194649e+01,6.830400000000000205e+01,5.000000000000000000e+01,2.281613402582545902e+01,3.292431364097030411e+01,-6.808038368913810423e+00,0.000000000000000000e+00,0.000000000000000000e+00
2.890000000000000000e+02,4.915180206622051173e+01,6.859399999999999409e+01,5.000000000000000000e+01,2.272987759062643320e+01,3.306126718513196749e+01,-6.639342709537881859e+00,0.000000000000000000e+00,0.000000000000000000e+00
2.900000000000000000e+02,4.797061457376221227e+01,6.859399999999999409e+01,5.000000000000000000e+01,2.197186649342295084e+01,3.319365351128455899e+01,-7.194905430945300218e+00,0.000000000000000000e+00,0.000000000000000000e+00
2.910000000000000000e+02,4.837868831739762499e+01,6.859399999999999409e+01,5.000000000000000000e+01,2.197186649342295084e+01,3.332603983743715048e+01,-6.919218013462478112e+00,0.000000000000000000e+00,0.000000000000000000e+00
2.920000000000000000e+02,4.877619853759443203e+01,6.865800000000000125e+01,5.000000000000000000e+01,2.197186649342295084e+01,3.345842616358974198e+01,-6.654094119418262565e+00,0.000000000000000000e+00,0.000000000000000000e+00
2.930000000000000000e+02,4.881650647945229338e+01,6.872299999999999898e+01,5.000000000000000000e+01,2.180458128576422894e+01,3.358980455197481518e+01,-6.577879358286748079e+00,0.000000000000000000e+00,0.000000000000000000e+00
2.940000000000000000e+02,4.884746360518052199e+01,6.891599999999999682e+01,5.000000000000000000e+01,2.163468224673586349e+01,3.372015925356475208e+01,-6.507377895120090905e+00,0.000000000000000000e+00,0.000000000000000000e+00
2.950000000000000000e+02,4.818060860181442706e+01,6.891599999999999682e+01,5.000000000000000000e+01,2.113021279239008976e+01,3.384747439282450898e+01,-6.797078583400173457e+00,0.000000000000000000e+00,0.000000000000000000e+00
2.960000000000000000e+02,4.856836761473871888e+01,6.891599999999999682e+01,5.000000000000000000e+01,2.113021279239008976e+01,3.397478953208426589e+01,-6.536634709735639426e+00,0.000000000000000000e+00,0.000000000000000000e+00
2.970000000000000000e+02,4.894614719157188176e+01,6.923799999999999955e+01,5.000000000000000000e+01,2.113021279239008976e+01,3.410210467134402279e+01,-6.286170272162229011e+00,0.000000000000000000e+00,0.000000000000000000e+00
2.980000000000000000e+02,4.756826701595105078e+01,6.923799999999999955e+01,5.000000000000000000e+01,2.028855909135722513e+01,3.422434862371095221e+01,-6.944640699117131000e+00,0.000000000000000000e+00,0.000000000000000000e+00
2.990000000000000000e+02,4.795660898420727847e+01,6.923799999999999955e+01,5.000000000000000000e+01,2.028855909135722513e+01,3.434659257607788163e+01,-6.678542683227830068e+00,0.000000000000000000e+00,0.000000000000000000e+00
3.000000000000000000e+02,4.833475486642709029e+01,6.923799999999999955e+01,5.000000000000000000e+01,2.028855909135722513e+01,3.446883652844481105e+01,-6.422640753374949441e+00,0.000000000000000000e+00,0.000000000000000000e+00
3.010000000000000000e+02,4.870309534635953241e+01,6.930299999999999727e+01,5.000000000000000000e+01,2.028855909135722513e+01,3.459108048081174047e+01,-6.176544225809440292e+00,0.000000000000000000e+00,0.000000000000000000e+00
3.020000000000000000e+02,4.870954006518734047e+01,6.956100000000000705e+01,5.000000000000000000e+01,2.011866005232885968e+01,3.471230074638353358e+01,-6.121420733525057223e+00,0.000000000000000000e+00,0.000000000000000000e+00
3.030000000000000000e+02,4.766629582038945756e+01,6.956100000000000705e+01,5.000000000000000000e+01,1.944429155895468497e+01,3.482945776283001749e+01,-6.607453501395250228e+00,0.000000000000000000e+00,0.000000000000000000e+00
3.040000000000000000e+02,4.803663084027471086e+01,6.956100000000000705e+01,5.000000000000000000e+01,1.944429155895468497e+01,3.494661477927650139e+01,-6.354275497956481722e+00,0.000000000000000000e+00,0.000000000000000000e+00
3.050000000000000000e+02,4.839726483064659135e+01,6.965699999999999648e+01,5.000000000000000000e+01,1.944429155895468497e+01,3.506377179572298530e+01,-6.110798524031080703e+00,0.000000000000000000e+00,0.000000000000000000e+00
3.060000000000000000e+02,4.822800422951811328e+01,6.981799999999999784e+01,5.000000000000000000e+01,1.919336374746665541e+01,3.517941690551818823e+01,-6.144776423466732140e+00,0.000000000000000000e+00,0.000000000000000000e+00
3.070000000000000000e+02,4.770606758125381930e+01,6.988299999999999557e+01,5.000000000000000000e+01,1.877253689695022487e+01,3.529252642186697386e+01,-6.358995737563375883e+00,0.000000000000000000e+00,0.000000000000000000e+00
3.080000000000000000e+02,4.771036886437252633e+01,6.988299999999999557e+01,5.000000000000000000e+01,1.860263785792185942e+01,3.540461225142062318e+01,-6.296881244969949165e+00,0.000000000000000000e+00,0.000000000000000000e+00
3.090000000000000000e+02,4.806373249045639540e+01,6.988299999999999557e+01,5.000000000000000000e+01,1.860263785792185942e+01,3.551669808097427250e+01,-6.055603448439731196e+00,0.000000000000000000e+00,0.000000000000000000e+00
3.100000000000000000e+02,4.840785106762895396e+01,7.001200000000000045e+01,5.000000000000000000e+01,1.860263785792185942e+01,3.562878391052792182e+01,-5.823570700820826396e+00,0.000000000000000000e+00,0.000000000000000000e+00
3.110000000000000000e+02,4.804356924823515129e+01,7.020499999999999829e+01,5.000000000000000000e+01,1.826545361123476852e+01,3.573883811551891654e+01,-5.960722478518536427e+00,0.000000000000000000e+00,0.000000000000000000e+00
3.120000000000000000e+02,4.733546753549465791e+01,7.020499999999999829e+01,5.000000000000000000e+01,1.776098415688899479e+01,3.584585275817973837e+01,-6.271369379574076142e+00,0.000000000000000000e+00,0.000000000000000000e+00
3.130000000000000000e+02,4.768278243573766417e+01,7.020499999999999829e+01,5.000000000000000000e+01,1.776098415688899479e+01,3.595286740084056021e+01,-6.031069121991889936e+00,0.000000000000000000e+00,0.000000000000000000e+00
3.140000000000000000e+02,4.802088974345994643e+01,7.020499999999999829e+01,5.000000000000000000e+01,1.776098415688899479e+01,3.605988204350138204e+01,-5.799976456930428625e+00,0.000000000000000000e+00,0.000000000000000000e+00
3.150000000000000000e+02,4.835014226627345124e+01,7.023699999999999477e+01,5.000000000000000000e+01,1.776098415688899479e+01,3.616689668616220388e+01,-5.577738576777744761e+00,0.000000000000000000e+00,0.000000000000000000e+00
3.160000000000000000e+02,4.849735753436987551e+01,7.023699999999999477e+01,5.000000000000000000e+01,1.767734155305965160e+01,3.627340735993926302e+01,-5.453391378629039998e+00,0.000000000000000000e+00,0.000000000000000000e+00
3.170000000000000000e+02,4.881282597696360881e+01,7.049500000000000455e+01,5.000000000000000000e+01,1.767734155305965160e+01,3.637991803371632216e+01,-5.244433609812362285e+00,0.000000000000000000e+00,0.000000000000000000e+00
3.180000000000000000e+02,4.772126859719415393e+01,7.052700000000000102e+01,5.000000000000000000e+01,1.700297305968547334e+01,3.648236545836807210e+01,-5.764069920859394180e+00,0.000000000000000000e+00,0.000000000000000000e+00
3.190000000000000000e+02,4.787105631124776295e+01,7.052700000000000102e+01,5.000000000000000000e+01,1.691933045585613371e+01,3.658430891413605934e+01,-5.632583058744428328e+00,0.000000000000000000e+00,0.000000000000000000e+00
3.200000000000000000e+02,4.818882362907014283e+01,7.052700000000000102e+01,5.000000000000000000e+01,1.691933045585613371e+01,3.668625236990404659e+01,-5.416759196690034805e+00,0.000000000000000000e+00,0.000000000000000000e+00
3.210000000000000000e+02,4.849832121718836220e+01,7.062399999999999523e+01,5.000000000000000000e+01,1.691933045585613371e+01,3.678819582567203383e+01,-5.209205064339806235e+00,0.000000000000000000e+00,0.000000000000000000e+00
3.220000000000000000e+02,4.827387811549063912e+01,7.081699999999999307e+01,5.000000000000000000e+01,1.666578881299842507e+01,3.688861162576112918e+01,-5.280522323268917795e+00,0.000000000000000000e+00,0.000000000000000000e+00
3.230000000000000000e+02,4.753007474712562441e+01,7.084999999999999432e+01,5.000000000000000000e+01,1.616131935865264779e+01,3.698598786352004453e+01,-5.617232475047066131e+00,0.000000000000000000e+00,0.000000000000000000e+00
3.240000000000000000e+02,4.766374234429613210e+01,7.084999999999999432e+01,5.000000000000000000e+01,1.607506292345362553e+01,3.708284438336758626e+01,-5.494164962525085905e+00,0.000000000000000000e+00,0.000000000000000000e+00
3.250000000000000000e+02,4.797111895565571160e+01,7.084999999999999432e+01,5.000000000000000000e+01,1.607506292345362553e+01,3.717970090321512799e+01,-5.283644871013036592e+00,0.000000000000000000e+00,0.000000000000000000e+00
3.260000000000000000e+02,4.827042906205367956e+01,7.088200000000000500e+01,5.000000000000000000e+01,1.607506292345362553e+01,3.727655742306266973e+01,-5.081191284462621027e+00,0.000000000000000000e+00,0.000000000000000000e+00
3.270000000000000000e+02,4.838845998913411250e+01,7.104300000000000637e+01,5.000000000000000000e+01,1.599142031962424682e+01,3.737290997402644877e+01,-4.975870304516584852e+00,0.000000000000000000e+00,0.000000000000000000e+00
3.280000000000000000e+02,4.780244176954808921e+01,7.110699999999999932e+01,5.000000000000000000e+01,1.557059346910781450e+01,3.746672693154381761e+01,-5.234878631103542901e+00,0.000000000000000000e+00,0.000000000000000000e+00
3.290000000000000000e+02,4.774980021830909038e+01,7.117199999999999704e+01,5.000000000000000000e+01,1.540330826144912990e+01,3.755953595129366818e+01,-5.213043994433707695e+00,0.000000000000000000e+00,0.000000000000000000e+00
3.300000000000000000e+02,4.768989153587816077e+01,7.117199999999999704e+01,5.000000000000000000e+01,1.523340922242076445e+01,3.765132128424837532e+01,-5.194838970790986110e+00,0.000000000000000000e+00,0.000000000000000000e+00
3.310000000000000000e+02,4.798072767691392215e+01,7.117199999999999704e+01,5.000000000000000000e+01,1.523340922242076445e+01,3.774310661720308246e+01,-4.995788162709923874e+00,0.000000000000000000e+00,0.000000000000000000e+00
3.320000000000000000e+02,4.826393678188168934e+01,7.117199999999999704e+01,5.000000000000000000e+01,1.523340922242076445e+01,3.783489195015778961e+01,-4.804364390696870935e+00,0.000000000000000000e+00,0.000000000000000000e+00
3.330000000000000000e+02,4.853981109616211143e+01,7.123600000000000421e+01,5.000000000000000000e+01,1.523340922242076445e+01,3.792667728311249675e+01,-4.620275409371145336e+00,0.000000000000000000e+00,0.000000000000000000e+00
3.340000000000000000e+02,4.846158814940059756e+01,7.146200000000000330e+01,5.000000000000000000e+01,1.506612401476204077e+01,3.801745467829968561e+01,-4.621990543661128825e+00,0.000000000000000000e+00,0.000000000000000000e+00
3.350000000000000000e+02,4.750396907939651214e+01,7.149399999999999977e+01,5.000000000000000000e+01,1.447539812521724301e+01,3.810467279324532797e+01,-5.076101839066052612e+00,0.000000000000000000e+00,0.000000000000000000e+00
3.360000000000000000e+02,4.761216658913594557e+01,7.149399999999999977e+01,5.000000000000000000e+01,1.439175552138790160e+01,3.819138693930720763e+01,-4.970975871559161874e+00,0.000000000000000000e+00,0.000000000000000000e+00
3.370000000000000000e+02,4.788935377387117853e+01,7.149399999999999977e+01,5.000000000000000000e+01,1.439175552138790160e+01,3.827810108536908729e+01,-4.780502832885808573e+00,0.000000000000000000e+00,0.000000000000000000e+00
3.380000000000000000e+02,4.815924259719833600e+01,7.149399999999999977e+01,5.000000000000000000e+01,1.439175552138790160e+01,3.836481523143096695e+01,-4.597328155620530765e+00,0.000000000000000000e+00,0.000000000000000000e+00
3.390000000000000000e+02,4.842211271066082645e+01,7.155899999999999750e+01,5.000000000000000000e+01,1.439175552138790160e+01,3.845152937749284661e+01,-4.421172188219918198e+00,0.000000000000000000e+00,0.000000000000000000e+00
3.400000000000000000e+02,4.832576697766027252e+01,7.162300000000000466e+01,5.000000000000000000e+01,1.422185648235953437e+01,3.853721983675958995e+01,-4.433309341458853581e+00,0.000000000000000000e+00,0.000000000000000000e+00
3.410000000000000000e+02,4.823428517251156933e+01,7.178400000000000603e+01,5.000000000000000000e+01,1.405457127470081247e+01,3.862190235825881501e+01,-4.442188460448060816e+00,0.000000000000000000e+00,0.000000000000000000e+00
3.420000000000000000e+02,4.761614781947194075e+01,7.181600000000000250e+01,5.000000000000000000e+01,1.363374442418438015e+01,3.870404928631162278e+01,-4.721645891024060404e+00,0.000000000000000000e+00,0.000000000000000000e+00
3.430000000000000000e+02,4.770569244261935893e+01,7.181600000000000250e+01,5.000000000000000000e+01,1.355010182035503874e+01,3.878569224548067496e+01,-4.630101623216352991e+00,0.000000000000000000e+00,0.000000000000000000e+00
3.440000000000000000e+02,4.796474715117673782e+01,7.181600000000000250e+01,5.000000000000000000e+01,1.355010182035503874e+01,3.886733520464972713e+01,-4.452689873828031608e+00,0.000000000000000000e+00,0.000000000000000000e+00
3.450000000000000000e+02,4.821700396815798939e+01,7.184900000000000375e+01,5.000000000000000000e+01,1.355010182035503874e+01,3.894897816381877931e+01,-4.282076016015826880e+00,0.000000000000000000e+00,0.000000000000000000e+00
3.460000000000000000e+02,4.828377905474333431e+01,7.197799999999999443e+01,5.000000000000000000e+01,1.346384538515601470e+01,3.903010140507645076e+01,-4.210167735489127594e+00,0.000000000000000000e+00,0.000000000000000000e+00
3.470000000000000000e+02,4.782671383493310913e+01,7.207399999999999807e+01,5.000000000000000000e+01,1.312666113846896465e+01,3.910919302177146761e+01,-4.409140325307324026e+00,0.000000000000000000e+00,0.000000000000000000e+00
3.480000000000000000e+02,4.755418534338143388e+01,7.213899999999999579e+01,5.000000000000000000e+01,1.287573332698089779e+01,3.918677273181520349e+01,-4.508320715414666502e+00,0.000000000000000000e+00,0.000000000000000000e+00
3.490000000000000000e+02,4.745204444721772319e+01,7.213899999999999579e+01,5.000000000000000000e+01,1.270583428795253234e+01,3.926332875506380304e+01,-4.517118595798615743e+00,0.000000000000000000e+00,0.000000000000000000e+00
3.500000000000000000e+02,4.770168304564281669e+01,7.213899999999999579e+01,5.000000000000000000e+01,1.270583428795253234e+01,3.933988477831240260e+01,-4.344036020622122685e+00,0.000000000000000000e+00,0.000000000000000000e+00
3.510000000000000000e+02,4.794468963359609859e+01,7.217100000000000648e+01,5.000000000000000000e+01,1.270583428795253234e+01,3.941644080156100216e+01,-4.177585455917435020e+00,0.000000000000000000e+00,0.000000000000000000e+00
3.520000000000000000e+02,4.800779657115125332e+01,7.233199999999999363e+01,5.000000000000000000e+01,1.262219168412315184e+01,3.949249285592584613e+01,-4.106887968897742880e+00,0.000000000000000000e+00,0.000000000000000000e+00
3.530000000000000000e+02,4.736818103150645953e+01,7.246099999999999852e+01,5.000000000000000000e+01,1.220136483360675861e+01,3.956600931684427280e+01,-4.399193118944572767e+00,0.000000000000000000e+00,0.000000000000000000e+00
3.540000000000000000e+02,4.691075192291449980e+01,7.246099999999999852e+01,5.000000000000000000e+01,1.186418058691966948e+01,3.963749415320004488e+01,-4.590922817205207451e+00,0.000000000000000000e+00,0.000000000000000000e+00
3.550000000000000000e+02,4.715814729311755826e+01,7.246099999999999852e+01,5.000000000000000000e+01,1.186418058691966948e+01,3.970897898955581695e+01,-4.415012283357929945e+00,0.000000000000000000e+00,0.000000000000000000e+00
3.560000000000000000e+02,4.739880229386754706e+01,7.246099999999999852e+01,5.000000000000000000e+01,1.186418058691966948e+01,3.978046382591158903e+01,-4.245842118963709666e+00,0.000000000000000000e+00,0.000000000000000000e+00
3.570000000000000000e+02,4.763297519611262487e+01,7.246099999999999852e+01,5.000000000000000000e+01,1.186418058691966948e+01,3.985194866226736110e+01,-4.083154053074411927e+00,0.000000000000000000e+00,0.000000000000000000e+00
3.580000000000000000e+02,4.786091437462486198e+01,7.249299999999999500e+01,5.000000000000000000e+01,1.186418058691966948e+01,3.992343349862313318e+01,-3.926699710917936237e+00,0.000000000000000000e+00,0.000000000000000000e+00
3.590000000000000000e+02,4.790933692831254120e+01,7.259000000000000341e+01,5.000000000000000000e+01,1.178053798309032629e+01,3.999441436609514255e+01,-3.865615420872924535e+00,0.000000000000000000e+00,0.000000000000000000e+00
3.600000000000000000e+02,4.760244887173046635e+01,7.278300000000000125e+01,5.000000000000000000e+01,1.152699634023258035e+01,4.006386757788826003e+01,-3.988415046390372254e+00,0.000000000000000000e+00,0.000000000000000000e+00
3.610000000000000000e+02,4.677817319993948075e+01,7.278300000000000125e+01,5.000000000000000000e+01,1.102252688588680662e+01,4.013028122735119751e+01,-4.374634913298522498e+00,0.000000000000000000e+00,0.000000000000000000e+00
3.620000000000000000e+02,4.701220987283929276e+01,7.278300000000000125e+01,5.000000000000000000e+01,1.102252688588680662e+01,4.019669487681413500e+01,-4.207011889861645315e+00,0.000000000000000000e+00,0.000000000000000000e+00
3.630000000000000000e+02,4.723982372908286465e+01,7.278300000000000125e+01,5.000000000000000000e+01,1.102252688588680662e+01,4.026310852627707249e+01,-4.045811683081011800e+00,0.000000000000000000e+00,0.000000000000000000e+00
3.640000000000000000e+02,4.746126087193783150e+01,7.284799999999999898e+01,5.000000000000000000e+01,1.102252688588680662e+01,4.032952217574000997e+01,-3.890788189688981547e+00,0.000000000000000000e+00,0.000000000000000000e+00
3.650000000000000000e+02,4.732429190200038249e+01,7.278300000000000125e+01,5.000000000000000000e+01,1.085262784685844117e+01,4.039491213840781114e+01,-3.923248083265866715e+00,0.000000000000000000e+00,0.000000000000000000e+00
3.660000000000000000e+02,4.789247515747960193e+01,7.287999999999999545e+01,5.000000000000000000e+01,1.102252688588680662e+01,4.046132578787074863e+01,-3.591377516277950654e+00,0.000000000000000000e+00,0.000000000000000000e+00
3.670000000000000000e+02,4.757051190048080258e+01,7.287999999999999545e+01,5.000000000000000000e+01,1.076898524302909799e+01,4.052621178165479421e+01,-3.724685124203093167e+00,0.000000000000000000e+00,0.000000000000000000e+00
3.680000000000000000e+02,4.777811677120960354e+01,7.300900000000000034e+01,5.000000000000000000e+01,1.076898524302909799e+01,4.059109777543883979e+01,-3.581966247258337788e+00,0.000000000000000000e+00,0.000000000000000000e+00
3.690000000000000000e+02,4.728074348776117120e+01,7.304099999999999682e+01,5.000000000000000000e+01,1.043180099634200886e+01,4.065395214466023077e+01,-3.805009653241069323e+00,0.000000000000000000e+00,0.000000000000000000e+00
3.700000000000000000e+02,4.731587277255059831e+01,7.307299999999999329e+01,5.000000000000000000e+01,1.034815839251266745e+01,4.071630254499785906e+01,-3.748588164959925084e+00,0.000000000000000000e+00,0.000000000000000000e+00
3.710000000000000000e+02,4.734833618451686732e+01,7.310500000000000398e+01,5.000000000000000000e+01,1.026451578868332426e+01,4.077814897645172465e+01,-3.694328580618180258e+00,0.000000000000000000e+00,0.000000000000000000e+00
3.720000000000000000e+02,4.737821656140108217e+01,7.310500000000000398e+01,5.000000000000000000e+01,1.018087318485394377e+01,4.083949143902183465e+01,-3.642148062474695358e+00,0.000000000000000000e+00,0.000000000000000000e+00
3.730000000000000000e+02,4.757911532572813940e+01,7.310500000000000398e+01,5.000000000000000000e+01,1.018087318485394377e+01,4.090083390159194465e+01,-3.502591760717746805e+00,0.000000000000000000e+00,0.000000000000000000e+00
3.740000000000000000e+02,4.777466670685550554e+01,7.310500000000000398e+01,5.000000000000000000e+01,1.018087318485394377e+01,4.096217636416205465e+01,-3.368382842160492441e+00,0.000000000000000000e+00,0.000000000000000000e+00
3.750000000000000000e+02,4.796507560063326991e+01,7.310500000000000398e+01,5.000000000000000000e+01,1.018087318485394377e+01,4.102351882673216465e+01,-3.239316410952838954e+00,0.000000000000000000e+00,0.000000000000000000e+00
3.760000000000000000e+02,4.815053905191079764e+01,7.317000000000000171e+01,5.000000000000000000e+01,1.018087318485394377e+01,4.108486128930227466e+01,-3.115195422245419898e+00,0.000000000000000000e+00,0.000000000000000000e+00
3.770000000000000000e+02,4.797878048263896034e+01,7.320199999999999818e+01,5.000000000000000000e+01,1.001097414582557832e+01,4.114518006507724834e+01,-3.177373728263867658e+00,0.000000000000000000e+00,0.000000000000000000e+00
3.780000000000000000e+02,4.798732502852243442e+01,7.329900000000000659e+01,5.000000000000000000e+01,9.927331541996235131e+00,4.120499487196845934e+01,-3.145001385442259156e+00,0.000000000000000000e+00,0.000000000000000000e+00
3.790000000000000000e+02,4.764165912072013498e+01,7.342799999999999727e+01,5.000000000000000000e+01,9.673789899138489190e+00,4.126328202318077842e+01,-3.295412801599136188e+00,0.000000000000000000e+00,0.000000000000000000e+00
3.800000000000000000e+02,4.712670711731836803e+01,7.342799999999999727e+01,5.000000000000000000e+01,9.336605652451437365e+00,4.131953754983044291e+01,-3.529436084963511355e+00,0.000000000000000000e+00,0.000000000000000000e+00
3.810000000000000000e+02,4.731820015734093943e+01,7.342799999999999727e+01,5.000000000000000000e+01,9.336605652451437365e+00,4.137579307648010740e+01,-3.394198571590603564e+00,0.000000000000000000e+00,0.000000000000000000e+00
3.820000000000000000e+02,4.750451129731403910e+01,7.342799999999999727e+01,5.000000000000000000e+01,9.336605652451437365e+00,4.143204860312977189e+01,-3.264142958267169714e+00,0.000000000000000000e+00,0.000000000000000000e+00
3.830000000000000000e+02,4.768583909226469331e+01,7.342799999999999727e+01,5.000000000000000000e+01,9.336605652451437365e+00,4.148830412977943638e+01,-3.139070689966183547e+00,0.000000000000000000e+00,0.000000000000000000e+00
3.840000000000000000e+02,4.786237448918070925e+01,7.358899999999999864e+01,5.000000000000000000e+01,9.336605652451437365e+00,4.154455965642910087e+01,-3.018790819699828099e+00,0.000000000000000000e+00,0.000000000000000000e+00
3.850000000000000000e+02,4.716126976916359581e+01,7.355700000000000216e+01,5.000000000000000000e+01,8.915778801935006825e+00,4.159827958963234806e+01,-3.352788622403757302e+00,0.000000000000000000e+00,0.000000000000000000e+00
3.860000000000000000e+02,4.751698036824596016e+01,7.368600000000000705e+01,5.000000000000000000e+01,8.999421405764350013e+00,4.165250349171935085e+01,-3.134944529237745137e+00,0.000000000000000000e+00,0.000000000000000000e+00
3.870000000000000000e+02,4.699181644788433942e+01,7.375000000000000000e+01,5.000000000000000000e+01,8.662237159077260884e+00,4.170469576924369903e+01,-3.375116480436620936e+00,0.000000000000000000e+00,0.000000000000000000e+00
3.880000000000000000e+02,4.682628965188595771e+01,7.375000000000000000e+01,5.000000000000000000e+01,8.494951951418574509e+00,4.175588010900052893e+01,-3.424542408533139071e+00,0.000000000000000000e+00,0.000000000000000000e+00
3.890000000000000000e+02,4.700869229071984279e+01,7.375000000000000000e+01,5.000000000000000000e+01,8.494951951418574509e+00,4.180706444875735883e+01,-3.293324109456084781e+00,0.000000000000000000e+00,0.000000000000000000e+00
3.900000000000000000e+02,4.718606703386472390e+01,7.375000000000000000e+01,5.000000000000000000e+01,8.494951951418574509e+00,4.185824878851418873e+01,-3.167133706068034460e+00,0.000000000000000000e+00,0.000000000000000000e+00
3.910000000000000000e+02,4.735860653535770837e+01,7.375000000000000000e+01,5.000000000000000000e+01,8.494951951418574509e+00,4.190943312827101863e+01,-3.045778544331881221e+00,0.000000000000000000e+00,0.000000000000000000e+00
3.920000000000000000e+02,4.752649606730511067e+01,7.375000000000000000e+01,5.000000000000000000e+01,8.494951951418574509e+00,4.196061746802784853e+01,-2.929073352141311481e+00,0.000000000000000000e+00,0.000000000000000000e+00
3.930000000000000000e+02,4.768991380273611469e+01,7.375000000000000000e+01,5.000000000000000000e+01,8.494951951418574509e+00,4.201180180778467843e+01,-2.816839956467131589e+00,0.000000000000000000e+00,0.000000000000000000e+00
3.940000000000000000e+02,4.784903108761837132e+01,7.378199999999999648e+01,5.000000000000000000e+01,8.494951951418574509e+00,4.206298614754150833e+01,-2.708907011341705751e+00,0.000000000000000000e+00,0.000000000000000000e+00
3.950000000000000000e+02,4.783049094357079412e+01,7.381399999999999295e+01,5.000000000000000000e+01,8.411309347589233099e+00,4.211366651841458264e+01,-2.694484922433018959e+00,0.000000000000000000e+00,0.000000000000000000e+00
3.960000000000000000e+02,4.781089421900555436e+01,7.391100000000000136e+01,5.000000000000000000e+01,8.327666743759889911e+00,4.216384292040389425e+01,-2.680615445158231136e+00,0.000000000000000000e+00,0.000000000000000000e+00
3.970000000000000000e+02,4.743779601563509374e+01,7.400799999999999557e+01,5.000000000000000000e+01,8.074125100902143970e+00,4.221249166671430686e+01,-2.848820751981356203e+00,0.000000000000000000e+00,0.000000000000000000e+00
3.980000000000000000e+02,4.706961528461287259e+01,7.407200000000000273e+01,5.000000000000000000e+01,7.820583458044435332e+00,4.225961275734582756e+01,-3.010580930777389419e+00,0.000000000000000000e+00,0.000000000000000000e+00
3.990000000000000000e+02,4.688504938161050717e+01,7.407200000000000273e+01,5.000000000000000000e+01,7.653298250385712542e+00,4.230572591020982998e+01,-3.073974778985029577e+00,0.000000000000000000e+00,0.000000000000000000e+00
4.000000000000000000e+02,4.704894812267429671e+01,7.407200000000000273e+01,5.000000000000000000e+01,7.653298250385712542e+00,4.235183906307383239e+01,-2.956189190785246002e+00,0.000000000000000000e+00,0.000000000000000000e+00
4.010000000000000000e+02,4.720833366965386091e+01,7.407200000000000273e+01,5.000000000000000000e+01,7.653298250385712542e+00,4.239795221593783481e+01,-2.842916796669686441e+00,0.000000000000000000e+00,0.000000000000000000e+00
4.020000000000000000e+02,4.736337895474873960e+01,7.407200000000000273e+01,5.000000000000000000e+01,7.653298250385712542e+00,4.244406536880183722e+01,-2.733984664438807499e+00,0.000000000000000000e+00,0.000000000000000000e+00
4.030000000000000000e+02,4.751425028390995919e+01,7.407200000000000273e+01,5.000000000000000000e+01,7.653298250385712542e+00,4.249017852166583964e+01,-2.629226488141590323e+00,0.000000000000000000e+00,0.000000000000000000e+00
4.040000000000000000e+02,4.766110759073818315e+01,7.416899999999999693e+01,5.000000000000000000e+01,7.653298250385712542e+00,4.253629167452984206e+01,-2.528482334177366564e+00,0.000000000000000000e+00,0.000000000000000000e+00
4.050000000000000000e+02,4.727811684904857259e+01,7.413700000000000045e+01,5.000000000000000000e+01,7.399756607528003904e+00,4.258087717171494546e+01,-2.702516930194379441e+00,0.000000000000000000e+00,0.000000000000000000e+00
4.060000000000000000e+02,4.759977653124893493e+01,7.436199999999999477e+01,5.000000000000000000e+01,7.483399211357347092e+00,4.262596663778381156e+01,-2.509589317892221061e+00,0.000000000000000000e+00,0.000000000000000000e+00
4.070000000000000000e+02,4.652095114294584732e+01,7.439499999999999602e+01,5.000000000000000000e+01,6.895287153182229289e+00,4.266751257263874209e+01,-3.041848582875124052e+00,0.000000000000000000e+00,0.000000000000000000e+00
4.080000000000000000e+02,4.650010737168979347e+01,7.439499999999999602e+01,5.000000000000000000e+01,6.809030717983207026e+00,4.270853878958229188e+01,-3.017462135875704554e+00,0.000000000000000000e+00,0.000000000000000000e+00
4.090000000000000000e+02,4.665675378011130903e+01,7.439499999999999602e+01,5.000000000000000000e+01,6.809030717983207026e+00,4.274956500652584168e+01,-2.901841944397735684e+00,0.000000000000000000e+00,0.000000000000000000e+00
4.100000000000000000e+02,4.680896996602283622e+01,7.439499999999999602e+01,5.000000000000000000e+01,6.809030717983207026e+00,4.279059122346939148e+01,-2.790651975429757847e+00,0.000000000000000000e+00,0.000000000000000000e+00
4.110000000000000000e+02,4.695692568239950049e+01,7.439499999999999602e+01,5.000000000000000000e+01,6.809030717983207026e+00,4.283161744041294128e+01,-2.683722475996645151e+00,0.000000000000000000e+00,0.000000000000000000e+00
4.120000000000000000e+02,4.710078417778634474e+01,7.439499999999999602e+01,5.000000000000000000e+01,6.809030717983207026e+00,4.287264365735649108e+01,-2.580890197553353360e+00,0.000000000000000000e+00,0.000000000000000000e+00
4.130000000000000000e+02,4.724070244552877540e+01,7.439499999999999602e+01,5.000000000000000000e+01,6.809030717983207026e+00,4.291366987430004087e+01,-2.481998146754468504e+00,0.000000000000000000e+00,0.000000000000000000e+00
4.140000000000000000e+02,4.737683146345327145e+01,7.442700000000000671e+01,5.000000000000000000e+01,6.809030717983207026e+00,4.295469609124359067e+01,-2.386895345773526689e+00,0.000000000000000000e+00,0.000000000000000000e+00
4.150000000000000000e+02,4.733579466548418679e+01,7.439499999999999602e+01,5.000000000000000000e+01,6.725388114153826535e+00,4.299521833930338488e+01,-2.384811787973018404e+00,0.000000000000000000e+00,0.000000000000000000e+00
4.160000000000000000e+02,4.764121758064158740e+01,7.455599999999999739e+01,5.000000000000000000e+01,6.809030717983207026e+00,4.303624455624693468e+01,-2.204057693588555189e+00,0.000000000000000000e+00,0.000000000000000000e+00
4.170000000000000000e+02,4.689366539612382923e+01,7.458799999999999386e+01,5.000000000000000000e+01,6.388203867466775598e+00,4.307473517974407429e+01,-2.569273651087023769e+00,0.000000000000000000e+00,0.000000000000000000e+00
4.180000000000000000e+02,4.685708119996397159e+01,7.468500000000000227e+01,5.000000000000000000e+01,6.304561263637432411e+00,4.311272183435745120e+01,-2.560201898030910250e+00,0.000000000000000000e+00,0.000000000000000000e+00
4.190000000000000000e+02,4.646717935954855250e+01,7.471699999999999875e+01,5.000000000000000000e+01,6.051019620779687358e+00,4.314918083329192910e+01,-2.733021094523063965e+00,0.000000000000000000e+00,0.000000000000000000e+00
4.200000000000000000e+02,4.643483785476161785e+01,7.471699999999999875e+01,5.000000000000000000e+01,5.967377016950344171e+00,4.318513586334265142e+01,-2.717675025531380850e+00,0.000000000000000000e+00,0.000000000000000000e+00
4.210000000000000000e+02,4.657492612416304212e+01,7.471699999999999875e+01,5.000000000000000000e+01,5.967377016950344171e+00,4.322109089339337373e+01,-2.613541786180676674e+00,0.000000000000000000e+00,0.000000000000000000e+00
4.220000000000000000e+02,4.671102431696009205e+01,7.471699999999999875e+01,5.000000000000000000e+01,5.967377016950344171e+00,4.325704592344409605e+01,-2.513398623434349055e+00,0.000000000000000000e+00,0.000000000000000000e+00
4.230000000000000000e+02,4.684328532104339615e+01,7.471699999999999875e+01,5.000000000000000000e+01,5.967377016950344171e+00,4.329300095349481836e+01,-2.417092649401768156e+00,0.000000000000000000e+00,0.000000000000000000e+00
4.240000000000000000e+02,4.697185616609347392e+01,7.471699999999999875e+01,5.000000000000000000e+01,5.967377016950344171e+00,4.332895598354554068e+01,-2.324476834402413150e+00,0.000000000000000000e+00,0.000000000000000000e+00
4.250000000000000000e+02,4.709687824804995415e+01,7.471699999999999875e+01,5.000000000000000000e+01,5.967377016950344171e+00,4.336491101359626299e+01,-2.235409782496652120e+00,0.000000000000000000e+00,0.000000000000000000e+00
4.260000000000000000e+02,4.721848754497981560e+01,7.471699999999999875e+01,5.000000000000000000e+01,5.967377016950344171e+00,4.340086604364698530e+01,-2.149755515617515655e+00,0.000000000000000000e+00,0.000000000000000000e+00
4.270000000000000000e+02,4.733681482467414980e+01,7.471699999999999875e+01,5.000000000000000000e+01,5.967377016950344171e+00,4.343682107369770762e+01,-2.067383265973898432e+00,0.000000000000000000e+00,0.000000000000000000e+00
4.280000000000000000e+02,4.745198584429051891e+01,7.474899999999999523e+01,5.000000000000000000e+01,5.967377016950344171e+00,4.347277610374842993e+01,-1.988167276408256079e+00,0.000000000000000000e+00,0.000000000000000000e+00
4.290000000000000000e+02,4.739059978346558921e+01,7.481300000000000239e+01,5.000000000000000000e+01,5.883734413121000983e+00,4.350822716491538955e+01,-2.001361794570796437e+00,0.000000000000000000e+00,0.000000000000000000e+00
4.300000000000000000e+02,4.715569356964397940e+01,7.474899999999999523e+01,5.000000000000000000e+01,5.716449205462278194e+00,4.354267028831483088e+01,-2.103425924133126124e+00,0.000000000000000000e+00,0.000000000000000000e+00
4.310000000000000000e+02,4.761777724803419432e+01,7.484600000000000364e+01,5.000000000000000000e+01,5.883734413121000983e+00,4.357812134948179050e+01,-1.844078514568600946e+00,0.000000000000000000e+00,0.000000000000000000e+00
4.320000000000000000e+02,4.719790009198550962e+01,7.503900000000000148e+01,5.000000000000000000e+01,5.630192770263255042e+00,4.361204475496985822e+01,-2.044337433247602753e+00,0.000000000000000000e+00,0.000000000000000000e+00
4.330000000000000000e+02,4.626360333089799326e+01,7.500700000000000500e+01,5.000000000000000000e+01,5.125723315917481315e+00,4.364292859812774594e+01,-2.505048583147234886e+00,0.000000000000000000e+00,0.000000000000000000e+00
4.340000000000000000e+02,4.656399495821229806e+01,7.503900000000000148e+01,5.000000000000000000e+01,5.209365919746823614e+00,4.367431641016939636e+01,-2.319687371703923695e+00,0.000000000000000000e+00,0.000000000000000000e+00
4.350000000000000000e+02,4.651074454528709623e+01,7.503900000000000148e+01,5.000000000000000000e+01,5.125723315917481315e+00,4.370520025332728409e+01,-2.320179023957674502e+00,0.000000000000000000e+00,0.000000000000000000e+00
4.360000000000000000e+02,4.663053076101287786e+01,7.503900000000000148e+01,5.000000000000000000e+01,5.125723315917481315e+00,4.373608409648517181e+01,-2.231276651389774823e+00,0.000000000000000000e+00,0.000000000000000000e+00
4.370000000000000000e+02,4.674691050173540674e+01,7.503900000000000148e+01,5.000000000000000000e+01,5.125723315917481315e+00,4.376696793964305954e+01,-2.145780753825135445e+00,0.000000000000000000e+00,0.000000000000000000e+00
4.380000000000000000e+02,4.686001429346441682e+01,7.503900000000000148e+01,5.000000000000000000e+01,5.125723315917481315e+00,4.379785178280094726e+01,-2.063560805254015307e+00,0.000000000000000000e+00,0.000000000000000000e+00
4.390000000000000000e+02,4.696996766084042463e+01,7.503900000000000148e+01,5.000000000000000000e+01,5.125723315917481315e+00,4.382873562595883499e+01,-1.984491281035889898e+00,0.000000000000000000e+00,0.000000000000000000e+00
4.400000000000000000e+02,4.707689131877237543e+01,7.503900000000000148e+01,5.000000000000000000e+01,5.125723315917481315e+00,4.385961946911672271e+01,-1.908451466261829710e+00,0.000000000000000000e+00,0.000000000000000000e+00
4.410000000000000000e+02,4.718090135673222818e+01,7.503900000000000148e+01,5.000000000000000000e+01,5.125723315917481315e+00,4.389050331227461044e+01,-1.835325271459863794e+00,0.000000000000000000e+00,0.000000000000000000e+00
4.420000000000000000e+02,4.728210941598801753e+01,7.510399999999999920e+01,5.000000000000000000e+01,5.125723315917481315e+00,4.392138715543249816e+01,-1.765001055361967053e+00,0.000000000000000000e+00,0.000000000000000000e+00
4.430000000000000000e+02,4.702815678732096671e+01,7.520000000000000284e+01,5.000000000000000000e+01,4.955824276889115865e+00,4.395124731179524957e+01,-1.878914801363404052e+00,0.000000000000000000e+00,0.000000000000000000e+00
4.440000000000000000e+02,4.660944610452887105e+01,7.526500000000000057e+01,5.000000000000000000e+01,4.704896465401049888e+00,4.397959556150672711e+01,-2.075045922378903729e+00,0.000000000000000000e+00,0.000000000000000000e+00
4.450000000000000000e+02,4.636483788132743200e+01,7.529699999999999704e+01,5.000000000000000000e+01,4.534997426372684437e+00,4.400692012442306833e+01,-2.177079669468322543e+00,0.000000000000000000e+00,0.000000000000000000e+00
4.460000000000000000e+02,4.630205991546920075e+01,7.532899999999999352e+01,5.000000000000000000e+01,4.451354822543341250e+00,4.403374071845564686e+01,-2.183035625529792245e+00,0.000000000000000000e+00,0.000000000000000000e+00
4.470000000000000000e+02,4.623900619528276934e+01,7.536100000000000421e+01,5.000000000000000000e+01,4.367712218713998062e+00,4.406005734360446979e+01,-2.188763367035700735e+00,0.000000000000000000e+00,0.000000000000000000e+00
4.480000000000000000e+02,4.617566797626376029e+01,7.536100000000000421e+01,5.000000000000000000e+01,4.284069614884618460e+00,4.408586999986953003e+01,-2.194271638490384646e+00,0.000000000000000000e+00,0.000000000000000000e+00
4.490000000000000000e+02,4.628555860785138520e+01,7.536100000000000421e+01,5.000000000000000000e+01,4.284069614884618460e+00,4.411168265613459027e+01,-2.110193663167818645e+00,0.000000000000000000e+00,0.000000000000000000e+00
4.500000000000000000e+02,4.639222762101660180e+01,7.536100000000000421e+01,5.000000000000000000e+01,4.284069614884618460e+00,4.413749531239965052e+01,-2.029337306267667174e+00,0.000000000000000000e+00,0.000000000000000000e+00
4.510000000000000000e+02,4.649579845861372007e+01,7.536100000000000421e+01,5.000000000000000000e+01,4.284069614884618460e+00,4.416330796866471076e+01,-1.951579124935605591e+00,0.000000000000000000e+00,0.000000000000000000e+00
4.520000000000000000e+02,4.659638983353335107e+01,7.536100000000000421e+01,5.000000000000000000e+01,4.284069614884618460e+00,4.418912062492977100e+01,-1.876800406281037503e+00,0.000000000000000000e+00,0.000000000000000000e+00
4.530000000000000000e+02,4.669411590994052119e+01,7.536100000000000421e+01,5.000000000000000000e+01,4.284069614884618460e+00,4.421493328119483124e+01,-1.804886986138925842e+00,0.000000000000000000e+00,0.000000000000000000e+00
4.540000000000000000e+02,4.678908647756837524e+01,7.536100000000000421e+01,5.000000000000000000e+01,4.284069614884618460e+00,4.424074593745989148e+01,-1.735729074776132697e+00,0.000000000000000000e+00,0.000000000000000000e+00
4.550000000000000000e+02,4.688140711933338878e+01,7.536100000000000421e+01,5.000000000000000000e+01,4.284069614884618460e+00,4.426655859372495172e+01,-1.669221089276174519e+00,0.000000000000000000e+00,0.000000000000000000e+00
4.560000000000000000e+02,4.697117937252812681e+01,7.539400000000000546e+01,5.000000000000000000e+01,4.284069614884618460e+00,4.429237124999001196e+01,-1.605261492346496732e+00,0.000000000000000000e+00,0.000000000000000000e+00
4.570000000000000000e+02,4.687955656999259446e+01,7.536100000000000421e+01,5.000000000000000000e+01,4.197813179685595308e+00,4.431766418834369148e+01,-1.635920798036694324e+00,0.000000000000000000e+00,0.000000000000000000e+00
4.580000000000000000e+02,4.714647745081506258e+01,7.545799999999999841e+01,5.000000000000000000e+01,4.284069614884618460e+00,4.434347684460875172e+01,-1.481069008678313370e+00,0.000000000000000000e+00,0.000000000000000000e+00
4.590000000000000000e+02,4.670305244322051408e+01,7.558700000000000330e+01,5.000000000000000000e+01,4.030527972026909822e+00,4.436776184519491295e+01,-1.695237374001310249e+00,0.000000000000000000e+00,0.000000000000000000e+00
4.600000000000000000e+02,4.609278431705098455e+01,7.558700000000000330e+01,5.000000000000000000e+01,3.693343725339821138e+00,4.439001522121841958e+01,-1.990574629507254167e+00,0.000000000000000000e+00,0.000000000000000000e+00
4.610000000000000000e+02,4.619131060370308717e+01,7.568399999999999750e+01,5.000000000000000000e+01,3.693343725339821138e+00,4.441226859724192622e+01,-1.914301718878659742e+00,0.000000000000000000e+00,0.000000000000000000e+00
4.620000000000000000e+02,4.576092650723720112e+01,7.561899999999999977e+01,5.000000000000000000e+01,3.439802082482112500e+00,4.443299431758654094e+01,-2.111869892831451878e+00,0.000000000000000000e+00,0.000000000000000000e+00
4.630000000000000000e+02,4.621503888535147553e+01,7.568399999999999750e+01,5.000000000000000000e+01,3.609701121510478394e+00,4.445474372472629199e+01,-1.849405960885292188e+00,0.000000000000000000e+00,0.000000000000000000e+00
4.640000000000000000e+02,4.595518596608347650e+01,7.568399999999999750e+01,5.000000000000000000e+01,3.439802082482112500e+00,4.447546944507090672e+01,-1.960085561469539162e+00,0.000000000000000000e+00,0.000000000000000000e+00
4.650000000000000000e+02,4.605101634647862596e+01,7.568399999999999750e+01,5.000000000000000000e+01,3.439802082482112500e+00,4.449619516541552144e+01,-1.884980901419002874e+00,0.000000000000000000e+00,0.000000000000000000e+00
4.660000000000000000e+02,4.614396893925461285e+01,7.568399999999999750e+01,5.000000000000000000e+01,3.439802082482112500e+00,4.451692088576013617e+01,-1.812754028987634491e+00,0.000000000000000000e+00,0.000000000000000000e+00
4.670000000000000000e+02,4.623415401269006253e+01,7.568399999999999750e+01,5.000000000000000000e+01,3.439802082482112500e+00,4.453764660610475090e+01,-1.743294675896801538e+00,0.000000000000000000e+00,0.000000000000000000e+00
4.680000000000000000e+02,4.632167760991050898e+01,7.568399999999999750e+01,5.000000000000000000e+01,3.439802082482112500e+00,4.455837232644936563e+01,-1.676496799020969153e+00,0.000000000000000000e+00,0.000000000000000000e+00
4.690000000000000000e+02,4.640664171078371680e+01,7.568399999999999750e+01,5.000000000000000000e+01,3.439802082482112500e+00,4.457909804679398036e+01,-1.612258418492375611e+00,0.000000000000000000e+00,0.000000000000000000e+00
4.700000000000000000e+02,4.648914438761164547e+01,7.568399999999999750e+01,5.000000000000000000e+01,3.439802082482112500e+00,4.459982376713859509e+01,-1.550481462009056788e+00,0.000000000000000000e+00,0.000000000000000000e+00
4.710000000000000000e+02,4.656927995485679617e+01,7.568399999999999750e+01,5.000000000000000000e+01,3.439802082482112500e+00,4.462054948748320982e+01,-1.491071615108524817e+00,0.000000000000000000e+00,0.000000000000000000e+00
4.720000000000000000e+02,4.664713911313142347e+01,7.568399999999999750e+01,5.000000000000000000e+01,3.439802082482112500e+00,4.464127520782782454e+01,-1.433938177178514239e+00,0.000000000000000000e+00,0.000000000000000000e+00
4.730000000000000000e+02,4.672280908766958163e+01,7.571599999999999397e+01,5.000000000000000000e+01,3.439802082482112500e+00,4.466200092817243927e+01,-1.378993922984970144e+00,0.000000000000000000e+00,0.000000000000000000e+00
4.740000000000000000e+02,4.662285200261339924e+01,7.571599999999999397e+01,5.000000000000000000e+01,3.356159478652769756e+00,4.468222267963329131e+01,-1.415530155672666046e+00,0.000000000000000000e+00,0.000000000000000000e+00
4.750000000000000000e+02,4.669731266752931731e+01,7.571599999999999397e+01,5.000000000000000000e+01,3.356159478652769756e+00,4.470244443109414334e+01,-1.361291242217596231e+00,0.000000000000000000e+00,0.000000000000000000e+00
4.760000000000000000e+02,4.676969505829403317e+01,7.581300000000000239e+01,5.000000000000000000e+01,3.356159478652769756e+00,4.472266618255499537e+01,-1.309130602913731956e+00,0.000000000000000000e+00,0.000000000000000000e+00
4.770000000000000000e+02,4.631409097659870611e+01,7.574800000000000466e+01,5.000000000000000000e+01,3.102617835795024259e+00,4.474136027833694840e+01,-1.529887137533265218e+00,0.000000000000000000e+00,0.000000000000000000e+00
4.780000000000000000e+02,4.674387187862793525e+01,7.584499999999999886e+01,5.000000000000000000e+01,3.272516874823389710e+00,4.476107806091403774e+01,-1.289723057109492199e+00,0.000000000000000000e+00,0.000000000000000000e+00
4.790000000000000000e+02,4.628702018850651001e+01,7.584499999999999886e+01,5.000000000000000000e+01,3.018975231965681072e+00,4.477926818781223517e+01,-1.511223231271409562e+00,0.000000000000000000e+00,0.000000000000000000e+00
4.800000000000000000e+02,4.636311590344445221e+01,7.590900000000000603e+01,5.000000000000000000e+01,3.018975231965681072e+00,4.479745831471043260e+01,-1.453317643231662126e+00,0.000000000000000000e+00,0.000000000000000000e+00
4.810000000000000000e+02,4.608994933038604813e+01,7.590900000000000603e+01,5.000000000000000000e+01,2.851690024306958282e+00,4.481464050384111175e+01,-1.576381197762027675e+00,0.000000000000000000e+00,0.000000000000000000e+00
4.820000000000000000e+02,4.616753376740594916e+01,7.594100000000000250e+01,5.000000000000000000e+01,2.851690024306958282e+00,4.483182269297179090e+01,-1.515978949872802461e+00,0.000000000000000000e+00,0.000000000000000000e+00
4.830000000000000000e+02,4.606928201071556117e+01,7.590900000000000603e+01,5.000000000000000000e+01,2.768047420477615539e+00,4.484850091321870735e+01,-1.547266322980761055e+00,0.000000000000000000e+00,0.000000000000000000e+00
4.840000000000000000e+02,4.631876864215973910e+01,7.600600000000000023e+01,5.000000000000000000e+01,2.851690024306958282e+00,4.486568310234938650e+01,-1.398604484496611011e+00,0.000000000000000000e+00,0.000000000000000000e+00
4.850000000000000000e+02,4.586355337166645540e+01,7.597400000000000375e+01,5.000000000000000000e+01,2.598148381449249644e+00,4.488133763580116664e+01,-1.615932645583958438e+00,0.000000000000000000e+00,0.000000000000000000e+00
4.860000000000000000e+02,4.611464740595638290e+01,7.600600000000000023e+01,5.000000000000000000e+01,2.681790985278592832e+00,4.489749613813670948e+01,-1.464639717458922075e+00,0.000000000000000000e+00,0.000000000000000000e+00
4.870000000000000000e+02,4.601340479548922247e+01,7.600600000000000023e+01,5.000000000000000000e+01,2.598148381449249644e+00,4.491315067158848962e+01,-1.497894257548514352e+00,0.000000000000000000e+00,0.000000000000000000e+00
4.880000000000000000e+02,4.608645419027577361e+01,7.600600000000000023e+01,5.000000000000000000e+01,2.598148381449249644e+00,4.492880520504026975e+01,-1.440499396213743122e+00,0.000000000000000000e+00,0.000000000000000000e+00
4.890000000000000000e+02,4.615730438435704741e+01,7.600600000000000023e+01,5.000000000000000000e+01,2.598148381449249644e+00,4.494445973849204989e+01,-1.385303735584253237e+00,0.000000000000000000e+00,0.000000000000000000e+00
4.900000000000000000e+02,4.622603964457556458e+01,7.600600000000000023e+01,5.000000000000000000e+01,2.598148381449249644e+00,4.496011427194383003e+01,-1.332223008817515097e+00,0.000000000000000000e+00,0.000000000000000000e+00
4.910000000000000000e+02,4.629274100891860400e+01,7.600600000000000023e+01,5.000000000000000000e+01,2.598148381449249644e+00,4.497576880539561017e+01,-1.281176177926252047e+00,0.000000000000000000e+00,0.000000000000000000e+00
4.920000000000000000e+02,4.635748641023834438e+01,7.600600000000000023e+01,5.000000000000000000e+01,2.598148381449249644e+00,4.499142333884739031e+01,-1.232085310058292471e+00,0.000000000000000000e+00,0.000000000000000000e+00
4.930000000000000000e+02,4.642035079523140695e+01,7.600600000000000023e+01,5.000000000000000000e+01,2.598148381449249644e+00,4.500707787229917045e+01,-1.184875458517010260e+00,0.000000000000000000e+00,0.000000000000000000e+00
4.940000000000000000e+02,4.648140623885949196e+01,7.600600000000000023e+01,5.000000000000000000e+01,2.598148381449249644e+00,4.502273240575095059e+01,-1.139474548340709159e+00,0.000000000000000000e+00,0.000000000000000000e+00
4.950000000000000000e+02,4.654072205438571785e+01,7.600600000000000023e+01,5.000000000000000000e+01,2.598148381449249644e+00,4.503838693920273073e+01,-1.095813266266264741e+00,0.000000000000000000e+00,0.000000000000000000e+00
4.960000000000000000e+02,4.659836489919472768e+01,7.600600000000000023e+01,5.000000000000000000e+01,2.598148381449249644e+00,4.505404147265451087e+01,-1.053824954909033940e+00,0.000000000000000000e+00,0.000000000000000000e+00
4.970000000000000000e+02,4.665439887655806217e+01,7.600600000000000023e+01,5.000000000000000000e+01,2.598148381449249644e+00,4.506969600610629101e+01,-1.013445510997475596e+00,0.000000000000000000e+00,0.000000000000000000e+00
4.980000000000000000e+02,4.670888563350020206e+01,7.600600000000000023e+01,5.000000000000000000e+01,2.598148381449249644e+00,4.508535053955807115e+01,-9.746132875071183976e-01,0.000000000000000000e+00,0.000000000000000000e+00
4.990000000000000000e+02,4.676188445491463597e+01,7.600600000000000023e+01,5.000000000000000000e+01,2.598148381449249644e+00,4.510100507300985129e+01,-9.372689995444649647e-01,0.000000000000000000e+00,0.000000000000000000e+00
5.000000000000000000e+02,4.681345235407373906e+01,7.600600000000000023e+01,5.000000000000000000e+01,2.598148381449249644e+00,4.511665960646163143e+01,-9.013556338371448984e-01,0.000000000000000000e+00,0.000000000000000000e+00
5.010000000000000000e+02,4.686364415967052111e+01,7.606999999999999318e+01,5.000000000000000000e+01,2.598148381449249644e+00,4.513231413991341157e+01,-8.668183616921368850e-01,0.000000000000000000e+00,0.000000000000000000e+00
5.020000000000000000e+02,4.656546908176547106e+01,7.610299999999999443e+01,5.000000000000000000e+01,2.430863173790564158e+00,4.514696073559767342e+01,-1.012354827622761633e+00,0.000000000000000000e+00,0.000000000000000000e+00
5.030000000000000000e+02,4.643996179534603641e+01,7.606999999999999318e+01,5.000000000000000000e+01,2.344606738591541450e+00,4.516108761337056166e+01,-1.065732556616066251e+00,0.000000000000000000e+00,0.000000000000000000e+00
5.040000000000000000e+02,4.667386869482417922e+01,7.619899999999999807e+01,5.000000000000000000e+01,2.430863173790564158e+00,4.517573420905482351e+01,-9.327286880212068976e-01,0.000000000000000000e+00,0.000000000000000000e+00
5.050000000000000000e+02,4.602474509447176843e+01,7.619899999999999807e+01,5.000000000000000000e+01,2.093678927103475473e+00,4.518834918017643076e+01,-1.257283012808137146e+00,0.000000000000000000e+00,0.000000000000000000e+00
5.060000000000000000e+02,4.608553541830271172e+01,7.626399999999999579e+01,5.000000000000000000e+01,2.093678927103475473e+00,4.520096415129803802e+01,-1.209107660098802661e+00,0.000000000000000000e+00,0.000000000000000000e+00
5.070000000000000000e+02,4.579201373290526078e+01,7.629600000000000648e+01,5.000000000000000000e+01,1.923779888075109801e+00,4.521255543562450896e+01,-1.344321590794359089e+00,0.000000000000000000e+00,0.000000000000000000e+00
5.080000000000000000e+02,4.568159367098879642e+01,7.632800000000000296e+01,5.000000000000000000e+01,1.840137284245729754e+00,4.522364275106721720e+01,-1.382186364324150096e+00,0.000000000000000000e+00,0.000000000000000000e+00
5.090000000000000000e+02,4.557212050590582209e+01,7.632800000000000296e+01,5.000000000000000000e+01,1.756494680416387011e+00,4.523422609762616986e+01,-1.418600272136736784e+00,0.000000000000000000e+00,0.000000000000000000e+00
5.100000000000000000e+02,4.563706040366886896e+01,7.632800000000000296e+01,5.000000000000000000e+01,1.756494680416387011e+00,4.524480944418512252e+01,-1.364243720932641013e+00,0.000000000000000000e+00,0.000000000000000000e+00
5.110000000000000000e+02,4.569991751975138783e+01,7.632800000000000296e+01,5.000000000000000000e+01,1.756494680416387011e+00,4.525539279074407517e+01,-1.311969951409076796e+00,0.000000000000000000e+00,0.000000000000000000e+00
5.120000000000000000e+02,4.576077166016447251e+01,7.632800000000000296e+01,5.000000000000000000e+01,1.756494680416387011e+00,4.526597613730302783e+01,-1.261699157554944106e+00,0.000000000000000000e+00,0.000000000000000000e+00
5.130000000000000000e+02,4.581969957298979068e+01,7.632800000000000296e+01,5.000000000000000000e+01,1.756494680416387011e+00,4.527655948386198048e+01,-1.213354591288577700e+00,0.000000000000000000e+00,0.000000000000000000e+00
5.140000000000000000e+02,4.587677506555035478e+01,7.632800000000000296e+01,5.000000000000000000e+01,1.756494680416387011e+00,4.528714283042093314e+01,-1.166862445286969585e+00,0.000000000000000000e+00,0.000000000000000000e+00
5.150000000000000000e+02,4.593206911709165041e+01,7.632800000000000296e+01,5.000000000000000000e+01,1.756494680416387011e+00,4.529772617697988579e+01,-1.122151740304626166e+00,0.000000000000000000e+00,0.000000000000000000e+00
5.160000000000000000e+02,4.598564998714519447e+01,7.632800000000000296e+01,5.000000000000000000e+01,1.756494680416387011e+00,4.530830952353883845e+01,-1.079154216810034317e+00,0.000000000000000000e+00,0.000000000000000000e+00
5.170000000000000000e+02,4.603758331973988760e+01,7.632800000000000296e+01,5.000000000000000000e+01,1.756494680416387011e+00,4.531889287009779110e+01,-1.037804230774294734e+00,0.000000000000000000e+00,0.000000000000000000e+00
5.180000000000000000e+02,4.608793224362030827e+01,7.632800000000000296e+01,5.000000000000000000e+01,1.756494680416387011e+00,4.532947621665674376e+01,-9.980386534528258302e-01,0.000000000000000000e+00,0.000000000000000000e+00
5.190000000000000000e+02,4.613675746862494975e+01,7.632800000000000296e+01,5.000000000000000000e+01,1.756494680416387011e+00,4.534005956321569641e+01,-9.597967750071362270e-01,0.000000000000000000e+00,0.000000000000000000e+00
5.200000000000000000e+02,4.618411737837151065e+01,7.632800000000000296e+01,5.000000000000000000e+01,1.756494680416387011e+00,4.535064290977464907e+01,-9.230202118195234284e-01,0.000000000000000000e+00,0.000000000000000000e+00
5.210000000000000000e+02,4.623006811939079341e+01,7.632800000000000296e+01,5.000000000000000000e+01,1.756494680416387011e+00,4.536122625633360173e+01,-8.876528173591992088e-01,0.000000000000000000e+00,0.000000000000000000e+00
5.220000000000000000e+02,4.627466368684518017e+01,7.632800000000000296e+01,5.000000000000000000e+01,1.756494680416387011e+00,4.537180960289255438e+01,-8.536405964637597821e-01,0.000000000000000000e+00,0.000000000000000000e+00
5.230000000000000000e+02,4.631795600696275983e+01,7.632800000000000296e+01,5.000000000000000000e+01,1.756494680416387011e+00,4.538239294945150704e+01,-8.209316229051358826e-01,0.000000000000000000e+00,0.000000000000000000e+00
5.240000000000000000e+02,4.635999501631268060e+01,7.632800000000000296e+01,5.000000000000000000e+01,1.756494680416387011e+00,4.539297629601045969e+01,-7.894759601141707606e-01,0.000000000000000000e+00,0.000000000000000000e+00
5.250000000000000000e+02,4.640082873804300334e+01,7.632800000000000296e+01,5.000000000000000000e+01,1.756494680416387011e+00,4.540355964256941235e+01,-7.592255849427974601e-01,0.000000000000000000e+00,0.000000000000000000e+00
5.260000000000000000e+02,4.644050335519732897e+01,7.632800000000000296e+01,5.000000000000000000e+01,1.756494680416387011e+00,4.541414298912836500e+01,-7.301343143474222641e-01,0.000000000000000000e+00,0.000000000000000000e+00
5.270000000000000000e+02,4.647906328122212471e+01,7.632800000000000296e+01,5.000000000000000000e+01,1.756494680416387011e+00,4.542472633568731766e+01,-7.021577348815841724e-01,0.000000000000000000e+00,0.000000000000000000e+00
5.280000000000000000e+02,4.651655122777241047e+01,7.632800000000000296e+01,5.000000000000000000e+01,1.756494680416387011e+00,4.543530968224627031e+01,-6.752531348902457431e-01,0.000000000000000000e+00,0.000000000000000000e+00
5.290000000000000000e+02,4.655300826991941676e+01,7.632800000000000296e+01,5.000000000000000000e+01,1.756494680416387011e+00,4.544589302880522297e+01,-6.493794393021978806e-01,0.000000000000000000e+00,0.000000000000000000e+00
5.300000000000000000e+02,4.658847390885954098e+01,7.632800000000000296e+01,5.000000000000000000e+01,1.756494680416387011e+00,4.545647637536417562e+01,-6.244971469210255366e-01,0.000000000000000000e+00,0.000000000000000000e+00
5.310000000000000000e+02,4.662298613222061761e+01,7.639300000000000068e+01,5.000000000000000000e+01,1.756494680416387011e+00,4.546705972192312828e+01,-6.005682701188981287e-01,0.000000000000000000e+00,0.000000000000000000e+00
5.320000000000000000e+02,4.630411539933253806e+01,7.642499999999999716e+01,5.000000000000000000e+01,1.586595641388021338e+00,4.547661938168694462e+01,-7.590996237424290083e-01,0.000000000000000000e+00,0.000000000000000000e+00
5.330000000000000000e+02,4.616923974435255218e+01,7.635999999999999943e+01,5.000000000000000000e+01,1.502953037558678373e+00,4.548567507256699827e+01,-8.193883657731209080e-01,0.000000000000000000e+00,0.000000000000000000e+00
5.340000000000000000e+02,4.656215803771636530e+01,7.635999999999999943e+01,5.000000000000000000e+01,1.672852076587044046e+00,4.549575445024218823e+01,-6.064484891128620880e-01,0.000000000000000000e+00,0.000000000000000000e+00
5.350000000000000000e+02,4.659547472120530642e+01,7.645699999999999363e+01,5.000000000000000000e+01,1.672852076587044046e+00,4.550583382791737819e+01,-5.832111832991124789e-01,0.000000000000000000e+00,0.000000000000000000e+00
5.360000000000000000e+02,4.610191318851249065e+01,7.652100000000000080e+01,5.000000000000000000e+01,1.419310433729335630e+00,4.551438554991367624e+01,-8.317827951305227785e-01,0.000000000000000000e+00,0.000000000000000000e+00
5.370000000000000000e+02,4.579529284024701496e+01,7.655400000000000205e+01,5.000000000000000000e+01,1.252025226070612618e+00,4.552192933414244891e+01,-9.786617199660501143e-01,0.000000000000000000e+00,0.000000000000000000e+00
5.380000000000000000e+02,4.566139172250726119e+01,7.658599999999999852e+01,5.000000000000000000e+01,1.165768790871589911e+00,4.552895340045984796e+01,-1.033330468824174453e+00,0.000000000000000000e+00,0.000000000000000000e+00
5.390000000000000000e+02,4.553448818598901227e+01,7.665000000000000568e+01,5.000000000000000000e+01,1.082126187042246945e+00,4.553547349789348431e+01,-1.083111498946721651e+00,0.000000000000000000e+00,0.000000000000000000e+00
5.400000000000000000e+02,4.523546638300250322e+01,7.665000000000000568e+01,5.000000000000000000e+01,9.148409793835240444e-01,4.554098565755960237e+01,-1.220360253940629525e+00,0.000000000000000000e+00,0.000000000000000000e+00
5.410000000000000000e+02,4.528773912486620645e+01,7.665000000000000568e+01,5.000000000000000000e+01,9.148409793835240444e-01,4.554649781722572044e+01,-1.173599671743043915e+00,0.000000000000000000e+00,0.000000000000000000e+00
5.420000000000000000e+02,4.533822014003248313e+01,7.665000000000000568e+01,5.000000000000000000e+01,9.148409793835240444e-01,4.555200997689183851e+01,-1.128630816242879531e+00,0.000000000000000000e+00,0.000000000000000000e+00
5.430000000000000000e+02,4.538697808214951124e+01,7.665000000000000568e+01,5.000000000000000000e+01,9.148409793835240444e-01,4.555752213655795657e+01,-1.085385033791969933e+00,0.000000000000000000e+00,0.000000000000000000e+00
5.440000000000000000e+02,4.543407897426146036e+01,7.665000000000000568e+01,5.000000000000000000e+01,9.148409793835240444e-01,4.556303429622407464e+01,-1.043796301346142652e+00,0.000000000000000000e+00,0.000000000000000000e+00
5.450000000000000000e+02,4.547958630960543758e+01,7.665000000000000568e+01,5.000000000000000000e+01,9.148409793835240444e-01,4.556854645589019270e+01,-1.003801125668283722e+00,0.000000000000000000e+00,0.000000000000000000e+00
5.460000000000000000e+02,4.552356114854620017e+01,7.665000000000000568e+01,5.000000000000000000e+01,9.148409793835240444e-01,4.557405861555631077e+01,-9.653384463936404147e-01,0.000000000000000000e+00,0.000000000000000000e+00
5.470000000000000000e+02,4.556606221179657723e+01,7.665000000000000568e+01,5.000000000000000000e+01,9.148409793835240444e-01,4.557957077522242884e+01,-9.283495428093752055e-01,0.000000000000000000e+00,0.000000000000000000e+00
5.480000000000000000e+02,4.560714597006602133e+01,7.665000000000000568e+01,5.000000000000000000e+01,9.148409793835240444e-01,4.558508293488854690e+01,-8.927779442060493897e-01,0.000000000000000000e+00,0.000000000000000000e+00
5.490000000000000000e+02,4.564686673027402009e+01,7.665000000000000568e+01,5.000000000000000000e+01,9.148409793835240444e-01,4.559059509455466497e+01,-8.585693436641724796e-01,0.000000000000000000e+00,0.000000000000000000e+00
5.500000000000000000e+02,4.568527671846011629e+01,7.665000000000000568e+01,5.000000000000000000e+01,9.148409793835240444e-01,4.559610725422078303e+01,-8.256715151441944567e-01,0.000000000000000000e+00,0.000000000000000000e+00
5.510000000000000000e+02,4.572242615951706313e+01,7.665000000000000568e+01,5.000000000000000000e+01,9.148409793835240444e-01,4.560161941388690110e+01,-7.940342337533639050e-01,0.000000000000000000e+00,0.000000000000000000e+00
5.520000000000000000e+02,4.575836335386882325e+01,7.671500000000000341e+01,5.000000000000000000e+01,9.148409793835240444e-01,4.560713157355301917e+01,-7.636091990677230656e-01,0.000000000000000000e+00,0.000000000000000000e+00
5.530000000000000000e+02,4.544066867848567171e+01,7.665000000000000568e+01,5.000000000000000000e+01,7.449419403551584828e-01,4.561162004642400092e+01,-9.158933082934918035e-01,0.000000000000000000e+00,0.000000000000000000e+00
5.540000000000000000e+02,4.583271753675543891e+01,7.668300000000000693e+01,5.000000000000000000e+01,9.148409793835240444e-01,4.561713220609011898e+01,-6.992556487182081115e-01,0.000000000000000000e+00,0.000000000000000000e+00
5.550000000000000000e+02,4.568607878324125693e+01,7.665000000000000568e+01,5.000000000000000000e+01,8.285845441845013370e-01,4.562212464784486343e+01,-7.646304087881043987e-01,0.000000000000000000e+00,0.000000000000000000e+00
5.560000000000000000e+02,4.589931390624141727e+01,7.665000000000000568e+01,5.000000000000000000e+01,9.148409793835240444e-01,4.562763680751098150e+01,-6.431638806530923791e-01,0.000000000000000000e+00,0.000000000000000000e+00
5.570000000000000000e+02,4.592947019653263396e+01,7.668300000000000693e+01,5.000000000000000000e+01,9.148409793835240444e-01,4.563314896717709956e+01,-6.185197500279890903e-01,0.000000000000000000e+00,0.000000000000000000e+00
5.580000000000000000e+02,4.577973788305138214e+01,7.674699999999999989e+01,5.000000000000000000e+01,8.285845441845013370e-01,4.563814140893184401e+01,-6.869880700649602101e-01,0.000000000000000000e+00,0.000000000000000000e+00
5.590000000000000000e+02,4.546401015051421979e+01,7.665000000000000568e+01,5.000000000000000000e+01,6.612993365258155176e-01,4.564212591291907017e+01,-8.394150989306652377e-01,0.000000000000000000e+00,0.000000000000000000e+00
5.600000000000000000e+02,4.602614638082879850e+01,7.674699999999999989e+01,5.000000000000000000e+01,9.148409793835240444e-01,4.564763807258518824e+01,-5.363326711399147850e-01,0.000000000000000000e+00,0.000000000000000000e+00
5.610000000000000000e+02,4.552622138470344026e+01,7.668300000000000693e+01,5.000000000000000000e+01,6.612993365258155176e-01,4.565162257657241440e+01,-7.867005283947912098e-01,0.000000000000000000e+00,0.000000000000000000e+00
5.620000000000000000e+02,4.590739343531743089e+01,7.677899999999999636e+01,5.000000000000000000e+01,8.285845441845013370e-01,4.565661501832715885e+01,-5.778061271942327437e-01,0.000000000000000000e+00,0.000000000000000000e+00
5.630000000000000000e+02,4.541396041596456712e+01,7.674699999999999989e+01,5.000000000000000000e+01,5.776567326964726634e-01,4.566009555343062232e+01,-8.237918701625306372e-01,0.000000000000000000e+00,0.000000000000000000e+00
5.640000000000000000e+02,4.562252796892293105e+01,7.668300000000000693e+01,5.000000000000000000e+01,6.612993365258155176e-01,4.566408005741784848e+01,-7.028514250207320568e-01,0.000000000000000000e+00,0.000000000000000000e+00
5.650000000000000000e+02,4.600048717080814953e+01,7.674699999999999989e+01,5.000000000000000000e+01,8.285845441845013370e-01,4.566907249917259293e+01,-4.971698725489451798e-01,0.000000000000000000e+00,0.000000000000000000e+00
5.660000000000000000e+02,4.567748616843211096e+01,7.687600000000000477e+01,5.000000000000000000e+01,6.612993365258155176e-01,4.567305700315981909e+01,-6.568701712535226500e-01,0.000000000000000000e+00,0.000000000000000000e+00
5.670000000000000000e+02,4.500713039692738704e+01,7.671500000000000341e+01,5.000000000000000000e+01,3.241150898387269996e-01,4.567500988258439065e+01,-9.919945754957337769e-01,0.000000000000000000e+00,0.000000000000000000e+00
5.680000000000000000e+02,4.592012491303722044e+01,7.677899999999999636e+01,5.000000000000000000e+01,7.449419403551584828e-01,4.567949835545537240e+01,-5.043153827733108940e-01,0.000000000000000000e+00,0.000000000000000000e+00
5.690000000000000000e+02,4.559689373651722377e+01,7.681199999999999761e+01,5.000000000000000000e+01,5.776567326964726634e-01,4.568297889055883587e+01,-6.637418867380882048e-01,0.000000000000000000e+00,0.000000000000000000e+00
5.700000000000000000e+02,4.544686257650665340e+01,7.687600000000000477e+01,5.000000000000000000e+01,4.914002974974499560e-01,4.568593970775092572e+01,-7.304774287417246104e-01,0.000000000000000000e+00,0.000000000000000000e+00
5.710000000000000000e+02,4.513076960252973890e+01,7.697299999999999898e+01,5.000000000000000000e+01,3.241150898387269996e-01,4.568789258717549728e+01,-8.812380744844869884e-01,0.000000000000000000e+00,0.000000000000000000e+00
5.720000000000000000e+02,4.464050107734072981e+01,7.697299999999999898e+01,5.000000000000000000e+01,7.057344698101852831e-02,4.568831781092116984e+01,-1.118390180561457559e+00,0.000000000000000000e+00,0.000000000000000000e+00
5.730000000000000000e+02,4.468377969277811701e+01,7.697299999999999898e+01,5.000000000000000000e+01,7.057344698101852831e-02,4.568874303466684239e+01,-1.075536788869744242e+00,0.000000000000000000e+00,0.000000000000000000e+00
5.740000000000000000e+02,4.472541629345946745e+01,7.697299999999999898e+01,5.000000000000000000e+01,7.057344698101852831e-02,4.568916825841251494e+01,-1.034325411934063021e+00,0.000000000000000000e+00,0.000000000000000000e+00
5.750000000000000000e+02,4.476547379651579206e+01,7.697299999999999898e+01,5.000000000000000000e+01,7.057344698101852831e-02,4.568959348215818750e+01,-9.946931326234100812e-01,0.000000000000000000e+00,0.000000000000000000e+00
5.760000000000000000e+02,4.480401270828041049e+01,7.697299999999999898e+01,5.000000000000000000e+01,7.057344698101852831e-02,4.569001870590386005e+01,-9.565794446044673105e-01,0.000000000000000000e+00,0.000000000000000000e+00
5.770000000000000000e+02,4.484109121666355691e+01,7.697299999999999898e+01,5.000000000000000000e+01,7.057344698101852831e-02,4.569044392964953261e+01,-9.199261599669916745e-01,0.000000000000000000e+00,0.000000000000000000e+00
5.780000000000000000e+02,4.487676527998749521e+01,7.697299999999999898e+01,5.000000000000000000e+01,7.057344698101852831e-02,4.569086915339520516e+01,-8.846773203887251524e-01,0.000000000000000000e+00,0.000000000000000000e+00
5.790000000000000000e+02,4.491108871241769407e+01,7.697299999999999898e+01,5.000000000000000000e+01,7.057344698101852831e-02,4.569129437714087771e+01,-8.507791117042022844e-01,0.000000000000000000e+00,0.000000000000000000e+00
5.800000000000000000e+02,4.494411326612053870e+01,7.697299999999999898e+01,5.000000000000000000e+01,7.057344698101852831e-02,4.569171960088655027e+01,-8.181797817470266576e-01,0.000000000000000000e+00,0.000000000000000000e+00
5.810000000000000000e+02,4.497588871027304691e+01,7.697299999999999898e+01,5.000000000000000000e+01,7.057344698101852831e-02,4.569214482463222282e+01,-7.868295613401878885e-01,0.000000000000000000e+00,0.000000000000000000e+00
5.820000000000000000e+02,4.500646290704511898e+01,7.697299999999999898e+01,5.000000000000000000e+01,7.057344698101852831e-02,4.569257004837789538e+01,-7.566805883137949218e-01,0.000000000000000000e+00,0.000000000000000000e+00
5.830000000000000000e+02,4.503588188467035991e+01,7.690800000000000125e+01,5.000000000000000000e+01,7.057344698101852831e-02,4.569299527212356793e+01,-7.276868344342245498e-01,0.000000000000000000e+00,0.000000000000000000e+00
5.840000000000000000e+02,4.541665598044194496e+01,7.690800000000000125e+01,5.000000000000000000e+01,2.404724860093840899e-01,4.569444418266437680e+01,-5.182606882318125940e-01,0.000000000000000000e+00,0.000000000000000000e+00
5.850000000000000000e+02,4.543796310205902245e+01,7.697299999999999898e+01,5.000000000000000000e+01,2.404724860093840899e-01,4.569589309320518566e+01,-4.984024771555446431e-01,0.000000000000000000e+00,0.000000000000000000e+00
5.860000000000000000e+02,4.510604324325346681e+01,7.697299999999999898e+01,5.000000000000000000e+01,7.057344698101852831e-02,4.569631831695085822e+01,-6.608485206784049382e-01,0.000000000000000000e+00,0.000000000000000000e+00
5.870000000000000000e+02,4.513179022053179779e+01,7.697299999999999898e+01,5.000000000000000000e+01,7.057344698101852831e-02,4.569674354069653077e+01,-6.355267671457478507e-01,0.000000000000000000e+00,0.000000000000000000e+00
5.880000000000000000e+02,4.515656694338433397e+01,7.697299999999999898e+01,5.000000000000000000e+01,7.057344698101852831e-02,4.569716876444220333e+01,-6.111752680388863324e-01,0.000000000000000000e+00,0.000000000000000000e+00
5.890000000000000000e+02,4.518041058908039531e+01,7.697299999999999898e+01,5.000000000000000000e+01,7.057344698101852831e-02,4.569759398818787588e+01,-5.877568460884987633e-01,0.000000000000000000e+00,0.000000000000000000e+00
5.900000000000000000e+02,4.520335691036670056e+01,7.697299999999999898e+01,5.000000000000000000e+01,7.057344698101852831e-02,4.569801921193354843e+01,-5.652357485478606280e-01,0.000000000000000000e+00,0.000000000000000000e+00
5.910000000000000000e+02,4.522544029005086941e+01,7.697299999999999898e+01,5.000000000000000000e+01,7.057344698101852831e-02,4.569844443567922099e+01,-5.435775926093667776e-01,0.000000000000000000e+00,0.000000000000000000e+00
5.920000000000000000e+02,4.524669379349337817e+01,7.697299999999999898e+01,5.000000000000000000e+01,7.057344698101852831e-02,4.569886965942489354e+01,-5.227493129125317939e-01,0.000000000000000000e+00,0.000000000000000000e+00
5.930000000000000000e+02,4.526714921908825318e+01,7.697299999999999898e+01,5.000000000000000000e+01,7.057344698101852831e-02,4.569929488317056610e+01,-5.027191110633267845e-01,0.000000000000000000e+00,0.000000000000000000e+00
5.940000000000000000e+02,4.528683714680946792e+01,7.697299999999999898e+01,5.000000000000000000e+01,7.057344698101852831e-02,4.569972010691623865e+01,-4.834564070877861997e-01,0.000000000000000000e+00,0.000000000000000000e+00
5.950000000000000000e+02,4.530578698489716061e+01,7.697299999999999898e+01,5.000000000000000000e+01,7.057344698101852831e-02,4.570014533066191120e+01,-4.649317927457677913e-01,0.000000000000000000e+00,0.000000000000000000e+00
5.960000000000000000e+02,4.532402701475501061e+01,7.697299999999999898e+01,5.000000000000000000e+01,7.057344698101852831e-02,4.570057055440758376e+01,-4.471169866335908960e-01,0.000000000000000000e+00,0.000000000000000000e+00
5.970000000000000000e+02,4.534158443412726314e+01,7.697299999999999898e+01,5.000000000000000000e+01,7.057344698101852831e-02,4.570099577815325631e+01,-4.299847910070083712e-01,0.000000000000000000e+00,0.000000000000000000e+00
5.980000000000000000e+02,4.535848539862134743e+01,7.697299999999999898e+01,5.000000000000000000e+01,7.057344698101852831e-02,4.570142100189892886e+01,-4.135090502585940242e-01,0.000000000000000000e+00,0.000000000000000000e+00
5.990000000000000000e+02,4.537475506163946193e+01,7.697299999999999898e+01,5.000000000000000000e+01,7.057344698101852831e-02,4.570184622564460142e+01,-3.976646109861534106e-01,0.000000000000000000e+00,0.000000000000000000e+00
6.000000000000000000e+02,4.539041761278009801e+01,7.697299999999999898e+01,5.000000000000000000e+01,7.057344698101852831e-02,4.570227144939027397e+01,-3.824272835911942114e-01,0.000000000000000000e+00,0.000000000000000000e+00
6.010000000000000000e+02,4.540549631476812920e+01,7.697299999999999898e+01,5.000000000000000000e+01,7.057344698101852831e-02,4.570269667313594653e+01,-3.677738053488297520e-01,0.000000000000000000e+00,0.000000000000000000e+00
6.020000000000000000e+02,4.542001353896989713e+01,7.700499999999999545e+01,5.000000000000000000e+01,7.057344698101852831e-02,4.570312189688161908e+01,-3.536818048927337643e-01,0.000000000000000000e+00,0.000000000000000000e+00
6.030000000000000000e+02,4.526046904066748056e+01,7.697299999999999898e+01,5.000000000000000000e+01,-1.306915684832438314e-02,4.570304315174352894e+01,-4.295049542277209476e-01,0.000000000000000000e+00,0.000000000000000000e+00
6.040000000000000000e+02,4.545036940923675672e+01,7.697299999999999898e+01,5.000000000000000000e+01,7.057344698101852831e-02,4.570346837548920149e+01,-3.236724132334620196e-01,0.000000000000000000e+00,0.000000000000000000e+00
6.050000000000000000e+02,4.546319679901104394e+01,7.697299999999999898e+01,5.000000000000000000e+01,7.057344698101852831e-02,4.570389359923487405e+01,-3.112702472048472502e-01,0.000000000000000000e+00,0.000000000000000000e+00
6.060000000000000000e+02,4.547554897459989576e+01,7.697299999999999898e+01,5.000000000000000000e+01,7.057344698101852831e-02,4.570431882298054660e+01,-2.993432953616637637e-01,0.000000000000000000e+00,0.000000000000000000e+00
6.070000000000000000e+02,4.548744414480020026e+01,7.697299999999999898e+01,5.000000000000000000e+01,7.057344698101852831e-02,4.570474404672621915e+01,-2.878733489070358087e-01,0.000000000000000000e+00,0.000000000000000000e+00
6.080000000000000000e+02,4.549889982070178007e+01,7.697299999999999898e+01,5.000000000000000000e+01,7.057344698101852831e-02,4.570516927047189171e+01,-2.768428967511296079e-01,0.000000000000000000e+00,0.000000000000000000e+00
6.090000000000000000e+02,4.550993284242149173e+01,7.697299999999999898e+01,5.000000000000000000e+01,7.057344698101852831e-02,4.570559449421756426e+01,-2.662350987770907840e-01,0.000000000000000000e+00,0.000000000000000000e+00
6.100000000000000000e+02,4.552055940481290008e+01,7.697299999999999898e+01,5.000000000000000000e+01,7.057344698101852831e-02,4.570601971796323681e+01,-2.560337601313517064e-01,0.000000000000000000e+00,0.000000000000000000e+00
6.110000000000000000e+02,4.553079508219086335e+01,7.697299999999999898e+01,5.000000000000000000e+01,7.057344698101852831e-02,4.570644494170890937e+01,-2.462233064990577702e-01,0.000000000000000000e+00,0.000000000000000000e+00
6.120000000000000000e+02,4.554065485210873021e+01,7.697299999999999898e+01,5.000000000000000000e+01,7.057344698101852831e-02,4.570687016545458192e+01,-2.367887603268660213e-01,0.000000000000000000e+00,0.000000000000000000e+00
6.130000000000000000e+02,4.555015311822445767e+01,7.697299999999999898e+01,5.000000000000000000e+01,7.057344698101852831e-02,4.570729538920025448e+01,-2.277157179568156109e-01,0.000000000000000000e+00,0.000000000000000000e+00
6.140000000000000000e+02,4.555930373229058006e+01,7.697299999999999898e+01,5.000000000000000000e+01,7.057344698101852831e-02,4.570772061294592703e+01,-2.189903276363603379e-01,0.000000000000000000e+00,0.000000000000000000e+00
6.150000000000000000e+02,4.556812001530162348e+01,7.697299999999999898e+01,5.000000000000000000e+01,7.057344698101852831e-02,4.570814583669159958e+01,-2.105992683709916324e-01,0.000000000000000000e+00,0.000000000000000000e+00
6.160000000000000000e+02,4.557661477783111792e+01,7.697299999999999898e+01,5.000000000000000000e+01,7.057344698101852831e-02,4.570857106043727214e+01,-2.025297295871660574e-01,0.000000000000000000e+00,0.000000000000000000e+00
6.170000000000000000e+02,4.558480033958947075e+01,7.697299999999999898e+01,5.000000000000000000e+01,7.057344698101852831e-02,4.570899628418294469e+01,-1.947693915744891924e-01,0.000000000000000000e+00,0.000000000000000000e+00
6.180000000000000000e+02,4.559268854823233852e+01,7.697299999999999898e+01,5.000000000000000000e+01,7.057344698101852831e-02,4.570942150792861725e+01,-1.873064066772969216e-01,0.000000000000000000e+00,0.000000000000000000e+00
6.190000000000000000e+02,4.560029079744838754e+01,7.697299999999999898e+01,5.000000000000000000e+01,7.057344698101852831e-02,4.570984673167428980e+01,-1.801293812069195144e-01,0.000000000000000000e+00,0.000000000000000000e+00
6.200000000000000000e+02,4.560761804435396272e+01,7.697299999999999898e+01,5.000000000000000000e+01,7.057344698101852831e-02,4.571027195541996235e+01,-1.732273580470140018e-01,0.000000000000000000e+00,0.000000000000000000e+00
6.210000000000000000e+02,4.561468082622123887e+01,7.697299999999999898e+01,5.000000000000000000e+01,7.057344698101852831e-02,4.571069717916563491e+01,-1.665897999254086492e-01,0.000000000000000000e+00,0.000000000000000000e+00
6.220000000000000000e+02,4.562148927656540565e+01,7.700499999999999545e+01,5.000000000000000000e+01,7.057344698101852831e-02,4.571112240291130746e+01,-1.602065733269206482e-01,0.000000000000000000e+00,0.000000000000000000e+00
6.230000000000000000e+02,4.545453138173551366e+01,7.700499999999999545e+01,5.000000000000000000e+01,-1.306915684832438314e-02,4.571104365777321732e+01,-2.434431191893813018e-01,0.000000000000000000e+00,0.000000000000000000e+00
6.240000000000000000e+02,4.546378065424510595e+01,7.706900000000000261e+01,5.000000000000000000e+01,-1.306915684832438314e-02,4.571096491263512718e+01,-2.341151015416961800e-01,0.000000000000000000e+00,0.000000000000000000e+00
6.250000000000000000e+02,4.512562898704950953e+01,7.697299999999999898e+01,5.000000000000000000e+01,-1.803543645070473656e-01,4.570987822972951875e+01,-4.038948781729599924e-01,0.000000000000000000e+00,0.000000000000000000e+00
6.260000000000000000e+02,4.566058363352220084e+01,7.710200000000000387e+01,5.000000000000000000e+01,7.057344698101852831e-02,4.571030345347519130e+01,-1.202932669340073257e-01,0.000000000000000000e+00,0.000000000000000000e+00
6.270000000000000000e+02,4.496610854767227039e+01,7.703700000000000614e+01,5.000000000000000000e+01,-2.666107997060699897e-01,4.570869705265820926e+01,-4.759777052798688790e-01,0.000000000000000000e+00,0.000000000000000000e+00
6.280000000000000000e+02,4.533520627226994293e+01,7.713400000000000034e+01,5.000000000000000000e+01,-9.671176067770444196e-02,4.570811433863636353e+01,-2.761963056887125623e-01,0.000000000000000000e+00,0.000000000000000000e+00
6.290000000000000000e+02,4.481921874916736925e+01,7.713400000000000034e+01,5.000000000000000000e+01,-3.502534035354128994e-01,4.570600396893561879e+01,-5.365318162328396312e-01,0.000000000000000000e+00,0.000000000000000000e+00
6.300000000000000000e+02,4.483766668592863880e+01,7.723000000000000398e+01,5.000000000000000000e+01,-3.502534035354128994e-01,4.570389359923487405e+01,-5.159735097708232354e-01,0.000000000000000000e+00,0.000000000000000000e+00
6.310000000000000000e+02,4.433476161277543781e+01,7.710200000000000387e+01,5.000000000000000000e+01,-6.011812150234787655e-01,4.570027132288285543e+01,-7.643284950839380754e-01,0.000000000000000000e+00,0.000000000000000000e+00
6.320000000000000000e+02,4.505451317090668084e+01,7.716599999999999682e+01,5.000000000000000000e+01,-2.666107997060699897e-01,4.569866492206587338e+01,-3.775409514531186672e-01,0.000000000000000000e+00,0.000000000000000000e+00
6.330000000000000000e+02,4.472032950083019642e+01,7.716599999999999682e+01,5.000000000000000000e+01,-4.338960073647558091e-01,4.569605058348137305e+01,-5.418250752864208764e-01,0.000000000000000000e+00,0.000000000000000000e+00
6.340000000000000000e+02,4.473847629068119858e+01,7.713400000000000034e+01,5.000000000000000000e+01,-4.338960073647558091e-01,4.569343624489687272e+01,-5.210639468509185024e-01,0.000000000000000000e+00,0.000000000000000000e+00
6.350000000000000000e+02,4.492934933460145430e+01,7.719799999999999329e+01,5.000000000000000000e+01,-3.502534035354128994e-01,4.569132587519612798e+01,-4.117231370592611683e-01,0.000000000000000000e+00,0.000000000000000000e+00
6.360000000000000000e+02,4.459597145552118036e+01,7.710200000000000387e+01,5.000000000000000000e+01,-5.175386111940987188e-01,4.568820756772786496e+01,-5.746975010125869865e-01,0.000000000000000000e+00,0.000000000000000000e+00
6.370000000000000000e+02,4.513543912689760873e+01,7.710200000000000387e+01,5.000000000000000000e+01,-2.666107997060699897e-01,4.568660116691088291e+01,-2.845512403072025243e-01,0.000000000000000000e+00,0.000000000000000000e+00
6.380000000000000000e+02,4.514473588489692446e+01,7.719799999999999329e+01,5.000000000000000000e+01,-2.666107997060699897e-01,4.568499476609390086e+01,-2.736480814909066361e-01,0.000000000000000000e+00,0.000000000000000000e+00
6.390000000000000000e+02,4.463304958957757407e+01,7.719799999999999329e+01,5.000000000000000000e+01,-5.175386111940987188e-01,4.568187645862563784e+01,-5.312882578539677159e-01,0.000000000000000000e+00,0.000000000000000000e+00
6.400000000000000000e+02,4.465028867098015297e+01,7.723000000000000398e+01,5.000000000000000000e+01,-5.175386111940987188e-01,4.567875815115737481e+01,-5.109308689831227879e-01,0.000000000000000000e+00,0.000000000000000000e+00
6.410000000000000000e+02,4.449322595879370823e+01,7.719799999999999329e+01,5.000000000000000000e+01,-6.011812150234787655e-01,4.567513587480535620e+01,-5.807287009881657580e-01,0.000000000000000000e+00,0.000000000000000000e+00
6.420000000000000000e+02,4.468537724120565002e+01,7.723000000000000398e+01,5.000000000000000000e+01,-5.175386111940987188e-01,4.567201756733709317e+01,-4.691017149373480910e-01,0.000000000000000000e+00,0.000000000000000000e+00
6.430000000000000000e+02,4.452671176000923481e+01,7.723000000000000398e+01,5.000000000000000000e+01,-6.011812150234787655e-01,4.566839529098507455e+01,-5.405023159523592025e-01,0.000000000000000000e+00,0.000000000000000000e+00
6.440000000000000000e+02,4.454379992788175002e+01,7.726300000000000523e+01,5.000000000000000000e+01,-6.011812150234787655e-01,4.566477301463305594e+01,-5.197918717278251499e-01,0.000000000000000000e+00,0.000000000000000000e+00
6.450000000000000000e+02,4.438115021916721048e+01,7.729500000000000171e+01,5.000000000000000000e+01,-6.874376502225014729e-01,4.566063102036965660e+01,-5.920431509799466419e-01,0.000000000000000000e+00,0.000000000000000000e+00
6.460000000000000000e+02,4.422617180204375842e+01,7.729500000000000171e+01,5.000000000000000000e+01,-7.710802540518443271e-01,4.565598505722249456e+01,-6.587330011268888175e-01,0.000000000000000000e+00,0.000000000000000000e+00
6.470000000000000000e+02,4.424676653200012311e+01,7.726300000000000523e+01,5.000000000000000000e+01,-7.710802540518443271e-01,4.565133909407533253e+01,-6.334923080233630932e-01,0.000000000000000000e+00,0.000000000000000000e+00
6.480000000000000000e+02,4.443991587240560648e+01,7.726300000000000523e+01,5.000000000000000000e+01,-6.874376502225014729e-01,4.564719709981193319e+01,-5.198435771838283426e-01,0.000000000000000000e+00,0.000000000000000000e+00
6.490000000000000000e+02,4.445569274082419042e+01,7.729500000000000171e+01,5.000000000000000000e+01,-6.874376502225014729e-01,4.564305510554853385e+01,-4.999247145018469451e-01,0.000000000000000000e+00,0.000000000000000000e+00
6.500000000000000000e+02,4.429718461867557266e+01,7.726300000000000523e+01,5.000000000000000000e+01,-7.710802540518443271e-01,4.563840914240137181e+01,-5.701442696739553728e-01,0.000000000000000000e+00,0.000000000000000000e+00
6.510000000000000000e+02,4.448790665030503533e+01,7.726300000000000523e+01,5.000000000000000000e+01,-6.874376502225014729e-01,4.563426714813797247e+01,-4.589228476104381671e-01,0.000000000000000000e+00,0.000000000000000000e+00
6.520000000000000000e+02,4.450134921721424064e+01,7.729500000000000171e+01,5.000000000000000000e+01,-6.874376502225014729e-01,4.563012515387457313e+01,-4.413382864378305737e-01,0.000000000000000000e+00,0.000000000000000000e+00
6.530000000000000000e+02,4.434059623706053799e+01,7.729500000000000171e+01,5.000000000000000000e+01,-7.710802540518443271e-01,4.562547919072741109e+01,-5.138026996150273362e-01,0.000000000000000000e+00,0.000000000000000000e+00
6.540000000000000000e+02,4.435563766809973174e+01,7.726300000000000523e+01,5.000000000000000000e+01,-7.710802540518443271e-01,4.562083322758024906e+01,-4.941153054286719915e-01,0.000000000000000000e+00,0.000000000000000000e+00
6.550000000000000000e+02,4.454344649551715207e+01,7.723000000000000398e+01,5.000000000000000000e+01,-6.874376502225014729e-01,4.561669123331684972e+01,-3.858070875771971719e-01,0.000000000000000000e+00,0.000000000000000000e+00
6.560000000000000000e+02,4.473303179739657054e+01,7.726300000000000523e+01,5.000000000000000000e+01,-6.011812150234787655e-01,4.561306895696483110e+01,-2.788559445447770790e-01,0.000000000000000000e+00,0.000000000000000000e+00
6.570000000000000000e+02,4.456115013918923751e+01,7.716599999999999682e+01,5.000000000000000000e+01,-6.874376502225014729e-01,4.560892696270143176e+01,-3.603391732896935595e-01,0.000000000000000000e+00,0.000000000000000000e+00
6.580000000000000000e+02,4.509680310395649627e+01,7.723000000000000398e+01,5.000000000000000000e+01,-4.338960073647558091e-01,4.560631262411693143e+01,-7.561351279567662953e-02,0.000000000000000000e+00,0.000000000000000000e+00
6.590000000000000000e+02,4.475004253295792012e+01,7.716599999999999682e+01,5.000000000000000000e+01,-6.011812150234787655e-01,4.560269034776491281e+01,-2.514665997835122124e-01,0.000000000000000000e+00,0.000000000000000000e+00
6.600000000000000000e+02,4.510309922797150506e+01,7.716599999999999682e+01,5.000000000000000000e+01,-4.338960073647558091e-01,4.560007600918041248e+01,-6.308077384415158861e-02,0.000000000000000000e+00,0.000000000000000000e+00
6.610000000000000000e+02,4.510290195738057406e+01,7.710200000000000387e+01,5.000000000000000000e+01,-4.338960073647558091e-01,4.559746167059591215e+01,-6.066370585058002834e-02,0.000000000000000000e+00,0.000000000000000000e+00
6.620000000000000000e+02,4.544965558967917474e+01,7.713400000000000034e+01,5.000000000000000000e+01,-2.666107997060699897e-01,4.559585526977893011e+01,1.204111196063193251e-01,0.000000000000000000e+00,0.000000000000000000e+00
6.630000000000000000e+02,4.526991363332867024e+01,7.700499999999999545e+01,5.000000000000000000e+01,-3.502534035354128994e-01,4.559374490007818537e+01,2.642213678589463988e-02,0.000000000000000000e+00,0.000000000000000000e+00
6.640000000000000000e+02,4.596630043626711881e+01,7.697299999999999898e+01,5.000000000000000000e+01,-1.306915684832438314e-02,4.559366615494009523e+01,3.857034381753510210e-01,0.000000000000000000e+00,0.000000000000000000e+00
6.650000000000000000e+02,4.612496443924841572e+01,7.697299999999999898e+01,5.000000000000000000e+01,7.057344698101852831e-02,4.559409137868576778e+01,4.602996135816333489e-01,0.000000000000000000e+00,0.000000000000000000e+00
6.660000000000000000e+02,4.610775234823650237e+01,7.703700000000000614e+01,5.000000000000000000e+01,7.057344698101852831e-02,4.559451660243144033e+01,4.426622988240453971e-01,0.000000000000000000e+00,0.000000000000000000e+00
6.670000000000000000e+02,4.574417254900850338e+01,7.697299999999999898e+01,5.000000000000000000e+01,-9.671176067770444196e-02,4.559393388840959460e+01,2.469504212766120976e-01,0.000000000000000000e+00,0.000000000000000000e+00
6.680000000000000000e+02,4.608117094569455219e+01,7.697299999999999898e+01,5.000000000000000000e+01,7.057344698101852831e-02,4.559435911215526716e+01,4.162383865582693354e-01,0.000000000000000000e+00,0.000000000000000000e+00
6.690000000000000000e+02,4.606564715010302535e+01,7.697299999999999898e+01,5.000000000000000000e+01,7.057344698101852831e-02,4.559478433590093971e+01,4.002893672210701692e-01,0.000000000000000000e+00,0.000000000000000000e+00
6.700000000000000000e+02,4.605073447358660843e+01,7.697299999999999898e+01,5.000000000000000000e+01,7.057344698101852831e-02,4.559520955964661226e+01,3.849514669589800264e-01,0.000000000000000000e+00,0.000000000000000000e+00
6.710000000000000000e+02,4.603640949987649833e+01,7.697299999999999898e+01,5.000000000000000000e+01,7.057344698101852831e-02,4.559563478339228482e+01,3.702012695031947631e-01,0.000000000000000000e+00,0.000000000000000000e+00
6.720000000000000000e+02,4.602264970994578874e+01,7.697299999999999898e+01,5.000000000000000000e+01,7.057344698101852831e-02,4.559606000713795737e+01,3.560162558268178401e-01,0.000000000000000000e+00,0.000000000000000000e+00
6.730000000000000000e+02,4.600943344762985987e+01,7.697299999999999898e+01,5.000000000000000000e+01,7.057344698101852831e-02,4.559648523088362992e+01,3.423747697652138600e-01,0.000000000000000000e+00,0.000000000000000000e+00
6.740000000000000000e+02,4.599673988656400780e+01,7.697299999999999898e+01,5.000000000000000000e+01,7.057344698101852831e-02,4.559691045462930248e+01,3.292559849536883521e-01,0.000000000000000000e+00,0.000000000000000000e+00
6.750000000000000000e+02,4.598454899838800713e+01,7.700499999999999545e+01,5.000000000000000000e+01,7.057344698101852831e-02,4.559733567837497503e+01,3.166398730320172383e-01,0.000000000000000000e+00,0.000000000000000000e+00
6.760000000000000000e+02,4.579931976328904852e+01,7.710200000000000387e+01,5.000000000000000000e+01,-1.306915684832438314e-02,4.559725693323688489e+01,2.151319869004900687e-01,0.000000000000000000e+00,0.000000000000000000e+00
6.770000000000000000e+02,4.526500996744402272e+01,7.700499999999999545e+01,5.000000000000000000e+01,-2.666107997060699897e-01,4.559565053241990285e+01,-6.402976526981082883e-02,0.000000000000000000e+00,0.000000000000000000e+00
6.780000000000000000e+02,4.579184482875967177e+01,7.710200000000000387e+01,5.000000000000000000e+01,-1.306915684832438314e-02,4.559557178728181270e+01,2.093421983261868902e-01,0.000000000000000000e+00,0.000000000000000000e+00
6.790000000000000000e+02,4.525775688042537581e+01,7.716599999999999682e+01,5.000000000000000000e+01,-2.666107997060699897e-01,4.559396538646483066e+01,-6.959770633338008272e-02,0.000000000000000000e+00,0.000000000000000000e+00
6.800000000000000000e+02,4.491177373934914385e+01,7.723000000000000398e+01,5.000000000000000000e+01,-4.338960073647558091e-01,4.559135104788033033e+01,-2.456813011664263080e-01,0.000000000000000000e+00,0.000000000000000000e+00
6.810000000000000000e+02,4.457152966114160364e+01,7.729500000000000171e+01,5.000000000000000000e+01,-6.011812150234787655e-01,4.558772877152831171e+01,-4.150178953632250312e-01,0.000000000000000000e+00,0.000000000000000000e+00
6.820000000000000000e+02,4.423134356580249005e+01,7.729500000000000171e+01,5.000000000000000000e+01,-7.710802540518443271e-01,4.558308280838114968e+01,-5.806589885268127471e-01,0.000000000000000000e+00,0.000000000000000000e+00
6.830000000000000000e+02,4.424894673136473955e+01,7.729500000000000171e+01,5.000000000000000000e+01,-7.710802540518443271e-01,4.557843684523398764e+01,-5.584098598174014327e-01,0.000000000000000000e+00,0.000000000000000000e+00
6.840000000000000000e+02,4.426569737636310009e+01,7.729500000000000171e+01,5.000000000000000000e+01,-7.710802540518443271e-01,4.557379088208682560e+01,-5.370132516718822968e-01,0.000000000000000000e+00,0.000000000000000000e+00
6.850000000000000000e+02,4.428162816685479442e+01,7.729500000000000171e+01,5.000000000000000000e+01,-7.710802540518443271e-01,4.556914491893966357e+01,-5.164364980330199417e-01,0.000000000000000000e+00,0.000000000000000000e+00
6.860000000000000000e+02,4.429677051723073333e+01,7.729500000000000171e+01,5.000000000000000000e+01,-7.710802540518443271e-01,4.556449895579250153e+01,-4.966481845099205983e-01,0.000000000000000000e+00,0.000000000000000000e+00
6.870000000000000000e+02,4.431115463817560141e+01,7.729500000000000171e+01,5.000000000000000000e+01,-7.710802540518443271e-01,4.555985299264533950e+01,-4.776181004178934320e-01,0.000000000000000000e+00,0.000000000000000000e+00
6.880000000000000000e+02,4.432480958279032990e+01,7.729500000000000171e+01,5.000000000000000000e+01,-7.710802540518443271e-01,4.555520702949817746e+01,-4.593171926560022378e-01,0.000000000000000000e+00,0.000000000000000000e+00
6.890000000000000000e+02,4.433776329094727942e+01,7.729500000000000171e+01,5.000000000000000000e+01,-7.710802540518443271e-01,4.555056106635101543e+01,-4.417175213518922949e-01,0.000000000000000000e+00,0.000000000000000000e+00
6.900000000000000000e+02,4.435004263194583274e+01,7.729500000000000171e+01,5.000000000000000000e+01,-7.710802540518443271e-01,4.554591510320385339e+01,-4.247922172061758261e-01,0.000000000000000000e+00,0.000000000000000000e+00
6.910000000000000000e+02,4.436167344553359015e+01,7.729500000000000171e+01,5.000000000000000000e+01,-7.710802540518443271e-01,4.554126914005669136e+01,-4.085154404712540988e-01,0.000000000000000000e+00,0.000000000000000000e+00
6.920000000000000000e+02,4.437268058135573767e+01,7.729500000000000171e+01,5.000000000000000000e+01,-7.710802540518443271e-01,4.553662317690952932e+01,-3.928623415019489862e-01,0.000000000000000000e+00,0.000000000000000000e+00
6.930000000000000000e+02,4.438308793689280662e+01,7.729500000000000171e+01,5.000000000000000000e+01,-7.710802540518443271e-01,4.553197721376236728e+01,-3.778090228177176102e-01,0.000000000000000000e+00,0.000000000000000000e+00
6.940000000000000000e+02,4.439291849394482625e+01,7.739199999999999591e+01,5.000000000000000000e+01,-7.710802540518443271e-01,4.552733125061520525e+01,-3.633325026185298956e-01,0.000000000000000000e+00,0.000000000000000000e+00
6.950000000000000000e+02,4.387620652211278127e+01,7.729500000000000171e+01,5.000000000000000000e+01,-1.024621896909552854e+00,4.552115763178915131e+01,-6.203292127668190714e-01,0.000000000000000000e+00,0.000000000000000000e+00
6.960000000000000000e+02,4.441978990882960687e+01,7.735899999999999466e+01,5.000000000000000000e+01,-7.710802540518443271e-01,4.551651166864198927e+01,-3.256415057605377972e-01,0.000000000000000000e+00,0.000000000000000000e+00
6.970000000000000000e+02,4.408057804373149935e+01,7.729500000000000171e+01,5.000000000000000000e+01,-9.383654617105301465e-01,4.551085776772730895e+01,-4.919142622852772373e-01,0.000000000000000000e+00,0.000000000000000000e+00
6.980000000000000000e+02,4.444081635482200454e+01,7.729500000000000171e+01,5.000000000000000000e+01,-7.710802540518443271e-01,4.550621180458014692e+01,-2.943151957062967172e-01,0.000000000000000000e+00,0.000000000000000000e+00
6.990000000000000000e+02,4.444744767627697968e+01,7.732699999999999818e+01,5.000000000000000000e+01,-7.710802540518443271e-01,4.550156584143298488e+01,-2.830379111041612661e-01,0.000000000000000000e+00,0.000000000000000000e+00
7.000000000000000000e+02,4.428012512678359514e+01,7.729500000000000171e+01,5.000000000000000000e+01,-8.547228578811872923e-01,4.549641590940206726e+01,-3.615679247372860505e-01,0.000000000000000000e+00,0.000000000000000000e+00
7.010000000000000000e+02,4.446235116316626090e+01,7.729500000000000171e+01,5.000000000000000000e+01,-7.710802540518443271e-01,4.549176994625490522e+01,-2.583385290367952725e-01,0.000000000000000000e+00,0.000000000000000000e+00
7.020000000000000000e+02,4.446760396555396966e+01,7.729500000000000171e+01,5.000000000000000000e+01,-7.710802540518443271e-01,4.548712398310774319e+01,-2.484397635019287842e-01,0.000000000000000000e+00,0.000000000000000000e+00
7.030000000000000000e+02,4.447247747663162443e+01,7.729500000000000171e+01,5.000000000000000000e+01,-7.710802540518443271e-01,4.548247801996058115e+01,-2.389202892771103703e-01,0.000000000000000000e+00,0.000000000000000000e+00
7.040000000000000000e+02,4.447698622971628168e+01,7.729500000000000171e+01,5.000000000000000000e+01,-7.710802540518443271e-01,4.547783205681341911e+01,-2.297655730452944634e-01,0.000000000000000000e+00,0.000000000000000000e+00
7.050000000000000000e+02,4.448114420125141066e+01,7.729500000000000171e+01,5.000000000000000000e+01,-7.710802540518443271e-01,4.547318609366625708e+01,-2.209616383630014225e-01,0.000000000000000000e+00,0.000000000000000000e+00
7.060000000000000000e+02,4.448496483214467645e+01,7.729500000000000171e+01,5.000000000000000000e+01,-7.710802540518443271e-01,4.546854013051909504e+01,-2.124950443225755714e-01,0.000000000000000000e+00,0.000000000000000000e+00
7.070000000000000000e+02,4.448846104828804471e+01,7.729500000000000171e+01,5.000000000000000000e+01,-7.710802540518443271e-01,4.546389416737193301e+01,-2.043528650320422524e-01,0.000000000000000000e+00,0.000000000000000000e+00
7.080000000000000000e+02,4.449164528029169219e+01,7.726300000000000523e+01,5.000000000000000000e+01,-7.710802540518443271e-01,4.545924820422477097e+01,-1.965226698812357342e-01,0.000000000000000000e+00,0.000000000000000000e+00
7.090000000000000000e+02,4.466805124134159399e+01,7.729500000000000171e+01,5.000000000000000000e+01,-6.874376502225014729e-01,4.545510620996137163e+01,-9.961731839727619442e-02,0.000000000000000000e+00,0.000000000000000000e+00
7.100000000000000000e+02,4.449420452811759219e+01,7.729500000000000171e+01,5.000000000000000000e+01,-7.710802540518443271e-01,4.545046024681420960e+01,-1.851754646447703045e-01,0.000000000000000000e+00,0.000000000000000000e+00
7.110000000000000000e+02,4.449665393906798982e+01,7.726300000000000523e+01,5.000000000000000000e+01,-7.710802540518443271e-01,4.544581428366704756e+01,-1.780800905472137430e-01,0.000000000000000000e+00,0.000000000000000000e+00
7.120000000000000000e+02,4.467235323522603352e+01,7.713400000000000034e+01,5.000000000000000000e+01,-6.874376502225014729e-01,4.544167228940364822e+01,-8.188140395511650516e-02,0.000000000000000000e+00,0.000000000000000000e+00
7.130000000000000000e+02,4.537085828377562535e+01,7.703700000000000614e+01,5.000000000000000000e+01,-3.502534035354128994e-01,4.543956191970290348e+01,2.815497676081320511e-01,0.000000000000000000e+00,0.000000000000000000e+00
7.140000000000000000e+02,4.588394759438702408e+01,7.697299999999999898e+01,5.000000000000000000e+01,-9.671176067770444196e-02,4.543897920568105775e+01,5.416801493836709280e-01,0.000000000000000000e+00,0.000000000000000000e+00
7.150000000000000000e+02,4.620965282281991193e+01,7.703700000000000614e+01,5.000000000000000000e+01,7.057344698101852831e-02,4.543940442942673030e+01,6.996749464121667650e-01,0.000000000000000000e+00,0.000000000000000000e+00
7.160000000000000000e+02,4.583622506189817614e+01,7.700499999999999545e+01,5.000000000000000000e+01,-9.671176067770444196e-02,4.543882171540488457e+01,4.941151071709989906e-01,0.000000000000000000e+00,0.000000000000000000e+00
7.170000000000000000e+02,4.599023108266826654e+01,7.697299999999999898e+01,5.000000000000000000e+01,-1.306915684832438314e-02,4.543874297026679443e+01,5.645572692497982104e-01,0.000000000000000000e+00,0.000000000000000000e+00
7.180000000000000000e+02,4.614204193778416396e+01,7.697299999999999898e+01,5.000000000000000000e+01,7.057344698101852831e-02,4.543916819401246698e+01,6.323002967906825589e-01,0.000000000000000000e+00,0.000000000000000000e+00
7.190000000000000000e+02,4.611823929118895649e+01,7.697299999999999898e+01,5.000000000000000000e+01,7.057344698101852831e-02,4.543959341775813954e+01,6.080724264498013065e-01,0.000000000000000000e+00,0.000000000000000000e+00
7.200000000000000000e+02,4.609536498466290766e+01,7.697299999999999898e+01,5.000000000000000000e+01,7.057344698101852831e-02,4.544001864150381209e+01,5.847728961780832568e-01,0.000000000000000000e+00,0.000000000000000000e+00
7.210000000000000000e+02,4.607338344697042487e+01,7.697299999999999898e+01,5.000000000000000000e+01,7.057344698101852831e-02,4.544044386524948465e+01,5.623661347399270261e-01,0.000000000000000000e+00,0.000000000000000000e+00
7.220000000000000000e+02,4.605226046986005883e+01,7.697299999999999898e+01,5.000000000000000000e+01,7.057344698101852831e-02,4.544086908899515720e+01,5.408179338838835504e-01,0.000000000000000000e+00,0.000000000000000000e+00
7.230000000000000000e+02,4.603196315583899434e+01,7.697299999999999898e+01,5.000000000000000000e+01,7.057344698101852831e-02,4.544129431274082975e+01,5.200953961171496109e-01,0.000000000000000000e+00,0.000000000000000000e+00
7.240000000000000000e+02,4.601245986794870646e+01,7.697299999999999898e+01,5.000000000000000000e+01,7.057344698101852831e-02,4.544171953648650231e+01,5.001668844811872905e-01,0.000000000000000000e+00,0.000000000000000000e+00
7.250000000000000000e+02,4.599372018146498675e+01,7.697299999999999898e+01,5.000000000000000000e+01,7.057344698101852831e-02,4.544214476023217486e+01,4.810019742517930852e-01,0.000000000000000000e+00,0.000000000000000000e+00
7.260000000000000000e+02,4.597571483744874143e+01,7.697299999999999898e+01,5.000000000000000000e+01,7.057344698101852831e-02,4.544256998397784741e+01,4.625714064898769906e-01,0.000000000000000000e+00,0.000000000000000000e+00
7.270000000000000000e+02,4.595841569807657123e+01,7.697299999999999898e+01,5.000000000000000000e+01,7.057344698101852831e-02,4.544299520772351997e+01,4.448470433720373984e-01,0.000000000000000000e+00,0.000000000000000000e+00
7.280000000000000000e+02,4.594179570368294208e+01,7.697299999999999898e+01,5.000000000000000000e+01,7.057344698101852831e-02,4.544342043146919252e+01,4.278018252327361881e-01,0.000000000000000000e+00,0.000000000000000000e+00
7.290000000000000000e+02,4.592582883144837069e+01,7.697299999999999898e+01,5.000000000000000000e+01,7.057344698101852831e-02,4.544384565521486508e+01,4.114097292524899196e-01,0.000000000000000000e+00,0.000000000000000000e+00
7.300000000000000000e+02,4.591049005567055730e+01,7.697299999999999898e+01,5.000000000000000000e+01,7.057344698101852831e-02,4.544427087896053763e+01,3.956457297290070785e-01,0.000000000000000000e+00,0.000000000000000000e+00
7.310000000000000000e+02,4.589575530955784188e+01,7.697299999999999898e+01,5.000000000000000000e+01,7.057344698101852831e-02,4.544469610270621018e+01,3.804857598706171684e-01,0.000000000000000000e+00,0.000000000000000000e+00
7.320000000000000000e+02,4.588160144848656330e+01,7.697299999999999898e+01,5.000000000000000000e+01,7.057344698101852831e-02,4.544512132645188274e+01,3.659066750536624779e-01,0.000000000000000000e+00,0.000000000000000000e+00
7.330000000000000000e+02,4.586800621466633032e+01,7.697299999999999898e+01,5.000000000000000000e+01,7.057344698101852831e-02,4.544554655019755529e+01,3.518862174877571691e-01,0.000000000000000000e+00,0.000000000000000000e+00
7.340000000000000000e+02,4.585494820315921061e+01,7.697299999999999898e+01,5.000000000000000000e+01,7.057344698101852831e-02,4.544597177394322784e+01,3.384029822349690630e-01,0.000000000000000000e+00,0.000000000000000000e+00
7.350000000000000000e+02,4.584240682920096077e+01,7.697299999999999898e+01,5.000000000000000000e+01,7.057344698101852831e-02,4.544639699768890040e+01,3.254363845310453418e-01,0.000000000000000000e+00,0.000000000000000000e+00
7.360000000000000000e+02,4.583036229677438200e+01,7.697299999999999898e+01,5.000000000000000000e+01,7.057344698101852831e-02,4.544682222143457295e+01,3.129666283587918540e-01,0.000000000000000000e+00,0.000000000000000000e+00
7.370000000000000000e+02,4.581879556838688927e+01,7.703700000000000614e+01,5.000000000000000000e+01,7.057344698101852831e-02,4.544724744518024551e+01,3.009746762256273467e-01,0.000000000000000000e+00,0.000000000000000000e+00
7.380000000000000000e+02,4.546064481824623726e+01,7.700499999999999545e+01,5.000000000000000000e+01,-9.671176067770444196e-02,4.544666473115839977e+01,1.106918477655434163e-01,0.000000000000000000e+00,0.000000000000000000e+00
7.390000000000000000e+02,4.562934248009526073e+01,7.697299999999999898e+01,5.000000000000000000e+01,-1.306915684832438314e-02,4.544658598602030963e+01,1.958256509232787490e-01,0.000000000000000000e+00,0.000000000000000000e+00
7.400000000000000000e+02,4.579528203621722326e+01,7.706900000000000261e+01,5.000000000000000000e+01,7.057344698101852831e-02,4.544701120976598219e+01,2.776973794702225495e-01,0.000000000000000000e+00,0.000000000000000000e+00
7.410000000000000000e+02,4.526450144410789278e+01,7.700499999999999545e+01,5.000000000000000000e+01,-1.803543645070473656e-01,4.544592452686037376e+01,-1.068718245437194625e-03,0.000000000000000000e+00,0.000000000000000000e+00
7.420000000000000000e+02,4.561049922907274379e+01,7.700499999999999545e+01,5.000000000000000000e+01,-1.306915684832438314e-02,4.544584578172228362e+01,1.777226041987841343e-01,0.000000000000000000e+00,0.000000000000000000e+00
7.430000000000000000e+02,4.560361068132499440e+01,7.703700000000000614e+01,5.000000000000000000e+01,-1.306915684832438314e-02,4.544576703658419348e+01,1.709128015891274444e-01,0.000000000000000000e+00,0.000000000000000000e+00
7.440000000000000000e+02,4.542346130611785782e+01,7.716599999999999682e+01,5.000000000000000000e+01,-9.671176067770444196e-02,4.544518432256234775e+01,7.498874423321502669e-02,0.000000000000000000e+00,0.000000000000000000e+00
7.450000000000000000e+02,4.472049565554224415e+01,7.726300000000000523e+01,5.000000000000000000e+01,-4.338960073647558091e-01,4.544256998397784741e+01,-2.881783210708419030e-01,0.000000000000000000e+00,0.000000000000000000e+00
7.460000000000000000e+02,4.420293562313684532e+01,7.719799999999999329e+01,5.000000000000000000e+01,-6.874376502225014729e-01,4.543842798971444807e+01,-5.480547163551010570e-01,0.000000000000000000e+00,0.000000000000000000e+00
7.470000000000000000e+02,4.457225953138642183e+01,7.716599999999999682e+01,5.000000000000000000e+01,-5.175386111940987188e-01,4.543530968224618505e+01,-3.455115396656616711e-01,0.000000000000000000e+00,0.000000000000000000e+00
7.480000000000000000e+02,4.475590195932042548e+01,7.729500000000000171e+01,5.000000000000000000e+01,-4.338960073647558091e-01,4.543269534366168472e+01,-2.428973769764996571e-01,0.000000000000000000e+00,0.000000000000000000e+00
7.490000000000000000e+02,4.406308513667740101e+01,7.729500000000000171e+01,5.000000000000000000e+01,-7.710802540518443271e-01,4.542804938051452268e+01,-5.938839897852778993e-01,0.000000000000000000e+00,0.000000000000000000e+00
7.500000000000000000e+02,9.830674469500219459e+01,7.729500000000000171e+01,5.000000000000000000e+01,2.536723344262069446e+01,4.558089369354222953e+01,2.735861755883927060e+01,0.000000000000000000e+00,0.000000000000000000e+00
7.510000000000000000e+02,9.741128799933886739e+01,7.729500000000000171e+01,5.000000000000000000e+01,2.536723344262069446e+01,4.573373800656993637e+01,2.631031655014823301e+01,0.000000000000000000e+00,0.000000000000000000e+00
7.520000000000000000e+02,9.655599908636628470e+01,7.729500000000000171e+01,5.000000000000000000e+01,2.536723344262069446e+01,4.588658231959764322e+01,2.530218332414793991e+01,0.000000000000000000e+00,0.000000000000000000e+00
7.530000000000000000e+02,9.573933884589287402e+01,7.729500000000000171e+01,5.000000000000000000e+01,2.536723344262069446e+01,4.603942663262535007e+01,2.433267877064684015e+01,0.000000000000000000e+00,0.000000000000000000e+00
7.540000000000000000e+02,9.495982714186069984e+01,7.729500000000000171e+01,5.000000000000000000e+01,2.536723344262069446e+01,4.619227094565305691e+01,2.340032275358695202e+01,0.000000000000000000e+00,0.000000000000000000e+00
7.550000000000000000e+02,9.421604055263161115e+01,7.729500000000000171e+01,5.000000000000000000e+01,2.536723344262069446e+01,4.634511525868076376e+01,2.250369185133014227e+01,0.000000000000000000e+00,0.000000000000000000e+00
7.560000000000000000e+02,9.350661019785907513e+01,7.729500000000000171e+01,5.000000000000000000e+01,2.536723344262069446e+01,4.649795957170847061e+01,2.164141718352991361e+01,0.000000000000000000e+00,0.000000000000000000e+00
7.570000000000000000e+02,9.283021964862788877e+01,7.729500000000000171e+01,5.000000000000000000e+01,2.536723344262069446e+01,4.665080388473617745e+01,2.081218232127101686e+01,0.000000000000000000e+00,0.000000000000000000e+00
7.580000000000000000e+02,9.218560291767089154e+01,7.729500000000000171e+01,5.000000000000000000e+01,2.536723344262069446e+01,4.680364819776388430e+01,2.001472127728631278e+01,0.000000000000000000e+00,0.000000000000000000e+00
7.590000000000000000e+02,9.157154252659485394e+01,7.729500000000000171e+01,5.000000000000000000e+01,2.536723344262069446e+01,4.695649251079159114e+01,1.924781657318256478e+01,0.000000000000000000e+00,0.000000000000000000e+00
7.600000000000000000e+02,9.098686764716437381e+01,7.729500000000000171e+01,5.000000000000000000e+01,2.536723344262069446e+01,4.710933682381929799e+01,1.851029738072438491e+01,0.000000000000000000e+00,0.000000000000000000e+00
7.610000000000000000e+02,9.043045231380635585e+01,7.729500000000000171e+01,5.000000000000000000e+01,2.536723344262069446e+01,4.726218113684700484e+01,1.780103773433866721e+01,0.000000000000000000e+00,0.000000000000000000e+00
7.620000000000000000e+02,8.990121370460596495e+01,7.729500000000000171e+01,5.000000000000000000e+01,2.536723344262069446e+01,4.741502544987471168e+01,1.711895481211055525e+01,0.000000000000000000e+00,0.000000000000000000e+00
7.630000000000000000e+02,8.939811048816964956e+01,7.729500000000000171e+01,5.000000000000000000e+01,2.536723344262069446e+01,4.756786976290241853e+01,1.646300728264652946e+01,0.000000000000000000e+00,0.000000000000000000e+00
7.640000000000000000e+02,8.892014123383161461e+01,7.729500000000000171e+01,5.000000000000000000e+01,2.536723344262069446e+01,4.772071407593012538e+01,1.583219371528079478e+01,0.000000000000000000e+00,0.000000000000000000e+00
7.650000000000000000e+02,8.846634288277635960e+01,7.735899999999999466e+01,5.000000000000000000e+01,2.536723344262069446e+01,4.787355838895783222e+01,1.522555105119784713e+01,0.000000000000000000e+00,0.000000000000000000e+00
7.660000000000000000e+02,8.768874575998351872e+01,7.735899999999999466e+01,5.000000000000000000e+01,2.519994823496200809e+01,4.802539476421802078e+01,1.446340276080349163e+01,0.000000000000000000e+00,0.000000000000000000e+00
7.670000000000000000e+02,8.728638747717494084e+01,7.739199999999999591e+01,5.000000000000000000e+01,2.519994823496200809e+01,4.817723113947820934e+01,1.390920810273472696e+01,0.000000000000000000e+00,0.000000000000000000e+00
7.680000000000000000e+02,8.672631997464910114e+01,7.742400000000000659e+01,5.000000000000000000e+01,2.511369179976298582e+01,4.832854779682701718e+01,1.328408037805910524e+01,0.000000000000000000e+00,0.000000000000000000e+00
7.690000000000000000e+02,8.619510834784661313e+01,7.755299999999999727e+01,5.000000000000000000e+01,2.503004919593360711e+01,4.847936048529206943e+01,1.268569866662093482e+01,0.000000000000000000e+00,0.000000000000000000e+00
7.700000000000000000e+02,8.516033313139581651e+01,7.755299999999999727e+01,5.000000000000000000e+01,2.469286494924655528e+01,4.862814154919445997e+01,1.183932663295480125e+01,0.000000000000000000e+00,0.000000000000000000e+00
7.710000000000000000e+02,8.485546634467648630e+01,7.758499999999999375e+01,5.000000000000000000e+01,2.469286494924655528e+01,4.877692261309685051e+01,1.138567878233307695e+01,0.000000000000000000e+00,0.000000000000000000e+00
7.720000000000000000e+02,8.439446023802449304e+01,7.761700000000000443e+01,5.000000000000000000e+01,2.460922234541721210e+01,4.892519970811548546e+01,1.086003818449179370e+01,0.000000000000000000e+00,0.000000000000000000e+00
7.730000000000000000e+02,8.395309114979333742e+01,7.761700000000000443e+01,5.000000000000000000e+01,2.452557974158783338e+01,4.907297283425035772e+01,1.035453857395514454e+01,0.000000000000000000e+00,0.000000000000000000e+00
7.740000000000000000e+02,8.370410909601962146e+01,7.761700000000000443e+01,5.000000000000000000e+01,2.452557974158783338e+01,4.922074596038522998e+01,9.957783394046559877e+00,0.000000000000000000e+00,0.000000000000000000e+00
7.750000000000000000e+02,8.347032952294168240e+01,7.771399999999999864e+01,5.000000000000000000e+01,2.452557974158783338e+01,4.936851908652010223e+01,9.576230694833759216e+00,0.000000000000000000e+00,0.000000000000000000e+00
7.760000000000000000e+02,8.272518208502431492e+01,7.793899999999999295e+01,5.000000000000000000e+01,2.427203809873012474e+01,4.951476455697608259e+01,8.938379429318104030e+00,0.000000000000000000e+00,0.000000000000000000e+00
7.770000000000000000e+02,8.130886052289230292e+01,7.793899999999999295e+01,5.000000000000000000e+01,2.368392604055500783e+01,4.965746649621812736e+01,7.967467986119174839e+00,0.000000000000000000e+00,0.000000000000000000e+00
7.780000000000000000e+02,8.114627274094871723e+01,7.793899999999999295e+01,5.000000000000000000e+01,2.368392604055500783e+01,4.980016843546017213e+01,7.662178264933546146e+00,0.000000000000000000e+00,0.000000000000000000e+00
7.790000000000000000e+02,8.099538275484491123e+01,7.793899999999999295e+01,5.000000000000000000e+01,2.368392604055500783e+01,4.994287037470221691e+01,7.368586339587697154e+00,0.000000000000000000e+00,0.000000000000000000e+00
7.800000000000000000e+02,8.085574233977011716e+01,7.813299999999999557e+01,5.000000000000000000e+01,2.368392604055500783e+01,5.008557231394426168e+01,7.086243985270854751e+00,0.000000000000000000e+00,0.000000000000000000e+00
7.810000000000000000e+02,7.967494478234821997e+01,7.826200000000000045e+01,5.000000000000000000e+01,2.317684275483955147e+01,5.022521894182851554e+01,6.272883085680147630e+00,0.000000000000000000e+00,0.000000000000000000e+00
7.820000000000000000e+02,7.887472356144117214e+01,7.826200000000000045e+01,5.000000000000000000e+01,2.283965850815246412e+01,5.036283394515011480e+01,5.672231108138586997e+00,0.000000000000000000e+00,0.000000000000000000e+00
7.830000000000000000e+02,7.879499550715388523e+01,7.826200000000000045e+01,5.000000000000000000e+01,2.283965850815246412e+01,5.050044894847171406e+01,5.454888050529698162e+00,0.000000000000000000e+00,0.000000000000000000e+00
7.840000000000000000e+02,7.872359539363455383e+01,7.835800000000000409e+01,5.000000000000000000e+01,2.283965850815246412e+01,5.063806395179331332e+01,5.245872933688773720e+00,0.000000000000000000e+00,0.000000000000000000e+00
7.850000000000000000e+02,7.813963884227533185e+01,7.858400000000000318e+01,5.000000000000000000e+01,2.258873069666439903e+01,5.077416704846363160e+01,4.776741097147295001e+00,0.000000000000000000e+00,0.000000000000000000e+00
7.860000000000000000e+02,7.686721397813747103e+01,7.858400000000000318e+01,5.000000000000000000e+01,2.199800480711959949e+01,5.090671086489239627e+01,3.962498306125461944e+00,0.000000000000000000e+00,0.000000000000000000e+00
7.870000000000000000e+02,7.684792662245693862e+01,7.858400000000000318e+01,5.000000000000000000e+01,2.199800480711959949e+01,5.103925468132116094e+01,3.810667134016191060e+00,0.000000000000000000e+00,0.000000000000000000e+00
7.880000000000000000e+02,7.683445698656915113e+01,7.871299999999999386e+01,5.000000000000000000e+01,2.199800480711959949e+01,5.117179849774992562e+01,3.664653681699617138e+00,0.000000000000000000e+00,0.000000000000000000e+00
7.890000000000000000e+02,7.612707256223730212e+01,7.890600000000000591e+01,5.000000000000000000e+01,2.166082056043254767e+01,5.130231068961603569e+01,3.163941312188729427e+00,0.000000000000000000e+00,0.000000000000000000e+00
7.900000000000000000e+02,7.508979880717930655e+01,7.890600000000000591e+01,5.000000000000000000e+01,2.115635110608673841e+01,5.142978331915197288e+01,2.503664381940591710e+00,0.000000000000000000e+00,0.000000000000000000e+00
7.910000000000000000e+02,7.512133844991986109e+01,7.890600000000000591e+01,5.000000000000000000e+01,2.115635110608673841e+01,5.155725594868791006e+01,2.407731395145205511e+00,0.000000000000000000e+00,0.000000000000000000e+00
7.920000000000000000e+02,7.515655395992993704e+01,7.909999999999999432e+01,5.000000000000000000e+01,2.115635110608673841e+01,5.168472857822384725e+01,2.315474275619357591e+00,0.000000000000000000e+00,0.000000000000000000e+00
7.930000000000000000e+02,7.414332882567846639e+01,7.922899999999999920e+01,5.000000000000000000e+01,2.064926782037132114e+01,5.180914589640198642e+01,1.684915108905155279e+00,0.000000000000000000e+00,0.000000000000000000e+00
7.940000000000000000e+02,7.350367560819896084e+01,7.922899999999999920e+01,5.000000000000000000e+01,2.031208357368423378e+01,5.193153159001747099e+01,1.260060444497257626e+00,0.000000000000000000e+00,0.000000000000000000e+00
7.950000000000000000e+02,7.357777952616780226e+01,7.922899999999999920e+01,5.000000000000000000e+01,2.031208357368423378e+01,5.205391728363295556e+01,1.211778668850615803e+00,0.000000000000000000e+00,0.000000000000000000e+00
7.960000000000000000e+02,7.365373345845125641e+01,7.955100000000000193e+01,5.000000000000000000e+01,2.031208357368423378e+01,5.217630297724844013e+01,1.165346907518583164e+00,0.000000000000000000e+00,0.000000000000000000e+00
7.970000000000000000e+02,7.198540381926352438e+01,7.955100000000000193e+01,5.000000000000000000e+01,1.947042987265136915e+01,5.229361748397109722e+01,2.213564626410577940e-01,0.000000000000000000e+00,0.000000000000000000e+00
7.980000000000000000e+02,7.209423660345147766e+01,7.955100000000000193e+01,5.000000000000000000e+01,1.947042987265136915e+01,5.241093199069375430e+01,2.128747401063631195e-01,0.000000000000000000e+00,0.000000000000000000e+00
7.990000000000000000e+02,7.220339438206833904e+01,7.974399999999999977e+01,5.000000000000000000e+01,1.947042987265136915e+01,5.252824649741641139e+01,2.047180120005512305e-01,0.000000000000000000e+00,0.000000000000000000e+00
8.000000000000000000e+02,7.126631159404783489e+01,7.987300000000000466e+01,5.000000000000000000e+01,1.896596041830559543e+01,5.264252144180889559e+01,-3.421702660666541274e-01,0.000000000000000000e+00,0.000000000000000000e+00
8.010000000000000000e+02,7.069418789679251347e+01,7.987300000000000466e+01,5.000000000000000000e+01,1.862877617161850807e+01,5.275476476163871808e+01,-6.893530364647160180e-01,0.000000000000000000e+00,0.000000000000000000e+00
8.020000000000000000e+02,7.083284517858207607e+01,8.019499999999999318e+01,5.000000000000000000e+01,1.862877617161850807e+01,5.286700808146854058e+01,-6.629390745049783540e-01,0.000000000000000000e+00,0.000000000000000000e+00
8.030000000000000000e+02,6.922442765703212331e+01,8.019499999999999318e+01,5.000000000000000000e+01,1.778712247058568252e+01,5.297418021440553559e+01,-1.536875027959093476e+00,0.000000000000000000e+00,0.000000000000000000e+00
8.040000000000000000e+02,6.939048827870860237e+01,8.019499999999999318e+01,5.000000000000000000e+01,1.778712247058568252e+01,5.308135234734253061e+01,-1.477986539219608542e+00,0.000000000000000000e+00,0.000000000000000000e+00
8.050000000000000000e+02,6.955429246831160128e+01,8.045300000000000296e+01,5.000000000000000000e+01,1.778712247058568252e+01,5.318852448027952562e+01,-1.421354482553605525e+00,0.000000000000000000e+00,0.000000000000000000e+00
8.060000000000000000e+02,6.831690750465040196e+01,8.051800000000000068e+01,5.000000000000000000e+01,1.711275397721150426e+01,5.329163336409121143e+01,-2.087479836652307963e+00,0.000000000000000000e+00,0.000000000000000000e+00
8.070000000000000000e+02,6.814753634623309608e+01,8.051800000000000068e+01,5.000000000000000000e+01,1.694285493818313881e+01,5.339371856110776093e+01,-2.189037153057801888e+00,0.000000000000000000e+00,0.000000000000000000e+00
8.080000000000000000e+02,6.833349894862939777e+01,8.080800000000000693e+01,5.000000000000000000e+01,1.694285493818313881e+01,5.349580375812431043e+01,-2.105159747678039484e+00,0.000000000000000000e+00,0.000000000000000000e+00
8.090000000000000000e+02,6.694370667799884700e+01,8.084000000000000341e+01,5.000000000000000000e+01,1.618484384097961737e+01,5.359332173713178804e+01,-2.834458900112572177e+00,0.000000000000000000e+00,0.000000000000000000e+00
8.100000000000000000e+02,6.697631094886914127e+01,8.087199999999999989e+01,5.000000000000000000e+01,1.610120123715027418e+01,5.369033574725550295e+01,-2.815226035536638971e+00,0.000000000000000000e+00,0.000000000000000000e+00
8.110000000000000000e+02,6.700767430457938190e+01,8.109799999999999898e+01,5.000000000000000000e+01,1.601755863332093099e+01,5.378684578849546227e+01,-2.796730117237015367e+00,0.000000000000000000e+00,0.000000000000000000e+00
8.120000000000000000e+02,6.598584931951367594e+01,8.116200000000000614e+01,5.000000000000000000e+01,1.542683274377613500e+01,5.387979654949386799e+01,-3.320779973756333714e+00,0.000000000000000000e+00,0.000000000000000000e+00
8.130000000000000000e+02,6.585899899335538521e+01,8.116200000000000614e+01,5.000000000000000000e+01,1.525954753611741310e+01,5.397173937272475541e+01,-3.372287915486774867e+00,0.000000000000000000e+00,0.000000000000000000e+00
8.140000000000000000e+02,6.608015787861128842e+01,8.142000000000000171e+01,5.000000000000000000e+01,1.525954753611741310e+01,5.406368219595564284e+01,-3.243071853461769294e+00,0.000000000000000000e+00,0.000000000000000000e+00
8.150000000000000000e+02,6.489734640698890189e+01,8.148399999999999466e+01,5.000000000000000000e+01,1.458517904274327215e+01,5.415156177006121396e+01,-3.839394405815575340e+00,0.000000000000000000e+00,0.000000000000000000e+00
8.160000000000000000e+02,6.478529665942748750e+01,8.148399999999999466e+01,5.000000000000000000e+01,1.441789383508458755e+01,5.423843340639926680e+01,-3.871030582056357083e+00,0.000000000000000000e+00,0.000000000000000000e+00
8.170000000000000000e+02,6.502049469621748301e+01,8.161299999999999955e+01,5.000000000000000000e+01,1.441789383508458755e+01,5.432530504273731964e+01,-3.722704181604429508e+00,0.000000000000000000e+00,0.000000000000000000e+00
8.180000000000000000e+02,6.455049971517580332e+01,8.180700000000000216e+01,5.000000000000000000e+01,1.408070958839749842e+01,5.441014505451271788e+01,-3.940354927734417867e+00,0.000000000000000000e+00,0.000000000000000000e+00
8.190000000000000000e+02,6.373434676732534143e+01,8.180700000000000216e+01,5.000000000000000000e+01,1.357362630268204384e+01,5.449192975493032520e+01,-4.331209290287025837e+00,0.000000000000000000e+00,0.000000000000000000e+00
8.200000000000000000e+02,6.398209055021833080e+01,8.196800000000000352e+01,5.000000000000000000e+01,1.357362630268204384e+01,5.457371445534793253e+01,-4.165250207811642014e+00,0.000000000000000000e+00,0.000000000000000000e+00
8.210000000000000000e+02,6.335044392436860505e+01,8.209699999999999420e+01,5.000000000000000000e+01,1.315279945216561330e+01,5.465296356231912256e+01,-4.455319090116132585e+00,0.000000000000000000e+00,0.000000000000000000e+00
8.220000000000000000e+02,6.290089804243051930e+01,8.212900000000000489e+01,5.000000000000000000e+01,1.281561520547856148e+01,5.473018104472765799e+01,-4.644898207775702836e+00,0.000000000000000000e+00,0.000000000000000000e+00
8.230000000000000000e+02,6.298257247654291291e+01,8.212900000000000489e+01,5.000000000000000000e+01,1.273197260164918099e+01,5.480689455825243073e+01,-4.556294683358703246e+00,0.000000000000000000e+00,0.000000000000000000e+00
8.240000000000000000e+02,6.323386967662224123e+01,8.238700000000000045e+01,5.000000000000000000e+01,1.273197260164918099e+01,5.488360807177720346e+01,-4.381710996804140557e+00,0.000000000000000000e+00,0.000000000000000000e+00
8.250000000000000000e+02,6.207945816712862808e+01,8.245099999999999341e+01,5.000000000000000000e+01,1.205760410827504181e+01,5.495625833617666700e+01,-4.934404277323074517e+00,0.000000000000000000e+00,0.000000000000000000e+00
8.260000000000000000e+02,6.199413663751612802e+01,8.245099999999999341e+01,5.000000000000000000e+01,1.189031890061635544e+01,5.502790066280861225e+01,-4.924082925908842334e+00,0.000000000000000000e+00,0.000000000000000000e+00
8.270000000000000000e+02,6.225445520434942637e+01,8.248300000000000409e+01,5.000000000000000000e+01,1.189031890061635544e+01,5.509954298944055751e+01,-4.735406685707487462e+00,0.000000000000000000e+00,0.000000000000000000e+00
8.280000000000000000e+02,6.233402249887819124e+01,8.277299999999999613e+01,5.000000000000000000e+01,1.180667629678697494e+01,5.517068134718874006e+01,-4.643335145097529981e+00,0.000000000000000000e+00,0.000000000000000000e+00
8.290000000000000000e+02,6.101053873543926187e+01,8.277299999999999613e+01,5.000000000000000000e+01,1.104866519958349258e+01,5.523725248692785783e+01,-5.275378951072092981e+00,0.000000000000000000e+00,0.000000000000000000e+00
8.300000000000000000e+02,6.127924673621467377e+01,8.277299999999999613e+01,5.000000000000000000e+01,1.104866519958349258e+01,5.530382362666697560e+01,-5.073242090035794405e+00,0.000000000000000000e+00,0.000000000000000000e+00
8.310000000000000000e+02,6.154020945253402886e+01,8.277299999999999613e+01,5.000000000000000000e+01,1.104866519958349258e+01,5.537039476640609337e+01,-4.878850513455563309e+00,0.000000000000000000e+00,0.000000000000000000e+00
8.320000000000000000e+02,6.179372366070518297e+01,8.306300000000000239e+01,5.000000000000000000e+01,1.104866519958349258e+01,5.543696590614521114e+01,-4.691907445023518086e+00,0.000000000000000000e+00,0.000000000000000000e+00
8.330000000000000000e+02,6.046753382559965928e+01,8.309600000000000364e+01,5.000000000000000000e+01,1.029065410237997291e+01,5.549896982787525701e+01,-5.322090104655570642e+00,0.000000000000000000e+00,0.000000000000000000e+00
8.340000000000000000e+02,6.055452012726074429e+01,8.309600000000000364e+01,5.000000000000000000e+01,1.020439766718095065e+01,5.556045403169392216e+01,-5.210331571614131185e+00,0.000000000000000000e+00,0.000000000000000000e+00
8.350000000000000000e+02,6.081564876963303590e+01,8.309600000000000364e+01,5.000000000000000000e+01,1.020439766718095065e+01,5.562193823551258731e+01,-5.010687133060504728e+00,0.000000000000000000e+00,0.000000000000000000e+00
8.360000000000000000e+02,6.106912762977984954e+01,8.341800000000000637e+01,5.000000000000000000e+01,1.020439766718095065e+01,5.568342243933125246e+01,-4.818692476732358898e+00,0.000000000000000000e+00,0.000000000000000000e+00
8.370000000000000000e+02,5.956918712591791376e+01,8.341800000000000637e+01,5.000000000000000000e+01,9.362743966148087793e+00,5.573983545625709013e+01,-5.533392296487256168e+00,0.000000000000000000e+00,0.000000000000000000e+00
8.380000000000000000e+02,5.983762330934387563e+01,8.341800000000000637e+01,5.000000000000000000e+01,9.362743966148087793e+00,5.579624847318292780e+01,-5.321369129987139068e+00,0.000000000000000000e+00,0.000000000000000000e+00
8.390000000000000000e+02,6.009793539443665367e+01,8.341800000000000637e+01,5.000000000000000000e+01,9.362743966148087793e+00,5.585266149010876546e+01,-5.117470061820204030e+00,0.000000000000000000e+00,0.000000000000000000e+00
8.400000000000000000e+02,6.035043467252735638e+01,8.348199999999999932e+01,5.000000000000000000e+01,9.362743966148087793e+00,5.590907450703460313e+01,-4.921383800655336316e+00,0.000000000000000000e+00,0.000000000000000000e+00
8.410000000000000000e+02,6.024837698942760511e+01,8.357899999999999352e+01,5.000000000000000000e+01,9.195458758489401419e+00,5.596447958619292251e+01,-4.911561355254724148e+00,0.000000000000000000e+00,0.000000000000000000e+00
8.420000000000000000e+02,5.996599068776634311e+01,8.373999999999999488e+01,5.000000000000000000e+01,8.941917115631692781e+00,5.601835700967234288e+01,-4.994283437537697878e+00,0.000000000000000000e+00,0.000000000000000000e+00
8.430000000000000000e+02,5.933820287729250964e+01,8.373999999999999488e+01,5.000000000000000000e+01,8.521090265115260465e+00,5.606969883970534596e+01,-5.252586227528089680e+00,0.000000000000000000e+00,0.000000000000000000e+00
8.440000000000000000e+02,5.959080821885756762e+01,8.373999999999999488e+01,5.000000000000000000e+01,8.521090265115260465e+00,5.612104066973834904e+01,-5.051322715996040991e+00,0.000000000000000000e+00,0.000000000000000000e+00
8.450000000000000000e+02,5.983570174012694309e+01,8.380500000000000682e+01,5.000000000000000000e+01,8.521090265115260465e+00,5.617238249977135212e+01,-4.857771024759663270e+00,0.000000000000000000e+00,0.000000000000000000e+00
8.460000000000000000e+02,5.972071286243635768e+01,8.399800000000000466e+01,5.000000000000000000e+01,8.351191226086857711e+00,5.622270064300921888e+01,-4.853179006659712691e+00,0.000000000000000000e+00,0.000000000000000000e+00
8.470000000000000000e+02,5.891043730992922178e+01,8.406300000000000239e+01,5.000000000000000000e+01,7.846721771741083984e+00,5.626997922391691276e+01,-5.206263685728771407e+00,0.000000000000000000e+00,0.000000000000000000e+00
8.480000000000000000e+02,5.880473838735444048e+01,8.406300000000000239e+01,5.000000000000000000e+01,7.676822732712718533e+00,5.631623411802947032e+01,-5.188318463387754598e+00,0.000000000000000000e+00,0.000000000000000000e+00
8.490000000000000000e+02,5.904979424306098679e+01,8.406300000000000239e+01,5.000000000000000000e+01,7.676822732712718533e+00,5.636248901214202789e+01,-4.989517501793755194e+00,0.000000000000000000e+00,0.000000000000000000e+00
8.500000000000000000e+02,5.928723263607523819e+01,8.406300000000000239e+01,5.000000000000000000e+01,7.676822732712718533e+00,5.640874390625458545e+01,-4.798334002892070238e+00,0.000000000000000000e+00,0.000000000000000000e+00
8.510000000000000000e+02,5.951734544495450052e+01,8.406300000000000239e+01,5.000000000000000000e+01,7.676822732712718533e+00,5.645499880036714302e+01,-4.614476088125353925e+00,0.000000000000000000e+00,0.000000000000000000e+00
8.520000000000000000e+02,5.974041336433630534e+01,8.419100000000000250e+01,5.000000000000000000e+01,7.676822732712718533e+00,5.650125369447970058e+01,-4.437663062856115559e+00,0.000000000000000000e+00,0.000000000000000000e+00
8.530000000000000000e+02,5.926261929795320071e+01,8.431999999999999318e+01,5.000000000000000000e+01,7.342252317395309369e+00,5.654549271305722158e+01,-4.625125732499326681e+00,0.000000000000000000e+00,0.000000000000000000e+00
8.540000000000000000e+02,5.878456981407347115e+01,8.438500000000000512e+01,5.000000000000000000e+01,7.005068070708258432e+00,5.658770010707208797e+01,-4.808198363706871703e+00,0.000000000000000000e+00,0.000000000000000000e+00
8.550000000000000000e+02,5.865854702315347424e+01,8.438500000000000512e+01,5.000000000000000000e+01,6.835169031679855678e+00,5.662888381429181806e+01,-4.805505822818201267e+00,0.000000000000000000e+00,0.000000000000000000e+00
8.560000000000000000e+02,5.888386344798938410e+01,8.438500000000000512e+01,5.000000000000000000e+01,6.835169031679855678e+00,5.667006752151154814e+01,-4.621373105202015275e+00,0.000000000000000000e+00,0.000000000000000000e+00
8.570000000000000000e+02,5.910212445369840850e+01,8.438500000000000512e+01,5.000000000000000000e+01,6.835169031679855678e+00,5.671125122873127822e+01,-4.444295806712725394e+00,0.000000000000000000e+00,0.000000000000000000e+00
8.580000000000000000e+02,5.931360038299691695e+01,8.438500000000000512e+01,5.000000000000000000e+01,6.835169031679855678e+00,5.675243493595100830e+01,-4.274003584633944364e+00,0.000000000000000000e+00,0.000000000000000000e+00
8.590000000000000000e+02,5.951855121987095032e+01,8.438500000000000512e+01,5.000000000000000000e+01,6.835169031679855678e+00,5.679361864317073838e+01,-4.110236454979642851e+00,0.000000000000000000e+00,0.000000000000000000e+00
8.600000000000000000e+02,5.971722698649196559e+01,8.457800000000000296e+01,5.000000000000000000e+01,6.835169031679855678e+00,5.683480235039046846e+01,-3.952744395578354997e+00,0.000000000000000000e+00,0.000000000000000000e+00
8.610000000000000000e+02,5.886331501667955024e+01,8.470699999999999363e+01,5.000000000000000000e+01,6.330699577334081063e+00,5.687294649528001855e+01,-4.340331055934546711e+00,0.000000000000000000e+00,0.000000000000000000e+00
8.620000000000000000e+02,5.836825817254082693e+01,8.470699999999999363e+01,5.000000000000000000e+01,5.993515330647030126e+00,5.690905901560691404e+01,-4.534316173713118125e+00,0.000000000000000000e+00,0.000000000000000000e+00
8.630000000000000000e+02,5.857811222817755947e+01,8.470699999999999363e+01,5.000000000000000000e+01,5.993515330647030126e+00,5.694517153593380954e+01,-4.360574638403275749e+00,0.000000000000000000e+00,0.000000000000000000e+00
8.640000000000000000e+02,5.878130902394635626e+01,8.470699999999999363e+01,5.000000000000000000e+01,5.993515330647030126e+00,5.698128405626070503e+01,-4.193490362961375340e+00,0.000000000000000000e+00,0.000000000000000000e+00
8.650000000000000000e+02,5.897810364628276147e+01,8.470699999999999363e+01,5.000000000000000000e+01,5.993515330647030126e+00,5.701739657658760052e+01,-4.032808260951866508e+00,0.000000000000000000e+00,0.000000000000000000e+00
8.660000000000000000e+02,5.916874140746735833e+01,8.473900000000000432e+01,5.000000000000000000e+01,5.993515330647030126e+00,5.705350909691449601e+01,-3.878283020094164701e+00,0.000000000000000000e+00,0.000000000000000000e+00
8.670000000000000000e+02,5.917993646126240037e+01,8.470699999999999363e+01,5.000000000000000000e+01,5.909872726817649635e+00,5.708911764835763591e+01,-3.819053913912883402e+00,0.000000000000000000e+00,0.000000000000000000e+00
8.680000000000000000e+02,5.953540158041091956e+01,8.483599999999999852e+01,5.000000000000000000e+01,5.993515330647030126e+00,5.712523016868453141e+01,-3.583343918920636639e+00,0.000000000000000000e+00,0.000000000000000000e+00
8.690000000000000000e+02,5.900930761179372297e+01,8.496500000000000341e+01,5.000000000000000000e+01,5.656331083959940997e+00,5.715931106444877230e+01,-3.806334536614992992e+00,0.000000000000000000e+00,0.000000000000000000e+00
8.700000000000000000e+02,5.848972635711908197e+01,8.496500000000000341e+01,5.000000000000000000e+01,5.319146837272852757e+00,5.719136033565035859e+01,-4.020780815804127606e+00,0.000000000000000000e+00,0.000000000000000000e+00
8.710000000000000000e+02,5.867584001318471110e+01,8.502899999999999636e+01,5.000000000000000000e+01,5.319146837272852757e+00,5.722340960685194489e+01,-3.866716430940089655e+00,0.000000000000000000e+00,0.000000000000000000e+00
8.720000000000000000e+02,5.850900686161454445e+01,8.502899999999999636e+01,5.000000000000000000e+01,5.151861629614167271e+00,5.725445094028601289e+01,-3.897305708285636161e+00,0.000000000000000000e+00,0.000000000000000000e+00
8.730000000000000000e+02,5.868938138033790608e+01,8.502899999999999636e+01,5.000000000000000000e+01,5.151861629614167271e+00,5.728549227372008090e+01,-3.747972522996338984e+00,0.000000000000000000e+00,0.000000000000000000e+00
8.740000000000000000e+02,5.886403389470805081e+01,8.502899999999999636e+01,5.000000000000000000e+01,5.151861629614167271e+00,5.731653360715414891e+01,-3.604361342060263595e+00,0.000000000000000000e+00,0.000000000000000000e+00
8.750000000000000000e+02,5.903318365494558151e+01,8.502899999999999636e+01,5.000000000000000000e+01,5.151861629614167271e+00,5.734757494058821692e+01,-3.466252915256805789e+00,0.000000000000000000e+00,0.000000000000000000e+00
8.760000000000000000e+02,5.919704151025349859e+01,8.502899999999999636e+01,5.000000000000000000e+01,5.151861629614167271e+00,5.737861627402228493e+01,-3.333436393382952723e+00,0.000000000000000000e+00,0.000000000000000000e+00
8.770000000000000000e+02,5.935581023071929252e+01,8.502899999999999636e+01,5.000000000000000000e+01,5.151861629614167271e+00,5.740965760745635293e+01,-3.205709006351229462e+00,0.000000000000000000e+00,0.000000000000000000e+00
8.780000000000000000e+02,5.950968481688261136e+01,8.506199999999999761e+01,5.000000000000000000e+01,5.151861629614167271e+00,5.744069894089042094e+01,-3.082875753621974635e+00,0.000000000000000000e+00,0.000000000000000000e+00
8.790000000000000000e+02,5.947990848359639671e+01,8.502899999999999636e+01,5.000000000000000000e+01,5.065605194415144119e+00,5.747122055641310823e+01,-3.056917267231852531e+00,0.000000000000000000e+00,0.000000000000000000e+00
8.800000000000000000e+02,5.980650640794995354e+01,8.506199999999999761e+01,5.000000000000000000e+01,5.151861629614167271e+00,5.750226188984717623e+01,-2.847617111511392629e+00,0.000000000000000000e+00,0.000000000000000000e+00
8.810000000000000000e+02,5.976771566188146068e+01,8.502899999999999636e+01,5.000000000000000000e+01,5.065605194415144119e+00,5.753278350536986352e+01,-2.830673037903546518e+00,0.000000000000000000e+00,0.000000000000000000e+00
8.820000000000000000e+02,6.008564457899057487e+01,8.506199999999999761e+01,5.000000000000000000e+01,5.151861629614167271e+00,5.756382483880393153e+01,-2.630041889427524815e+00,0.000000000000000000e+00,0.000000000000000000e+00
8.830000000000000000e+02,6.003851699630063621e+01,8.509399999999999409e+01,5.000000000000000000e+01,5.065605194415144119e+00,5.759434645432661881e+01,-2.621434652441125834e+00,0.000000000000000000e+00,0.000000000000000000e+00
8.840000000000000000e+02,5.999596244689428204e+01,8.512600000000000477e+01,5.000000000000000000e+01,4.981962590585801820e+00,5.762436410096555051e+01,-2.610364244657073840e+00,0.000000000000000000e+00,0.000000000000000000e+00
8.850000000000000000e+02,5.995247974344115249e+01,8.515800000000000125e+01,5.000000000000000000e+01,4.898319986756421329e+00,5.765387777872071950e+01,-2.599718022035988341e+00,0.000000000000000000e+00,0.000000000000000000e+00
8.860000000000000000e+02,5.990808513945763991e+01,8.518999999999999773e+01,5.000000000000000000e+01,4.814677382927078142e+00,5.768288748759213291e+01,-2.589479731061570700e+00,0.000000000000000000e+00,0.000000000000000000e+00
8.870000000000000000e+02,5.986279426567337936e+01,8.525499999999999545e+01,5.000000000000000000e+01,4.731034779097735843e+00,5.771139322757978363e+01,-2.579633741004137448e+00,0.000000000000000000e+00,0.000000000000000000e+00
8.880000000000000000e+02,5.963767784005001715e+01,8.531900000000000261e+01,5.000000000000000000e+01,4.561135740069370392e+00,5.773887528077229803e+01,-2.662333180791645493e+00,0.000000000000000000e+00,0.000000000000000000e+00
8.890000000000000000e+02,5.942012907962947565e+01,8.522299999999999898e+01,5.000000000000000000e+01,4.393850532410646714e+00,5.776534939619729414e+01,-2.739070848978467865e+00,0.000000000000000000e+00,0.000000000000000000e+00
8.900000000000000000e+02,6.007212153548427835e+01,8.531900000000000261e+01,5.000000000000000000e+01,4.644778343898712691e+00,5.779333541827356413e+01,-2.365992226687998023e+00,0.000000000000000000e+00,0.000000000000000000e+00
8.910000000000000000e+02,5.967020007941729176e+01,8.535200000000000387e+01,5.000000000000000000e+01,4.393850532410646714e+00,5.781980953369856024e+01,-2.543459986691916530e+00,0.000000000000000000e+00,0.000000000000000000e+00
8.920000000000000000e+02,5.961518771723050492e+01,8.535200000000000387e+01,5.000000000000000000e+01,4.307594097211624451e+00,5.784576393121217563e+01,-2.538170311193298279e+00,0.000000000000000000e+00,0.000000000000000000e+00
8.930000000000000000e+02,5.973839726631496205e+01,8.535200000000000387e+01,5.000000000000000000e+01,4.307594097211624451e+00,5.787171832872579103e+01,-2.440915159622457420e+00,0.000000000000000000e+00,0.000000000000000000e+00
8.940000000000000000e+02,5.985788028670063454e+01,8.535200000000000387e+01,5.000000000000000000e+01,4.307594097211624451e+00,5.789767272623940642e+01,-2.347386536750402097e+00,0.000000000000000000e+00,0.000000000000000000e+00
8.950000000000000000e+02,5.997377956790476361e+01,8.535200000000000387e+01,5.000000000000000000e+01,4.307594097211624451e+00,5.792362712375302181e+01,-2.257441653059882647e+00,0.000000000000000000e+00,0.000000000000000000e+00
8.960000000000000000e+02,6.008623242817419907e+01,8.535200000000000387e+01,5.000000000000000000e+01,4.307594097211624451e+00,5.794958152126663720e+01,-2.170943190304067905e+00,0.000000000000000000e+00,0.000000000000000000e+00
8.970000000000000000e+02,6.019537092412817003e+01,8.535200000000000387e+01,5.000000000000000000e+01,4.307594097211624451e+00,5.797553591878025259e+01,-2.087759091863706118e+00,0.000000000000000000e+00,0.000000000000000000e+00
8.980000000000000000e+02,6.030132205236832021e+01,8.535200000000000387e+01,5.000000000000000000e+01,4.307594097211624451e+00,5.800149031629386798e+01,-2.007762361137175322e+00,0.000000000000000000e+00,0.000000000000000000e+00
8.990000000000000000e+02,6.040420794336348109e+01,8.535200000000000387e+01,5.000000000000000000e+01,4.307594097211624451e+00,5.802744471380748337e+01,-1.930830867655627614e+00,0.000000000000000000e+00,0.000000000000000000e+00
9.000000000000000000e+02,6.050414604790550044e+01,8.535200000000000387e+01,5.000000000000000000e+01,4.307594097211624451e+00,5.805339911132109876e+01,-1.856847160627228321e+00,0.000000000000000000e+00,0.000000000000000000e+00
9.010000000000000000e+02,6.060124931642051394e+01,8.535200000000000387e+01,5.000000000000000000e+01,4.307594097211624451e+00,5.807935350883471415e+01,-1.785698289625823998e+00,0.000000000000000000e+00,0.000000000000000000e+00
9.020000000000000000e+02,6.069562637140966643e+01,8.535200000000000387e+01,5.000000000000000000e+01,4.307594097211624451e+00,5.810530790634832954e+01,-1.717275632150289111e+00,0.000000000000000000e+00,0.000000000000000000e+00
9.030000000000000000e+02,6.078738167328228315e+01,8.535200000000000387e+01,5.000000000000000000e+01,4.307594097211624451e+00,5.813126230386194493e+01,-1.651474727791287345e+00,0.000000000000000000e+00,0.000000000000000000e+00
9.040000000000000000e+02,6.087661567983492006e+01,8.535200000000000387e+01,5.000000000000000000e+01,4.307594097211624451e+00,5.815721670137556032e+01,-1.588195118752269375e+00,0.000000000000000000e+00,0.000000000000000000e+00
9.050000000000000000e+02,6.096342499961956918e+01,8.535200000000000387e+01,5.000000000000000000e+01,4.307594097211624451e+00,5.818317109888917571e+01,-1.527340196481232537e+00,0.000000000000000000e+00,0.000000000000000000e+00
9.060000000000000000e+02,6.104790253943532008e+01,8.538400000000000034e+01,5.000000000000000000e+01,4.307594097211624451e+00,5.820912549640279110e+01,-1.468817054179097470e+00,0.000000000000000000e+00,0.000000000000000000e+00
9.070000000000000000e+02,6.095661588728861346e+01,8.535200000000000387e+01,5.000000000000000000e+01,4.223951493382281264e+00,5.823457592503265090e+01,-1.501911531126318478e+00,0.000000000000000000e+00,0.000000000000000000e+00
9.080000000000000000e+02,6.121313686613105887e+01,8.544799999999999329e+01,5.000000000000000000e+01,4.307594097211624451e+00,5.826053032254626629e+01,-1.354987553626837427e+00,0.000000000000000000e+00,0.000000000000000000e+00
9.090000000000000000e+02,6.077044508767503572e+01,8.538400000000000034e+01,5.000000000000000000e+01,4.056666285723595777e+00,5.828497281340860781e+01,-1.571194011457169415e+00,0.000000000000000000e+00,0.000000000000000000e+00
9.100000000000000000e+02,6.120213458660575157e+01,8.554500000000000171e+01,5.000000000000000000e+01,4.223951493382281264e+00,5.831042324203846761e+01,-1.332240148814995528e+00,0.000000000000000000e+00,0.000000000000000000e+00
9.110000000000000000e+02,6.040560115351611614e+01,8.557699999999999818e+01,5.000000000000000000e+01,3.803124642865849836e+00,5.833333807722191011e+01,-1.730861566571648469e+00,0.000000000000000000e+00,0.000000000000000000e+00
9.120000000000000000e+02,6.032131570685479005e+01,8.554500000000000171e+01,5.000000000000000000e+01,3.719482039036507093e+00,5.835574894352158992e+01,-1.753915275703307630e+00,0.000000000000000000e+00,0.000000000000000000e+00
9.130000000000000000e+02,6.058445315876672055e+01,8.567400000000000659e+01,5.000000000000000000e+01,3.803124642865849836e+00,5.837866377870503243e+01,-1.597335262804164158e+00,0.000000000000000000e+00,0.000000000000000000e+00
9.140000000000000000e+02,5.996906354892335855e+01,8.564199999999999591e+01,5.000000000000000000e+01,3.465940396178761596e+00,5.839954698932582033e+01,-1.896423836581224043e+00,0.000000000000000000e+00,0.000000000000000000e+00
9.150000000000000000e+02,6.023613385016166433e+01,8.567400000000000659e+01,5.000000000000000000e+01,3.549583000008141642e+00,5.842093416883036383e+01,-1.734383318676839592e+00,0.000000000000000000e+00,0.000000000000000000e+00
9.160000000000000000e+02,6.015045569090744948e+01,8.567400000000000659e+01,5.000000000000000000e+01,3.465940396178761596e+00,5.844181737945115174e+01,-1.757302084722459856e+00,0.000000000000000000e+00,0.000000000000000000e+00
9.170000000000000000e+02,6.023867350072819704e+01,8.567400000000000659e+01,5.000000000000000000e+01,3.465940396178761596e+00,5.846270059007193964e+01,-1.689967485522500423e+00,0.000000000000000000e+00,0.000000000000000000e+00
9.180000000000000000e+02,6.032431124859554927e+01,8.567400000000000659e+01,5.000000000000000000e+01,3.465940396178761596e+00,5.848358380069272755e+01,-1.625212948275938762e+00,0.000000000000000000e+00,0.000000000000000000e+00
9.190000000000000000e+02,6.040746779482444140e+01,8.567400000000000659e+01,5.000000000000000000e+01,3.465940396178761596e+00,5.850446701131351546e+01,-1.562939612667833433e+00,0.000000000000000000e+00,0.000000000000000000e+00
9.200000000000000000e+02,6.048823821169602866e+01,8.567400000000000659e+01,5.000000000000000000e+01,3.465940396178761596e+00,5.852535022193430336e+01,-1.503052406417036968e+00,0.000000000000000000e+00,0.000000000000000000e+00
9.210000000000000000e+02,6.056671392860386050e+01,8.567400000000000659e+01,5.000000000000000000e+01,3.465940396178761596e+00,5.854623343255509127e+01,-1.445459900129986153e+00,0.000000000000000000e+00,0.000000000000000000e+00
9.220000000000000000e+02,6.064298287163857282e+01,8.567400000000000659e+01,5.000000000000000000e+01,3.465940396178761596e+00,5.856711664317587918e+01,-1.390074167716063736e+00,0.000000000000000000e+00,0.000000000000000000e+00
9.230000000000000000e+02,6.071712959782399821e+01,8.567400000000000659e+01,5.000000000000000000e+01,3.465940396178761596e+00,5.858799985379666708e+01,-1.336810652151429801e+00,0.000000000000000000e+00,0.000000000000000000e+00
9.240000000000000000e+02,6.078923542420982784e+01,8.567400000000000659e+01,5.000000000000000000e+01,3.465940396178761596e+00,5.860888306441745499e+01,-1.285588036386383637e+00,0.000000000000000000e+00,0.000000000000000000e+00
9.250000000000000000e+02,6.085937855201783009e+01,8.567400000000000659e+01,5.000000000000000000e+01,3.465940396178761596e+00,5.862976627503824290e+01,-1.236328119199173514e+00,0.000000000000000000e+00,0.000000000000000000e+00
9.260000000000000000e+02,6.092763418603107084e+01,8.567400000000000659e+01,5.000000000000000000e+01,3.465940396178761596e+00,5.865064948565903080e+01,-1.188955695806718449e+00,0.000000000000000000e+00,0.000000000000000000e+00
9.270000000000000000e+02,6.099407464940860280e+01,8.567400000000000659e+01,5.000000000000000000e+01,3.465940396178761596e+00,5.867153269627981871e+01,-1.143398443049974400e+00,0.000000000000000000e+00,0.000000000000000000e+00
9.280000000000000000e+02,6.105876949410070864e+01,8.567400000000000659e+01,5.000000000000000000e+01,3.465940396178761596e+00,5.869241590690060661e+01,-1.099586808978654684e+00,0.000000000000000000e+00,0.000000000000000000e+00
9.290000000000000000e+02,6.112178560703341645e+01,8.567400000000000659e+01,5.000000000000000000e+01,3.465940396178761596e+00,5.871329911752139452e+01,-1.057453906666737220e+00,0.000000000000000000e+00,0.000000000000000000e+00
9.300000000000000000e+02,6.118318731222429818e+01,8.567400000000000659e+01,5.000000000000000000e+01,3.465940396178761596e+00,5.873418232814218243e+01,-1.016935412096646507e+00,0.000000000000000000e+00,0.000000000000000000e+00
9.310000000000000000e+02,6.124303646898552245e+01,8.567400000000000659e+01,5.000000000000000000e+01,3.465940396178761596e+00,5.875506553876297033e+01,-9.779694659562093717e-01,0.000000000000000000e+00,0.000000000000000000e+00
9.320000000000000000e+02,6.130139256636405776e+01,8.567400000000000659e+01,5.000000000000000000e+01,3.465940396178761596e+00,5.877594874938375824e+01,-9.404965791984610801e-01,0.000000000000000000e+00,0.000000000000000000e+00
9.330000000000000000e+02,6.135831281396318815e+01,8.567400000000000659e+01,5.000000000000000000e+01,3.465940396178761596e+00,5.879683196000454615e+01,-9.044595422201187063e-01,0.000000000000000000e+00,0.000000000000000000e+00
9.340000000000000000e+02,6.141385222928402499e+01,8.567400000000000659e+01,5.000000000000000000e+01,3.465940396178761596e+00,5.881771517062533405e+01,-8.698033375200662221e-01,0.000000000000000000e+00,0.000000000000000000e+00
9.350000000000000000e+02,6.146806372172037669e+01,8.567400000000000659e+01,5.000000000000000000e+01,3.465940396178761596e+00,5.883859838124612196e+01,-8.364750557045065316e-01,0.000000000000000000e+00,0.000000000000000000e+00
9.360000000000000000e+02,6.152099817333512277e+01,8.567400000000000659e+01,5.000000000000000000e+01,3.465940396178761596e+00,5.885948159186690987e+01,-8.044238147105471359e-01,0.000000000000000000e+00,0.000000000000000000e+00
9.370000000000000000e+02,6.157270451654155607e+01,8.567400000000000659e+01,5.000000000000000000e+01,3.465940396178761596e+00,5.888036480248769777e+01,-7.736006821248985199e-01,0.000000000000000000e+00,0.000000000000000000e+00
9.380000000000000000e+02,6.162322980880815493e+01,8.573799999999999955e+01,5.000000000000000000e+01,3.465940396178761596e+00,5.890124801310848568e+01,-7.439586004790884610e-01,0.000000000000000000e+00,0.000000000000000000e+00
9.390000000000000000e+02,6.132557578674109777e+01,8.570600000000000307e+01,5.000000000000000000e+01,3.298655188520075665e+00,5.892112328596175530e+01,-8.942026877407320828e-01,0.000000000000000000e+00,0.000000000000000000e+00
9.400000000000000000e+02,6.155323601095892627e+01,8.570600000000000307e+01,5.000000000000000000e+01,3.382297792349418408e+00,5.894150252769878051e+01,-7.705643090892726477e-01,0.000000000000000000e+00,0.000000000000000000e+00
9.410000000000000000e+02,6.160314098954074780e+01,8.570600000000000307e+01,5.000000000000000000e+01,3.382297792349418408e+00,5.896188176943580572e+01,-7.410385722444805534e-01,0.000000000000000000e+00,0.000000000000000000e+00
9.420000000000000000e+02,6.165191462953609403e+01,8.580299999999999727e+01,5.000000000000000000e+01,3.382297792349418408e+00,5.898226101117283093e+01,-7.126441739861566482e-01,0.000000000000000000e+00,0.000000000000000000e+00
9.430000000000000000e+02,6.117361244887642613e+01,8.596399999999999864e+01,5.000000000000000000e+01,3.128756149491710215e+00,5.900111259723096424e+01,-9.562562978462425534e-01,0.000000000000000000e+00,0.000000000000000000e+00
9.440000000000000000e+02,6.035607358818296575e+01,8.593200000000000216e+01,5.000000000000000000e+01,2.707929298975278787e+00,5.901742858984268025e+01,-1.369284300634993956e+00,0.000000000000000000e+00,0.000000000000000000e+00
9.450000000000000000e+02,6.059837824924898797e+01,8.596399999999999864e+01,5.000000000000000000e+01,2.791571902804621530e+00,5.903424855133815896e+01,-1.227442204893790301e+00,0.000000000000000000e+00,0.000000000000000000e+00
9.460000000000000000e+02,6.048870839339936367e+01,8.596399999999999864e+01,5.000000000000000000e+01,2.707929298975278787e+00,5.905056454394987497e+01,-1.269785449525790977e+00,0.000000000000000000e+00,0.000000000000000000e+00
9.470000000000000000e+02,6.055367879498098915e+01,8.596399999999999864e+01,5.000000000000000000e+01,2.707929298975278787e+00,5.906688053656159099e+01,-1.221131040555882397e+00,0.000000000000000000e+00,0.000000000000000000e+00
9.480000000000000000e+02,6.061678490404524666e+01,8.596399999999999864e+01,5.000000000000000000e+01,2.707929298975278787e+00,5.908319652917330700e+01,-1.174340924103339789e+00,0.000000000000000000e+00,0.000000000000000000e+00
9.490000000000000000e+02,6.067809815474711144e+01,8.599599999999999511e+01,5.000000000000000000e+01,2.707929298975278787e+00,5.909951252178502301e+01,-1.129343666013193692e+00,0.000000000000000000e+00,0.000000000000000000e+00
9.500000000000000000e+02,6.056416548521688270e+01,8.599599999999999511e+01,5.000000000000000000e+01,2.624286695145935600e+00,5.911532454551297633e+01,-1.175445755442029450e+00,0.000000000000000000e+00,0.000000000000000000e+00
9.510000000000000000e+02,6.062501710089210150e+01,8.599599999999999511e+01,5.000000000000000000e+01,2.624286695145935600e+00,5.913113656924092965e+01,-1.130406163494761529e+00,0.000000000000000000e+00,0.000000000000000000e+00
9.520000000000000000e+02,6.068414293310740248e+01,8.599599999999999511e+01,5.000000000000000000e+01,2.624286695145935600e+00,5.914694859296888296e+01,-1.087092355007414968e+00,0.000000000000000000e+00,0.000000000000000000e+00
9.530000000000000000e+02,6.074160910876184261e+01,8.599599999999999511e+01,5.000000000000000000e+01,2.624286695145935600e+00,5.916276061669683628e+01,-1.045438203080926387e+00,0.000000000000000000e+00,0.000000000000000000e+00
9.540000000000000000e+02,6.079747922096802171e+01,8.599599999999999511e+01,5.000000000000000000e+01,2.624286695145935600e+00,5.917857264042478960e+01,-1.005380114602702157e+00,0.000000000000000000e+00,0.000000000000000000e+00
9.550000000000000000e+02,6.085181442613923508e+01,8.599599999999999511e+01,5.000000000000000000e+01,2.624286695145935600e+00,5.919438466415274291e+01,-9.668569331594422112e-01,0.000000000000000000e+00,0.000000000000000000e+00
9.560000000000000000e+02,6.090467353735657241e+01,8.599599999999999511e+01,5.000000000000000000e+01,2.624286695145935600e+00,5.921019668788069623e+01,-9.298098456700564229e-01,0.000000000000000000e+00,0.000000000000000000e+00
9.570000000000000000e+02,6.095611311415845535e+01,8.596399999999999864e+01,5.000000000000000000e+01,2.624286695145935600e+00,5.922600871160864955e+01,-8.941822925961309121e-01,0.000000000000000000e+00,0.000000000000000000e+00
9.580000000000000000e+02,6.117970930776957772e+01,8.599599999999999511e+01,5.000000000000000000e+01,2.707929298975278787e+00,5.924232470422036556e+01,-7.705446954260679604e-01,0.000000000000000000e+00,0.000000000000000000e+00
9.590000000000000000e+02,6.105202852680883296e+01,8.599599999999999511e+01,5.000000000000000000e+01,2.624286695145935600e+00,5.925813672794831888e+01,-8.303948962854197369e-01,0.000000000000000000e+00,0.000000000000000000e+00
9.600000000000000000e+02,6.109965881787123010e+01,8.599599999999999511e+01,5.000000000000000000e+01,2.624286695145935600e+00,5.927394875167627220e+01,-7.985766289509781402e-01,0.000000000000000000e+00,0.000000000000000000e+00
9.610000000000000000e+02,6.114606992738434599e+01,8.599599999999999511e+01,5.000000000000000000e+01,2.624286695145935600e+00,5.928976077540422551e+01,-7.679775431658147911e-01,0.000000000000000000e+00,0.000000000000000000e+00
9.620000000000000000e+02,6.119130857076591923e+01,8.599599999999999511e+01,5.000000000000000000e+01,2.624286695145935600e+00,5.930557279913217883e+01,-7.385509235121956451e-01,0.000000000000000000e+00,0.000000000000000000e+00
9.630000000000000000e+02,6.123541967343754777e+01,8.599599999999999511e+01,5.000000000000000000e+01,2.624286695145935600e+00,5.932138482286013215e+01,-7.102518445685160886e-01,0.000000000000000000e+00,0.000000000000000000e+00
9.640000000000000000e+02,6.127844643941205760e+01,8.599599999999999511e+01,5.000000000000000000e+01,2.624286695145935600e+00,5.933719684658808546e+01,-6.830371023219625748e-01,0.000000000000000000e+00,0.000000000000000000e+00
9.650000000000000000e+02,6.132043041725273724e+01,8.599599999999999511e+01,5.000000000000000000e+01,2.624286695145935600e+00,5.935300887031603878e+01,-6.568651482092382476e-01,0.000000000000000000e+00,0.000000000000000000e+00
9.660000000000000000e+02,6.136141156350527126e+01,8.599599999999999511e+01,5.000000000000000000e+01,2.624286695145935600e+00,5.936882089404399210e+01,-6.316960256846516630e-01,0.000000000000000000e+00,0.000000000000000000e+00
9.670000000000000000e+02,6.140142830369914861e+01,8.599599999999999511e+01,5.000000000000000000e+01,2.624286695145935600e+00,5.938463291777194542e+01,-6.074913092187281816e-01,0.000000000000000000e+00,0.000000000000000000e+00
9.680000000000000000e+02,6.144051759101161991e+01,8.596399999999999864e+01,5.000000000000000000e+01,2.624286695145935600e+00,5.940044494149989873e+01,-5.842140456342135302e-01,0.000000000000000000e+00,0.000000000000000000e+00
9.690000000000000000e+02,6.165223672156378143e+01,8.599599999999999511e+01,5.000000000000000000e+01,2.707929298975278787e+00,5.941676093411161474e+01,-4.724535115231130455e-01,0.000000000000000000e+00,0.000000000000000000e+00
9.700000000000000000e+02,6.151313397134251915e+01,8.599599999999999511e+01,5.000000000000000000e+01,2.624286695145935600e+00,5.943257295783956806e+01,-5.437256816429842932e-01,0.000000000000000000e+00,0.000000000000000000e+00
9.710000000000000000e+02,6.154977994909945949e+01,8.599599999999999511e+01,5.000000000000000000e+01,2.624286695145935600e+00,5.944838498156752138e+01,-5.228917276139948278e-01,0.000000000000000000e+00,0.000000000000000000e+00
9.720000000000000000e+02,6.158562763158521136e+01,8.599599999999999511e+01,5.000000000000000000e+01,2.624286695145935600e+00,5.946419700529547470e+01,-5.028560688561988234e-01,0.000000000000000000e+00,0.000000000000000000e+00
9.730000000000000000e+02,6.162070760710475525e+01,8.599599999999999511e+01,5.000000000000000000e+01,2.624286695145935600e+00,5.948000902902342801e+01,-4.835881170646051386e-01,0.000000000000000000e+00,0.000000000000000000e+00
9.740000000000000000e+02,6.165504929191004635e+01,8.589900000000000091e+01,5.000000000000000000e+01,2.624286695145935600e+00,5.949582105275138133e+01,-4.650584559872662505e-01,0.000000000000000000e+00,0.000000000000000000e+00
9.750000000000000000e+02,6.221466880671430033e+01,8.599599999999999511e+01,5.000000000000000000e+01,2.877828338003644237e+00,5.951316073215823366e+01,-1.763202634475753428e-01,0.000000000000000000e+00,0.000000000000000000e+00
9.760000000000000000e+02,6.171277672359146038e+01,8.599599999999999511e+01,5.000000000000000000e+01,2.624286695145935600e+00,5.952897275588618697e+01,-4.404827274406577509e-01,0.000000000000000000e+00,0.000000000000000000e+00
9.770000000000000000e+02,6.174546673782803197e+01,8.599599999999999511e+01,5.000000000000000000e+01,2.624286695145935600e+00,5.954478477961414029e+01,-4.236047369320389833e-01,0.000000000000000000e+00,0.000000000000000000e+00
9.780000000000000000e+02,6.177751003757192905e+01,8.599599999999999511e+01,5.000000000000000000e+01,2.624286695145935600e+00,5.956059680334209361e+01,-4.073734609160954978e-01,0.000000000000000000e+00,0.000000000000000000e+00
9.790000000000000000e+02,6.180893140300268840e+01,8.599599999999999511e+01,5.000000000000000000e+01,2.624286695145935600e+00,5.957640882707004693e+01,-3.917641192132897965e-01,0.000000000000000000e+00,0.000000000000000000e+00
9.800000000000000000e+02,6.183975466479692784e+01,8.599599999999999511e+01,5.000000000000000000e+01,2.624286695145935600e+00,5.959222085079800024e+01,-3.767528811470023942e-01,0.000000000000000000e+00,0.000000000000000000e+00
9.810000000000000000e+02,6.187000274051048621e+01,8.599599999999999511e+01,5.000000000000000000e+01,2.624286695145935600e+00,5.960803287452595356e+01,-3.623168291613985681e-01,0.000000000000000000e+00,0.000000000000000000e+00
9.820000000000000000e+02,6.189969766956649266e+01,8.599599999999999511e+01,5.000000000000000000e+01,2.624286695145935600e+00,5.962384489825390688e+01,-3.484339238333507560e-01,0.000000000000000000e+00,0.000000000000000000e+00
9.830000000000000000e+02,6.192886064690279113e+01,8.599599999999999511e+01,5.000000000000000000e+01,2.624286695145935600e+00,5.963965692198186019e+01,-3.350829702249998321e-01,0.000000000000000000e+00,0.000000000000000000e+00
9.840000000000000000e+02,6.195751205533016304e+01,8.599599999999999511e+01,5.000000000000000000e+01,2.624286695145935600e+00,5.965546894570981351e+01,-3.222435855255866843e-01,0.000000000000000000e+00,0.000000000000000000e+00
9.850000000000000000e+02,6.198567149665054643e+01,8.599599999999999511e+01,5.000000000000000000e+01,2.624286695145935600e+00,5.967128096943776683e+01,-3.098961679331525554e-01,0.000000000000000000e+00,0.000000000000000000e+00
9.860000000000000000e+02,6.201335782158305676e+01,8.609300000000000352e+01,5.000000000000000000e+01,2.624286695145935600e+00,5.968709299316572015e+01,-2.980218667286002598e-01,0.000000000000000000e+00,0.000000000000000000e+00
9.870000000000000000e+02,6.151460132693839711e+01,8.609300000000000352e+01,5.000000000000000000e+01,2.370745052288190102e+00,5.970137736121478156e+01,-5.575210865645776614e-01,0.000000000000000000e+00,0.000000000000000000e+00
9.880000000000000000e+02,6.155024824798032057e+01,8.615699999999999648e+01,5.000000000000000000e+01,2.370745052288190102e+00,5.971566172926384297e+01,-5.361585335717149459e-01,0.000000000000000000e+00,0.000000000000000000e+00
9.890000000000000000e+02,6.123803310164814917e+01,8.602800000000000580e+01,5.000000000000000000e+01,2.203459844629504172e+00,5.972893815954538610e+01,-6.943649025267434327e-01,0.000000000000000000e+00,0.000000000000000000e+00
9.900000000000000000e+02,6.197742512420342820e+01,8.622199999999999420e+01,5.000000000000000000e+01,2.540644091316555553e+00,5.974424621438958383e+01,-3.074651815027155122e-01,0.000000000000000000e+00,0.000000000000000000e+00
9.910000000000000000e+02,6.095253866885930449e+01,8.618899999999999295e+01,5.000000000000000000e+01,2.033560805601138721e+00,5.975649895787599064e+01,-8.375210946178257565e-01,0.000000000000000000e+00,0.000000000000000000e+00
9.920000000000000000e+02,6.117582704829049334e+01,8.622199999999999420e+01,5.000000000000000000e+01,2.119817240800161429e+00,5.976927141927377107e+01,-7.132616117834347236e-01,0.000000000000000000e+00,0.000000000000000000e+00
9.930000000000000000e+02,6.103698526343486463e+01,8.622199999999999420e+01,5.000000000000000000e+01,2.033560805601138721e+00,5.978152416276017789e+01,-7.780997049264517518e-01,0.000000000000000000e+00,0.000000000000000000e+00
9.940000000000000000e+02,6.107905247776514557e+01,8.625400000000000489e+01,5.000000000000000000e+01,2.033560805601138721e+00,5.979377690624658470e+01,-7.482852340825819626e-01,0.000000000000000000e+00,0.000000000000000000e+00
9.950000000000000000e+02,6.094645553119925552e+01,8.625400000000000489e+01,5.000000000000000000e+01,1.949918201771758675e+00,5.980552568084922882e+01,-8.089883514217300897e-01,0.000000000000000000e+00,0.000000000000000000e+00
9.960000000000000000e+02,6.098920233788414436e+01,8.631799999999999784e+01,5.000000000000000000e+01,1.949918201771758675e+00,5.981727445545187294e+01,-7.779903193394877015e-01,0.000000000000000000e+00,0.000000000000000000e+00
9.970000000000000000e+02,6.068371787423988906e+01,8.631799999999999784e+01,5.000000000000000000e+01,1.782632994113072744e+00,5.982801529228699877e+01,-9.269304121601797952e-01,0.000000000000000000e+00,0.000000000000000000e+00
9.980000000000000000e+02,6.072997593280466333e+01,8.631799999999999784e+01,5.000000000000000000e+01,1.782632994113072744e+00,5.983875612912212461e+01,-8.914131904305325760e-01,0.000000000000000000e+00,0.000000000000000000e+00
9.990000000000000000e+02,6.077487307686836715e+01,8.631799999999999784e+01,5.000000000000000000e+01,1.782632994113072744e+00,5.984949696595725044e+01,-8.572568832019568097e-01,0.000000000000000000e+00,0.000000000000000000e+00
1.000000000000000000e+03,6.081846145263470049e+01,8.631799999999999784e+01,5.000000000000000000e+01,1.782632994113072744e+00,5.986023780279237627e+01,-8.244093442707509656e-01,0.000000000000000000e+00,0.000000000000000000e+00
1.001000000000000000e+03,6.086079120821963784e+01,8.628600000000000136e+01,5.000000000000000000e+01,1.782632994113072744e+00,5.987097863962750210e+01,-7.928204255209393425e-01,0.000000000000000000e+00,0.000000000000000000e+00
1.002000000000000000e+03,6.107543232909212350e+01,8.631799999999999784e+01,5.000000000000000000e+01,1.866275597942415709e+00,5.988222344534639063e+01,-6.730667141966872880e-01,0.000000000000000000e+00,0.000000000000000000e+00
1.003000000000000000e+03,6.093894529436873597e+01,8.628600000000000136e+01,5.000000000000000000e+01,1.782632994113072744e+00,5.989296428218151647e+01,-7.366519819258527946e-01,0.000000000000000000e+00,0.000000000000000000e+00
1.004000000000000000e+03,6.115143420722301215e+01,8.631799999999999784e+01,5.000000000000000000e+01,1.866275597942415709e+00,5.990420908790040500e+01,-6.190504786198129938e-01,0.000000000000000000e+00,0.000000000000000000e+00
1.005000000000000000e+03,6.101287743070367497e+01,8.631799999999999784e+01,5.000000000000000000e+01,1.782632994113072744e+00,5.991494992473553083e+01,-6.847054881449281538e-01,0.000000000000000000e+00,0.000000000000000000e+00
1.006000000000000000e+03,6.104985414924352938e+01,8.631799999999999784e+01,5.000000000000000000e+01,1.782632994113072744e+00,5.992569076157065666e+01,-6.584696064401995841e-01,0.000000000000000000e+00,0.000000000000000000e+00
1.007000000000000000e+03,6.108582558667969664e+01,8.631799999999999784e+01,5.000000000000000000e+01,1.782632994113072744e+00,5.993643159840578249e+01,-6.332390058391603738e-01,0.000000000000000000e+00,0.000000000000000000e+00
1.008000000000000000e+03,6.112083026239980654e+01,8.631799999999999784e+01,5.000000000000000000e+01,1.782632994113072744e+00,5.994717243524090833e+01,-6.089751669541715318e-01,0.000000000000000000e+00,0.000000000000000000e+00
1.009000000000000000e+03,6.115490521984292371e+01,8.631799999999999784e+01,5.000000000000000000e+01,1.782632994113072744e+00,5.995791327207603416e+01,-5.856410463461807492e-01,0.000000000000000000e+00,0.000000000000000000e+00
1.010000000000000000e+03,6.118808608305347718e+01,8.631799999999999784e+01,5.000000000000000000e+01,1.782632994113072744e+00,5.996865410891115999e+01,-5.632010199707536691e-01,0.000000000000000000e+00,0.000000000000000000e+00
1.011000000000000000e+03,6.122040711106826905e+01,8.631799999999999784e+01,5.000000000000000000e+01,1.782632994113072744e+00,5.997939494574628583e+01,-5.416208287910860841e-01,0.000000000000000000e+00,0.000000000000000000e+00
1.012000000000000000e+03,6.125190125021951815e+01,8.631799999999999784e+01,5.000000000000000000e+01,1.782632994113072744e+00,5.999013578258141166e+01,-5.208675264749634826e-01,0.000000000000000000e+00,0.000000000000000000e+00
1.013000000000000000e+03,6.128260018443378954e+01,8.631799999999999784e+01,5.000000000000000000e+01,1.782632994113072744e+00,6.000087661941653749e+01,-5.009094290958181483e-01,0.000000000000000000e+00,0.000000000000000000e+00
1.014000000000000000e+03,6.131253438360364072e+01,8.631799999999999784e+01,5.000000000000000000e+01,1.782632994113072744e+00,6.001161745625166333e+01,-4.817160667610921876e-01,0.000000000000000000e+00,0.000000000000000000e+00
1.015000000000000000e+03,6.134173315010580296e+01,8.631799999999999784e+01,5.000000000000000000e+01,1.782632994113072744e+00,6.002235829308678916e+01,-4.632581370940583865e-01,0.000000000000000000e+00,0.000000000000000000e+00
1.016000000000000000e+03,6.137022466353690930e+01,8.631799999999999784e+01,5.000000000000000000e+01,1.782632994113072744e+00,6.003309912992191499e+01,-4.455074604980792663e-01,0.000000000000000000e+00,0.000000000000000000e+00
1.017000000000000000e+03,6.139803602373510927e+01,8.631799999999999784e+01,5.000000000000000000e+01,1.782632994113072744e+00,6.004383996675704083e+01,-4.284369371350072453e-01,0.000000000000000000e+00,0.000000000000000000e+00
1.018000000000000000e+03,6.142519329215319601e+01,8.631799999999999784e+01,5.000000000000000000e+01,1.782632994113072744e+00,6.005458080359216666e+01,-4.120205055520445581e-01,0.000000000000000000e+00,0.000000000000000000e+00
1.019000000000000000e+03,6.145172153164646289e+01,8.631799999999999784e+01,5.000000000000000000e+01,1.782632994113072744e+00,6.006532164042729249e+01,-3.962331028938992916e-01,0.000000000000000000e+00,0.000000000000000000e+00
1.020000000000000000e+03,6.147764484473599822e+01,8.631799999999999784e+01,5.000000000000000000e+01,1.782632994113072744e+00,6.007606247726241833e+01,-3.810506266394932395e-01,0.000000000000000000e+00,0.000000000000000000e+00
1.021000000000000000e+03,6.150298641040581060e+01,8.631799999999999784e+01,5.000000000000000000e+01,1.782632994113072744e+00,6.008680331409754416e+01,-3.664498978048057465e-01,0.000000000000000000e+00,0.000000000000000000e+00
1.022000000000000000e+03,6.152776851949006698e+01,8.631799999999999784e+01,5.000000000000000000e+01,1.782632994113072744e+00,6.009754415093266999e+01,-3.524086255556752034e-01,0.000000000000000000e+00,0.000000000000000000e+00
1.023000000000000000e+03,6.155201260870433799e+01,8.631799999999999784e+01,5.000000000000000000e+01,1.782632994113072744e+00,6.010828498776779583e+01,-3.389053731765330757e-01,0.000000000000000000e+00,0.000000000000000000e+00
1.024000000000000000e+03,6.157573929337287666e+01,8.631799999999999784e+01,5.000000000000000000e+01,1.782632994113072744e+00,6.011902582460292166e+01,-3.259195253431148021e-01,0.000000000000000000e+00,0.000000000000000000e+00
1.025000000000000000e+03,6.159896839890193831e+01,8.631799999999999784e+01,5.000000000000000000e+01,1.782632994113072744e+00,6.012976666143804749e+01,-3.134312566491835317e-01,0.000000000000000000e+00,0.000000000000000000e+00
1.026000000000000000e+03,6.162171899104703243e+01,8.631799999999999784e+01,5.000000000000000000e+01,1.782632994113072744e+00,6.014050749827317333e+01,-3.014215013392160802e-01,0.000000000000000000e+00,0.000000000000000000e+00
1.027000000000000000e+03,6.164400940502052606e+01,8.631799999999999784e+01,5.000000000000000000e+01,1.782632994113072744e+00,6.015124833510829916e+01,-2.898719242008428454e-01,0.000000000000000000e+00,0.000000000000000000e+00
1.028000000000000000e+03,6.166585727348389412e+01,8.631799999999999784e+01,5.000000000000000000e+01,1.782632994113072744e+00,6.016198917194342499e+01,-2.787648925726026738e-01,0.000000000000000000e+00,0.000000000000000000e+00
1.029000000000000000e+03,6.168727955346734859e+01,8.631799999999999784e+01,5.000000000000000000e+01,1.782632994113072744e+00,6.017273000877855083e+01,-2.680834494242776422e-01,0.000000000000000000e+00,0.000000000000000000e+00
1.030000000000000000e+03,6.170829255225803678e+01,8.631799999999999784e+01,5.000000000000000000e+01,1.782632994113072744e+00,6.018347084561367666e+01,-2.578112874687096823e-01,0.000000000000000000e+00,0.000000000000000000e+00
1.031000000000000000e+03,6.172891195229630057e+01,8.631799999999999784e+01,5.000000000000000000e+01,1.782632994113072744e+00,6.019421168244880249e+01,-2.479327242655750274e-01,0.000000000000000000e+00,0.000000000000000000e+00
1.032000000000000000e+03,6.174915283511788999e+01,8.631799999999999784e+01,5.000000000000000000e+01,1.782632994113072744e+00,6.020495251928392832e+01,-2.384326782791086619e-01,0.000000000000000000e+00,0.000000000000000000e+00
1.033000000000000000e+03,6.176902970437890161e+01,8.631799999999999784e+01,5.000000000000000000e+01,1.782632994113072744e+00,6.021569335611905416e+01,-2.292966458532253726e-01,0.000000000000000000e+00,0.000000000000000000e+00
1.034000000000000000e+03,6.178855650799836496e+01,8.635099999999999909e+01,5.000000000000000000e+01,1.782632994113072744e+00,6.022643419295417999e+01,-2.205106790688859397e-01,0.000000000000000000e+00,0.000000000000000000e+00
1.035000000000000000e+03,6.162880234560756065e+01,8.635099999999999909e+01,5.000000000000000000e+01,1.696376558914050259e+00,6.023665531187793221e+01,-3.042295251844236437e-01,0.000000000000000000e+00,0.000000000000000000e+00
1.036000000000000000e+03,6.165068063680759991e+01,8.635099999999999909e+01,5.000000000000000000e+01,1.696376558914050259e+00,6.024687643080168442e+01,-2.925723529081371566e-01,0.000000000000000000e+00,0.000000000000000000e+00
1.037000000000000000e+03,6.167211225977122524e+01,8.631799999999999784e+01,5.000000000000000000e+01,1.696376558914050259e+00,6.025709754972543664e+01,-2.813618488682640972e-01,0.000000000000000000e+00,0.000000000000000000e+00
1.038000000000000000e+03,6.187205864334420369e+01,8.631799999999999784e+01,5.000000000000000000e+01,1.782632994113072744e+00,6.026783838656056247e+01,-1.784127373294336905e-01,0.000000000000000000e+00,0.000000000000000000e+00
1.039000000000000000e+03,6.188963572664183488e+01,8.631799999999999784e+01,5.000000000000000000e+01,1.782632994113072744e+00,6.027857922339568830e+01,-1.715764908669238642e-01,0.000000000000000000e+00,0.000000000000000000e+00
1.040000000000000000e+03,6.190695086526895352e+01,8.635099999999999909e+01,5.000000000000000000e+01,1.782632994113072744e+00,6.028932006023081414e+01,-1.650021890749331921e-01,0.000000000000000000e+00,0.000000000000000000e+00
1.041000000000000000e+03,6.174506978232280829e+01,8.631799999999999784e+01,5.000000000000000000e+01,1.696376558914050259e+00,6.029954117915456635e+01,-2.508479557458107578e-01,0.000000000000000000e+00,0.000000000000000000e+00
1.042000000000000000e+03,6.194384696409417046e+01,8.638299999999999557e+01,5.000000000000000000e+01,1.782632994113072744e+00,6.031028201598969218e+01,-1.490680460085905268e-01,0.000000000000000000e+00,0.000000000000000000e+00
1.043000000000000000e+03,6.160783357320755727e+01,8.644700000000000273e+01,5.000000000000000000e+01,1.612733955084707294e+00,6.031999916602968170e+01,-3.248995479068336745e-01,0.000000000000000000e+00,0.000000000000000000e+00
1.044000000000000000e+03,6.128295639167413356e+01,8.644700000000000273e+01,5.000000000000000000e+01,1.445448747425984282e+00,6.032870837830215294e+01,-4.912007340540077149e-01,0.000000000000000000e+00,0.000000000000000000e+00
1.045000000000000000e+03,6.131048695790833136e+01,8.651200000000000045e+01,5.000000000000000000e+01,1.445448747425984282e+00,6.033741759057462417e+01,-4.723793800922748143e-01,0.000000000000000000e+00,0.000000000000000000e+00
1.046000000000000000e+03,6.098483027300654413e+01,8.654399999999999693e+01,5.000000000000000000e+01,1.275549708397618831e+00,6.034510311605195909e+01,-6.358225514430313474e-01,0.000000000000000000e+00,0.000000000000000000e+00
1.047000000000000000e+03,6.084335687228705325e+01,8.654399999999999693e+01,5.000000000000000000e+01,1.191907104568275866e+00,6.035228467264553132e+01,-7.008349049267508235e-01,0.000000000000000000e+00,0.000000000000000000e+00
1.048000000000000000e+03,6.087739234195501581e+01,8.657599999999999341e+01,5.000000000000000000e+01,1.191907104568275866e+00,6.035946622923910354e+01,-6.739809918523589349e-01,0.000000000000000000e+00,0.000000000000000000e+00
1.049000000000000000e+03,6.073687709051198880e+01,8.660800000000000409e+01,5.000000000000000000e+01,1.108264500738932901e+00,6.036614381694892018e+01,-7.375312271758627247e-01,0.000000000000000000e+00,0.000000000000000000e+00
1.050000000000000000e+03,6.059829292654894317e+01,8.657599999999999341e+01,5.000000000000000000e+01,1.024621896909552854e+00,6.037231743577497411e+01,-7.986464061355784683e-01,0.000000000000000000e+00,0.000000000000000000e+00
1.051000000000000000e+03,6.080859006369471587e+01,8.660800000000000409e+01,5.000000000000000000e+01,1.108264500738932901e+00,6.037899502348479075e+01,-6.786694605290060078e-01,0.000000000000000000e+00,0.000000000000000000e+00
1.052000000000000000e+03,6.066775049156945698e+01,8.664100000000000534e+01,5.000000000000000000e+01,1.024621896909552854e+00,6.038516864231084469e+01,-7.420400476509407817e-01,0.000000000000000000e+00,0.000000000000000000e+00
1.053000000000000000e+03,6.052341256837353711e+01,8.664100000000000534e+01,5.000000000000000000e+01,9.383654617105301465e-01,6.039082254322552501e+01,-8.057754365625187098e-01,0.000000000000000000e+00,0.000000000000000000e+00
1.054000000000000000e+03,6.055994139201084181e+01,8.664100000000000534e+01,5.000000000000000000e+01,9.383654617105301465e-01,6.039647644414020533e+01,-7.749005138398961101e-01,0.000000000000000000e+00,0.000000000000000000e+00
1.055000000000000000e+03,6.059528718026400185e+01,8.664100000000000534e+01,5.000000000000000000e+01,9.383654617105301465e-01,6.040213034505488565e+01,-7.452086265014179478e-01,0.000000000000000000e+00,0.000000000000000000e+00
1.056000000000000000e+03,6.062949526353700236e+01,8.660800000000000409e+01,5.000000000000000000e+01,9.383654617105301465e-01,6.040778424596956597e+01,-7.166544441430955370e-01,0.000000000000000000e+00,0.000000000000000000e+00
1.057000000000000000e+03,6.084155354915223768e+01,8.664100000000000534e+01,5.000000000000000000e+01,1.024621896909552854e+00,6.041395786479561991e+01,-5.970262125529337549e-01,0.000000000000000000e+00,0.000000000000000000e+00
1.058000000000000000e+03,6.069165912628010773e+01,8.664100000000000534e+01,5.000000000000000000e+01,9.383654617105301465e-01,6.041961176571030023e+01,-6.663181011407273147e-01,0.000000000000000000e+00,0.000000000000000000e+00
1.059000000000000000e+03,6.072284435881388731e+01,8.664100000000000534e+01,5.000000000000000000e+01,9.383654617105301465e-01,6.042526566662498055e+01,-6.407867695216249437e-01,0.000000000000000000e+00,0.000000000000000000e+00
1.060000000000000000e+03,6.075305130651175034e+01,8.660800000000000409e+01,5.000000000000000000e+01,9.383654617105301465e-01,6.043091956753966087e+01,-6.162337227384420135e-01,0.000000000000000000e+00,0.000000000000000000e+00
1.061000000000000000e+03,6.096126176818940934e+01,8.660800000000000409e+01,5.000000000000000000e+01,1.024621896909552854e+00,6.043709318636571481e+01,-5.004533150858594404e-01,0.000000000000000000e+00,0.000000000000000000e+00
1.062000000000000000e+03,6.098661127241533109e+01,8.664100000000000534e+01,5.000000000000000000e+01,1.024621896909552854e+00,6.044326680519176875e+01,-4.812774296859855250e-01,0.000000000000000000e+00,0.000000000000000000e+00
1.063000000000000000e+03,6.083228169979292232e+01,8.657599999999999341e+01,5.000000000000000000e+01,9.383654617105301465e-01,6.044892070610644907e+01,-5.550044680240622252e-01,0.000000000000000000e+00,0.000000000000000000e+00
1.064000000000000000e+03,6.121166779707365890e+01,8.664100000000000534e+01,5.000000000000000000e+01,1.108264500738932901e+00,6.045559829381626571e+01,-3.521949974815414275e-01,0.000000000000000000e+00,0.000000000000000000e+00
1.065000000000000000e+03,6.087937437884409775e+01,8.664100000000000534e+01,5.000000000000000000e+01,9.383654617105301465e-01,6.046125219473094603e+01,-5.202432775973833134e-01,0.000000000000000000e+00,0.000000000000000000e+00
1.066000000000000000e+03,6.090496245777406159e+01,8.664100000000000534e+01,5.000000000000000000e+01,9.383654617105301465e-01,6.046690609564562635e+01,-5.003090995820960174e-01,0.000000000000000000e+00,0.000000000000000000e+00
1.067000000000000000e+03,6.092978671817862590e+01,8.664100000000000534e+01,5.000000000000000000e+01,9.383654617105301465e-01,6.047255999656030667e+01,-4.811387400922114699e-01,0.000000000000000000e+00,0.000000000000000000e+00
1.068000000000000000e+03,6.095387642731623146e+01,8.664100000000000534e+01,5.000000000000000000e+01,9.383654617105301465e-01,6.047821389747498699e+01,-4.627029318692904569e-01,0.000000000000000000e+00,0.000000000000000000e+00
1.069000000000000000e+03,6.097725973101084662e+01,8.664100000000000534e+01,5.000000000000000000e+01,9.383654617105301465e-01,6.048386779838966731e+01,-4.449735290893549466e-01,0.000000000000000000e+00,0.000000000000000000e+00
1.070000000000000000e+03,6.099996369662203222e+01,8.664100000000000534e+01,5.000000000000000000e+01,9.383654617105301465e-01,6.048952169930434764e+01,-4.279234643928486737e-01,0.000000000000000000e+00,0.000000000000000000e+00
1.071000000000000000e+03,6.102201435436847987e+01,8.664100000000000534e+01,5.000000000000000000e+01,9.383654617105301465e-01,6.049517560021902796e+01,-4.115267075610821168e-01,0.000000000000000000e+00,0.000000000000000000e+00
1.072000000000000000e+03,6.104343673706816986e+01,8.664100000000000534e+01,5.000000000000000000e+01,9.383654617105301465e-01,6.050082950113370828e+01,-3.957582257760731137e-01,0.000000000000000000e+00,0.000000000000000000e+00
1.073000000000000000e+03,6.106425491835580743e+01,8.664100000000000534e+01,5.000000000000000000e+01,9.383654617105301465e-01,6.050648340204838860e+01,-3.805939454031128655e-01,0.000000000000000000e+00,0.000000000000000000e+00
1.074000000000000000e+03,6.108449204943589450e+01,8.664100000000000534e+01,5.000000000000000000e+01,9.383654617105301465e-01,6.051213730296306892e+01,-3.660107152377100048e-01,0.000000000000000000e+00,0.000000000000000000e+00
1.075000000000000000e+03,6.110417039442747722e+01,8.664100000000000534e+01,5.000000000000000000e+01,9.383654617105301465e-01,6.051779120387774924e+01,-3.519862711608032768e-01,0.000000000000000000e+00,0.000000000000000000e+00
1.076000000000000000e+03,6.112331136435467727e+01,8.664100000000000534e+01,5.000000000000000000e+01,9.383654617105301465e-01,6.052344510479242956e+01,-3.384992021482810531e-01,0.000000000000000000e+00,0.000000000000000000e+00
1.077000000000000000e+03,6.114193554983472723e+01,8.664100000000000534e+01,5.000000000000000000e+01,9.383654617105301465e-01,6.052909900570710988e+01,-3.255289175829154114e-01,0.000000000000000000e+00,0.000000000000000000e+00
1.078000000000000000e+03,6.116006275251351809e+01,8.664100000000000534e+01,5.000000000000000000e+01,9.383654617105301465e-01,6.053475290662179020e+01,-3.130556158188057547e-01,0.000000000000000000e+00,0.000000000000000000e+00
1.079000000000000000e+03,6.117771201529666314e+01,8.664100000000000534e+01,5.000000000000000000e+01,9.383654617105301465e-01,6.054040680753647052e+01,-3.010602539503396402e-01,0.000000000000000000e+00,0.000000000000000000e+00
1.080000000000000000e+03,6.119490165142216398e+01,8.664100000000000534e+01,5.000000000000000000e+01,9.383654617105301465e-01,6.054606070845115084e+01,-2.895245187395174558e-01,0.000000000000000000e+00,0.000000000000000000e+00
1.081000000000000000e+03,6.121164927241910902e+01,8.664100000000000534e+01,5.000000000000000000e+01,9.383654617105301465e-01,6.055171460936583117e+01,-2.784307986572553961e-01,0.000000000000000000e+00,0.000000000000000000e+00
1.082000000000000000e+03,6.122797181499505825e+01,8.664100000000000534e+01,5.000000000000000000e+01,9.383654617105301465e-01,6.055736851028051149e+01,-2.677621569959829917e-01,0.000000000000000000e+00,0.000000000000000000e+00
1.083000000000000000e+03,6.124388556689324048e+01,8.664100000000000534e+01,5.000000000000000000e+01,9.383654617105301465e-01,6.056302241119519181e+01,-2.575023060124859153e-01,0.000000000000000000e+00,0.000000000000000000e+00
1.084000000000000000e+03,6.125940619175888457e+01,8.664100000000000534e+01,5.000000000000000000e+01,9.383654617105301465e-01,6.056867631210987213e+01,-2.476355820615185055e-01,0.000000000000000000e+00,0.000000000000000000e+00
1.085000000000000000e+03,6.127454875305286208e+01,8.664100000000000534e+01,5.000000000000000000e+01,9.383654617105301465e-01,6.057433021302455245e+01,-2.381469216822220680e-01,0.000000000000000000e+00,0.000000000000000000e+00
1.086000000000000000e+03,6.128932773704892156e+01,8.664100000000000534e+01,5.000000000000000000e+01,9.383654617105301465e-01,6.057998411393923277e+01,-2.290218386008410212e-01,0.000000000000000000e+00,0.000000000000000000e+00
1.087000000000000000e+03,6.130375707494982152e+01,8.664100000000000534e+01,5.000000000000000000e+01,9.383654617105301465e-01,6.058563801485391309e+01,-2.202464016146264414e-01,0.000000000000000000e+00,0.000000000000000000e+00
1.088000000000000000e+03,6.131785016415596345e+01,8.664100000000000534e+01,5.000000000000000000e+01,9.383654617105301465e-01,6.059129191576859341e+01,-2.118072133231629350e-01,0.000000000000000000e+00,0.000000000000000000e+00
1.089000000000000000e+03,6.133161988871916037e+01,8.664100000000000534e+01,5.000000000000000000e+01,9.383654617105301465e-01,6.059694581668327373e+01,-2.036913896746477826e-01,0.000000000000000000e+00,0.000000000000000000e+00
1.090000000000000000e+03,6.134507863901259128e+01,8.664100000000000534e+01,5.000000000000000000e+01,9.383654617105301465e-01,6.060259971759795405e+01,-1.958865402958960833e-01,0.000000000000000000e+00,0.000000000000000000e+00
1.091000000000000000e+03,6.135823833064712574e+01,8.664100000000000534e+01,5.000000000000000000e+01,9.383654617105301465e-01,6.060825361851263438e+01,-1.883807495760415340e-01,0.000000000000000000e+00,0.000000000000000000e+00
1.092000000000000000e+03,6.137111042266279526e+01,8.664100000000000534e+01,5.000000000000000000e+01,9.383654617105301465e-01,6.061390751942731470e+01,-1.811625584750538864e-01,0.000000000000000000e+00,0.000000000000000000e+00
1.093000000000000000e+03,6.138370593502322947e+01,8.664100000000000534e+01,5.000000000000000000e+01,9.383654617105301465e-01,6.061956142034199502e+01,-1.742209470292997719e-01,0.000000000000000000e+00,0.000000000000000000e+00
1.094000000000000000e+03,6.139603546543976620e+01,8.664100000000000534e+01,5.000000000000000000e+01,9.383654617105301465e-01,6.062521532125667534e+01,-1.675453175274386752e-01,0.000000000000000000e+00,0.000000000000000000e+00
1.095000000000000000e+03,6.140810920555092167e+01,8.664100000000000534e+01,5.000000000000000000e+01,9.383654617105301465e-01,6.063086922217135566e+01,-1.611254783309684913e-01,0.000000000000000000e+00,0.000000000000000000e+00
1.096000000000000000e+03,6.141993695648184826e+01,8.664100000000000534e+01,5.000000000000000000e+01,9.383654617105301465e-01,6.063652312308603598e+01,-1.549516283147198414e-01,0.000000000000000000e+00,0.000000000000000000e+00
1.097000000000000000e+03,6.143152814380770366e+01,8.664100000000000534e+01,5.000000000000000000e+01,9.383654617105301465e-01,6.064217702400071630e+01,-1.490143419035445116e-01,0.000000000000000000e+00,0.000000000000000000e+00
1.098000000000000000e+03,6.144289183194357662e+01,8.664100000000000534e+01,5.000000000000000000e+01,9.383654617105301465e-01,6.064783092491539662e+01,-1.433045546823533412e-01,0.000000000000000000e+00,0.000000000000000000e+00
1.099000000000000000e+03,6.145403673798307409e+01,8.664100000000000534e+01,5.000000000000000000e+01,9.383654617105301465e-01,6.065348482583007694e+01,-1.378135495575350256e-01,0.000000000000000000e+00,0.000000000000000000e+00
1.100000000000000000e+03,6.146497124500665876e+01,8.670499999999999829e+01,5.000000000000000000e+01,9.383654617105301465e-01,6.065913872674475726e+01,-1.325329434486280655e-01,0.000000000000000000e+00,0.000000000000000000e+00
1.101000000000000000e+03,6.112865989712025083e+01,8.664100000000000534e+01,5.000000000000000000e+01,7.710802540518443271e-01,6.066378468989191930e+01,-3.062050468235173462e-01,0.000000000000000000e+00,0.000000000000000000e+00
1.102000000000000000e+03,6.149208224642821108e+01,8.667300000000000182e+01,5.000000000000000000e+01,9.383654617105301465e-01,6.066943859080659962e+01,-1.157218060889200206e-01,0.000000000000000000e+00,0.000000000000000000e+00
1.103000000000000000e+03,6.132864850454321726e+01,8.664100000000000534e+01,5.000000000000000000e+01,8.547228578811872923e-01,6.067458852283751725e+01,-2.006628761754826185e-01,0.000000000000000000e+00,0.000000000000000000e+00
1.104000000000000000e+03,6.151500900118588078e+01,8.670499999999999829e+01,5.000000000000000000e+01,9.383654617105301465e-01,6.068024242375219757e+01,-1.035988842768488516e-01,0.000000000000000000e+00,0.000000000000000000e+00
1.105000000000000000e+03,6.117758898604498796e+01,8.664100000000000534e+01,5.000000000000000000e+01,7.710802540518443271e-01,6.068488838689935960e+01,-2.783796549062172443e-01,0.000000000000000000e+00,0.000000000000000000e+00
1.106000000000000000e+03,6.153994514893650347e+01,8.680200000000000671e+01,5.000000000000000000e+01,9.383654617105301465e-01,6.069054228781403992e+01,-8.896260058807153870e-02,0.000000000000000000e+00,0.000000000000000000e+00
1.107000000000000000e+03,6.067597648324879600e+01,8.667300000000000182e+01,5.000000000000000000e+01,5.175386111940987188e-01,6.069366059528230295e+01,-5.352227232276073332e-01,0.000000000000000000e+00,0.000000000000000000e+00
1.108000000000000000e+03,6.139911252710594169e+01,8.664100000000000534e+01,5.000000000000000000e+01,8.547228578811872923e-01,6.069881052731322058e+01,-1.544208580884645632e-01,0.000000000000000000e+00,0.000000000000000000e+00
1.109000000000000000e+03,6.158370116688850260e+01,8.673699999999999477e+01,5.000000000000000000e+01,9.383654617105301465e-01,6.070446442822790090e+01,-5.912872304993255224e-02,0.000000000000000000e+00,0.000000000000000000e+00
1.110000000000000000e+03,6.107105542830258571e+01,8.664100000000000534e+01,5.000000000000000000e+01,6.874376502225014729e-01,6.070860642249130024e+01,-3.249886444112116690e-01,0.000000000000000000e+00,0.000000000000000000e+00
1.111000000000000000e+03,6.160821529930569795e+01,8.680200000000000671e+01,5.000000000000000000e+01,9.383654617105301465e-01,6.071426032340598056e+01,-4.441048581081574742e-02,0.000000000000000000e+00,0.000000000000000000e+00
1.112000000000000000e+03,6.074253952883611163e+01,8.683400000000000318e+01,5.000000000000000000e+01,5.175386111940987188e-01,6.071737863087424358e+01,-4.923777132322313954e-01,0.000000000000000000e+00,0.000000000000000000e+00
1.113000000000000000e+03,6.059100252973436795e+01,8.680200000000000671e+01,5.000000000000000000e+01,4.338960073647558091e-01,6.071999296945874391e+01,-5.628864470891368210e-01,0.000000000000000000e+00,0.000000000000000000e+00
1.114000000000000000e+03,6.078870676487944280e+01,8.686599999999999966e+01,5.000000000000000000e+01,5.175386111940987188e-01,6.072311127692700694e+01,-4.519431232416644684e-01,0.000000000000000000e+00,0.000000000000000000e+00
1.115000000000000000e+03,6.046209867344255429e+01,8.683400000000000318e+01,5.000000000000000000e+01,3.502534035354128994e-01,6.072522164662775168e+01,-6.133763767206077411e-01,0.000000000000000000e+00,0.000000000000000000e+00
1.116000000000000000e+03,6.066123356392410670e+01,8.683400000000000318e+01,5.000000000000000000e+01,4.338960073647558091e-01,6.072783598521225201e+01,-5.004984286529028381e-01,0.000000000000000000e+00,0.000000000000000000e+00
1.117000000000000000e+03,6.068302551652644894e+01,8.686599999999999966e+01,5.000000000000000000e+01,4.338960073647558091e-01,6.073045032379675234e+01,-4.813208146350629324e-01,0.000000000000000000e+00,0.000000000000000000e+00
1.118000000000000000e+03,6.053056088100995424e+01,8.683400000000000318e+01,5.000000000000000000e+01,3.502534035354128994e-01,6.073256069349749708e+01,-5.522532160229566278e-01,0.000000000000000000e+00,0.000000000000000000e+00
1.119000000000000000e+03,6.072735371342238153e+01,8.686599999999999966e+01,5.000000000000000000e+01,4.338960073647558091e-01,6.073517503208199741e+01,-4.417173260243748012e-01,0.000000000000000000e+00,0.000000000000000000e+00
1.120000000000000000e+03,6.057337158978833003e+01,8.683400000000000318e+01,5.000000000000000000e+01,3.502534035354128994e-01,6.073728540178274216e+01,-5.141672155298233626e-01,0.000000000000000000e+00,0.000000000000000000e+00
1.121000000000000000e+03,6.076870507972309099e+01,8.670499999999999829e+01,5.000000000000000000e+01,4.338960073647558091e-01,6.073989974036724249e+01,-4.050906680089121359e-01,0.000000000000000000e+00,0.000000000000000000e+00
1.122000000000000000e+03,6.148635088064752807e+01,8.673699999999999477e+01,5.000000000000000000e+01,7.710802540518443271e-01,6.074454570351440452e+01,-2.927507691871961137e-02,0.000000000000000000e+00,0.000000000000000000e+00
1.123000000000000000e+03,6.131859681895699055e+01,8.667300000000000182e+01,5.000000000000000000e+01,6.874376502225014729e-01,6.074868769777780386e+01,-1.175285290433096541e-01,0.000000000000000000e+00,0.000000000000000000e+00
1.124000000000000000e+03,6.167428567532063255e+01,8.667300000000000182e+01,5.000000000000000000e+01,8.547228578811872923e-01,6.075383762980872149e+01,6.572518763072709991e-02,0.000000000000000000e+00,0.000000000000000000e+00
1.125000000000000000e+03,6.167691721327182108e+01,8.670499999999999829e+01,5.000000000000000000e+01,8.547228578811872923e-01,6.075898756183963911e+01,6.320679355099999286e-02,0.000000000000000000e+00,0.000000000000000000e+00
1.126000000000000000e+03,6.150612348972821053e+01,8.667300000000000182e+01,5.000000000000000000e+01,7.710802540518443271e-01,6.076363352498680115e+01,-2.859028931043325339e-02,0.000000000000000000e+00,0.000000000000000000e+00
1.127000000000000000e+03,6.168538670676916524e+01,8.680200000000000671e+01,5.000000000000000000e+01,8.547228578811872923e-01,6.076878345701771877e+01,6.188039187026085630e-02,0.000000000000000000e+00,0.000000000000000000e+00
1.128000000000000000e+03,6.098865597539563765e+01,8.680200000000000671e+01,5.000000000000000000e+01,5.175386111940987188e-01,6.077190176448598180e+01,-3.007844002844410891e-01,0.000000000000000000e+00,0.000000000000000000e+00
1.129000000000000000e+03,6.100329944818113859e+01,8.683400000000000318e+01,5.000000000000000000e+01,5.175386111940987188e-01,6.077502007195424483e+01,-2.892592349672032381e-01,0.000000000000000000e+00,0.000000000000000000e+00
1.130000000000000000e+03,6.084397955196512697e+01,8.686599999999999966e+01,5.000000000000000000e+01,4.338960073647558091e-01,6.077763441053874516e+01,-3.675508659383753818e-01,0.000000000000000000e+00,0.000000000000000000e+00
1.131000000000000000e+03,6.068715558974943036e+01,8.686599999999999966e+01,5.000000000000000000e+01,3.502534035354128994e-01,6.077974478023948990e+01,-4.428425940254696047e-01,0.000000000000000000e+00,0.000000000000000000e+00
1.132000000000000000e+03,6.070623437304087844e+01,8.689799999999999613e+01,5.000000000000000000e+01,3.502534035354128994e-01,6.078185514994023464e+01,-4.258741804347665472e-01,0.000000000000000000e+00,0.000000000000000000e+00
1.133000000000000000e+03,6.055114121821567608e+01,8.696299999999999386e+01,5.000000000000000000e+01,2.666107997060699897e-01,6.078346155075721668e+01,-4.989311322476108757e-01,0.000000000000000000e+00,0.000000000000000000e+00
1.134000000000000000e+03,6.021939910618007019e+01,8.689799999999999613e+01,5.000000000000000000e+01,9.671176067770444196e-02,6.078404426477906242e+01,-6.613569192766965976e-01,0.000000000000000000e+00,0.000000000000000000e+00
1.135000000000000000e+03,6.059778912678445550e+01,8.693099999999999739e+01,5.000000000000000000e+01,2.666107997060699897e-01,6.078565066559604446e+01,-4.544723385176584474e-01,0.000000000000000000e+00,0.000000000000000000e+00
1.136000000000000000e+03,6.043786524463236987e+01,8.696299999999999386e+01,5.000000000000000000e+01,1.803543645070473656e-01,6.078673734850165289e+01,-5.292264683763274746e-01,0.000000000000000000e+00,0.000000000000000000e+00
1.137000000000000000e+03,6.028570855587672384e+01,8.696299999999999386e+01,5.000000000000000000e+01,9.671176067770444196e-02,6.078732006252349862e+01,-5.983232673244791577e-01,0.000000000000000000e+00,0.000000000000000000e+00
1.138000000000000000e+03,6.030921724133374084e+01,8.689799999999999613e+01,5.000000000000000000e+01,9.671176067770444196e-02,6.078790277654534435e+01,-5.753972958893135425e-01,0.000000000000000000e+00,0.000000000000000000e+00
1.139000000000000000e+03,6.068431354434768110e+01,8.693099999999999739e+01,5.000000000000000000e+01,2.666107997060699897e-01,6.078950917736232640e+01,-3.718064327207163400e-01,0.000000000000000000e+00,0.000000000000000000e+00
1.140000000000000000e+03,6.052122215008556338e+01,8.696299999999999386e+01,5.000000000000000000e+01,1.803543645070473656e-01,6.079059586026793482e+01,-4.497280746894150583e-01,0.000000000000000000e+00,0.000000000000000000e+00
1.141000000000000000e+03,6.036601931888094441e+01,8.696299999999999386e+01,5.000000000000000000e+01,9.671176067770444196e-02,6.079117857428978056e+01,-5.218710160865438485e-01,0.000000000000000000e+00,0.000000000000000000e+00
1.142000000000000000e+03,6.038659858102491285e+01,8.696299999999999386e+01,5.000000000000000000e+01,9.671176067770444196e-02,6.079176128831162629e+01,-5.018744679644189244e-01,0.000000000000000000e+00,0.000000000000000000e+00
1.143000000000000000e+03,6.040641163480614040e+01,8.696299999999999386e+01,5.000000000000000000e+01,9.671176067770444196e-02,6.079234400233347202e+01,-4.826441282050404347e-01,0.000000000000000000e+00,0.000000000000000000e+00
1.144000000000000000e+03,6.042548783905452581e+01,8.696299999999999386e+01,5.000000000000000000e+01,9.671176067770444196e-02,6.079292671635531775e+01,-4.641506379784963721e-01,0.000000000000000000e+00,0.000000000000000000e+00
1.145000000000000000e+03,6.044385542765678565e+01,8.696299999999999386e+01,5.000000000000000000e+01,9.671176067770444196e-02,6.079350943037716348e+01,-4.463657633980832040e-01,0.000000000000000000e+00,0.000000000000000000e+00
1.146000000000000000e+03,6.046154155266089703e+01,8.696299999999999386e+01,5.000000000000000000e+01,9.671176067770444196e-02,6.079409214439900921e+01,-4.292623524158212800e-01,0.000000000000000000e+00,0.000000000000000000e+00
1.147000000000000000e+03,6.047857232572895470e+01,8.696299999999999386e+01,5.000000000000000000e+01,9.671176067770444196e-02,6.079467485842085495e+01,-4.128142933696066219e-01,0.000000000000000000e+00,0.000000000000000000e+00
1.148000000000000000e+03,6.049497285800169522e+01,8.696299999999999386e+01,5.000000000000000000e+01,9.671176067770444196e-02,6.079525757244270068e+01,-3.969964751187126661e-01,0.000000000000000000e+00,0.000000000000000000e+00
1.149000000000000000e+03,6.051076729843547497e+01,8.696299999999999386e+01,5.000000000000000000e+01,9.671176067770444196e-02,6.079584028646454641e+01,-3.817847487067810297e-01,0.000000000000000000e+00,0.000000000000000000e+00
1.150000000000000000e+03,6.052597887067032900e+01,8.696299999999999386e+01,5.000000000000000000e+01,9.671176067770444196e-02,6.079642300048639214e+01,-3.671558904937729517e-01,0.000000000000000000e+00,0.000000000000000000e+00
1.151000000000000000e+03,6.054062990848535009e+01,8.696299999999999386e+01,5.000000000000000000e+01,9.671176067770444196e-02,6.079700571450823787e+01,-3.530875667005948793e-01,0.000000000000000000e+00,0.000000000000000000e+00
1.152000000000000000e+03,6.055474188989552431e+01,8.696299999999999386e+01,5.000000000000000000e+01,9.671176067770444196e-02,6.079758842853008360e+01,-3.395582993122684967e-01,0.000000000000000000e+00,0.000000000000000000e+00
1.153000000000000000e+03,6.056833546994204198e+01,8.696299999999999386e+01,5.000000000000000000e+01,9.671176067770444196e-02,6.079817114255192934e+01,-3.265474332875903940e-01,0.000000000000000000e+00,0.000000000000000000e+00
1.154000000000000000e+03,6.058143051222626241e+01,8.696299999999999386e+01,5.000000000000000000e+01,9.671176067770444196e-02,6.079875385657377507e+01,-3.140351050252199183e-01,0.000000000000000000e+00,0.000000000000000000e+00
1.155000000000000000e+03,6.059404611923527284e+01,8.696299999999999386e+01,5.000000000000000000e+01,9.671176067770444196e-02,6.079933657059562080e+01,-3.020022120380531638e-01,0.000000000000000000e+00,0.000000000000000000e+00
1.156000000000000000e+03,6.060620066150558927e+01,8.696299999999999386e+01,5.000000000000000000e+01,9.671176067770444196e-02,6.079991928461746653e+01,-2.904303837895849116e-01,0.000000000000000000e+00,0.000000000000000000e+00
1.157000000000000000e+03,6.061791180566928716e+01,8.696299999999999386e+01,5.000000000000000000e+01,9.671176067770444196e-02,6.080050199863931226e+01,-2.793019536477344134e-01,0.000000000000000000e+00,0.000000000000000000e+00
1.158000000000000000e+03,6.062919654142555004e+01,8.696299999999999386e+01,5.000000000000000000e+01,9.671176067770444196e-02,6.080108471266115799e+01,-2.685999319133175467e-01,0.000000000000000000e+00,0.000000000000000000e+00
1.159000000000000000e+03,6.064007120747871937e+01,8.696299999999999386e+01,5.000000000000000000e+01,9.671176067770444196e-02,6.080166742668300373e+01,-2.583079798819876149e-01,0.000000000000000000e+00,0.000000000000000000e+00
1.160000000000000000e+03,6.065055151648250842e+01,8.696299999999999386e+01,5.000000000000000000e+01,9.671176067770444196e-02,6.080225014070484946e+01,-2.484103849000458275e-01,0.000000000000000000e+00,0.000000000000000000e+00
1.161000000000000000e+03,6.066065257902836549e+01,8.696299999999999386e+01,5.000000000000000000e+01,9.671176067770444196e-02,6.080283285472669519e+01,-2.388920363760389243e-01,0.000000000000000000e+00,0.000000000000000000e+00
1.162000000000000000e+03,6.067038892671472894e+01,8.696299999999999386e+01,5.000000000000000000e+01,9.671176067770444196e-02,6.080341556874854092e+01,-2.297384027115211835e-01,0.000000000000000000e+00,0.000000000000000000e+00
1.163000000000000000e+03,6.067977453433233137e+01,8.696299999999999386e+01,5.000000000000000000e+01,9.671176067770444196e-02,6.080399828277038665e+01,-2.209355091157610973e-01,0.000000000000000000e+00,0.000000000000000000e+00
1.164000000000000000e+03,6.068882284119941772e+01,8.696299999999999386e+01,5.000000000000000000e+01,9.671176067770444196e-02,6.080458099679223238e+01,-2.124699162705228073e-01,0.000000000000000000e+00,0.000000000000000000e+00
1.165000000000000000e+03,6.069754677167943413e+01,8.696299999999999386e+01,5.000000000000000000e+01,9.671176067770444196e-02,6.080516371081407812e+01,-2.043286998123495790e-01,0.000000000000000000e+00,0.000000000000000000e+00
1.166000000000000000e+03,6.070595875491260784e+01,8.696299999999999386e+01,5.000000000000000000e+01,9.671176067770444196e-02,6.080574642483592385e+01,-1.964994306010253711e-01,0.000000000000000000e+00,0.000000000000000000e+00
1.167000000000000000e+03,6.071407074379138891e+01,8.696299999999999386e+01,5.000000000000000000e+01,9.671176067770444196e-02,6.080632913885776958e+01,-1.889701557440903457e-01,0.000000000000000000e+00,0.000000000000000000e+00
1.168000000000000000e+03,6.072189423320887869e+01,8.696299999999999386e+01,5.000000000000000000e+01,9.671176067770444196e-02,6.080691185287961531e+01,-1.817293803484406889e-01,0.000000000000000000e+00,0.000000000000000000e+00
1.169000000000000000e+03,6.072944027760801333e+01,8.696299999999999386e+01,5.000000000000000000e+01,9.671176067770444196e-02,6.080749456690146104e+01,-1.747660499711528037e-01,0.000000000000000000e+00,0.000000000000000000e+00
1.170000000000000000e+03,6.073671950785827534e+01,8.696299999999999386e+01,5.000000000000000000e+01,9.671176067770444196e-02,6.080807728092330677e+01,-1.680695337427399738e-01,0.000000000000000000e+00,0.000000000000000000e+00
1.171000000000000000e+03,6.074374214748578282e+01,8.696299999999999386e+01,5.000000000000000000e+01,9.671176067770444196e-02,6.080865999494515250e+01,-1.616296081370756366e-01,0.000000000000000000e+00,0.000000000000000000e+00
1.172000000000000000e+03,6.075051802828149761e+01,8.696299999999999386e+01,5.000000000000000000e+01,9.671176067770444196e-02,6.080924270896699824e+01,-1.554364413632051412e-01,0.000000000000000000e+00,0.000000000000000000e+00
1.173000000000000000e+03,6.075705660531133390e+01,8.696299999999999386e+01,5.000000000000000000e+01,9.671176067770444196e-02,6.080982542298884397e+01,-1.494805783552167200e-01,0.000000000000000000e+00,0.000000000000000000e+00
1.174000000000000000e+03,6.076336697135113951e+01,8.699500000000000455e+01,5.000000000000000000e+01,9.671176067770444196e-02,6.081040813701068970e+01,-1.437529263372562816e-01,0.000000000000000000e+00,0.000000000000000000e+00
1.175000000000000000e+03,6.059593611188861928e+01,8.696299999999999386e+01,5.000000000000000000e+01,1.306915684832438314e-02,6.081048688214877984e+01,-2.276199271084820286e-01,0.000000000000000000e+00,0.000000000000000000e+00
1.176000000000000000e+03,6.077825833580619275e+01,8.702700000000000102e+01,5.000000000000000000e+01,9.671176067770444196e-02,6.081106959617062557e+01,-1.295230210421382533e-01,0.000000000000000000e+00,0.000000000000000000e+00
1.177000000000000000e+03,6.043676046973543947e+01,8.699500000000000455e+01,5.000000000000000000e+01,-7.057344698101852831e-02,6.081064437242495302e+01,-3.033104557084973507e-01,0.000000000000000000e+00,0.000000000000000000e+00
1.178000000000000000e+03,6.062147896113196310e+01,8.696299999999999386e+01,5.000000000000000000e+01,1.306915684832438314e-02,6.081072311756304316e+01,-2.023133132794053268e-01,0.000000000000000000e+00,0.000000000000000000e+00
1.179000000000000000e+03,6.080283151073223280e+01,8.696299999999999386e+01,5.000000000000000000e+01,9.671176067770444196e-02,6.081130583158488889e+01,-1.051860815303592156e-01,0.000000000000000000e+00,0.000000000000000000e+00
1.180000000000000000e+03,6.080744464314533815e+01,8.696299999999999386e+01,5.000000000000000000e+01,9.671176067770444196e-02,6.081188854560673462e+01,-1.011556631391014593e-01,0.000000000000000000e+00,0.000000000000000000e+00
1.181000000000000000e+03,6.081190334189030011e+01,8.696299999999999386e+01,5.000000000000000000e+01,9.671176067770444196e-02,6.081247125962858036e+01,-9.727967841598923748e-02,0.000000000000000000e+00,0.000000000000000000e+00
1.182000000000000000e+03,6.081621352440682671e+01,8.699500000000000455e+01,5.000000000000000000e+01,9.671176067770444196e-02,6.081305397365042609e+01,-9.355220992130745816e-02,0.000000000000000000e+00,0.000000000000000000e+00
1.183000000000000000e+03,6.064685912251594146e+01,8.696299999999999386e+01,5.000000000000000000e+01,1.306915684832438314e-02,6.081313271878851623e+01,-1.793427531208986736e-01,0.000000000000000000e+00,0.000000000000000000e+00
1.184000000000000000e+03,6.082733150844082104e+01,8.696299999999999386e+01,5.000000000000000000e+01,9.671176067770444196e-02,6.081371543281036196e+01,-8.309568504724926252e-02,0.000000000000000000e+00,0.000000000000000000e+00
1.185000000000000000e+03,6.083109820243773669e+01,8.696299999999999386e+01,5.000000000000000000e+01,9.671176067770444196e-02,6.081429814683220769e+01,-7.991170507218067764e-02,0.000000000000000000e+00,0.000000000000000000e+00
1.186000000000000000e+03,6.083474289577389271e+01,8.696299999999999386e+01,5.000000000000000000e+01,9.671176067770444196e-02,6.081488086085405342e+01,-7.684972575786690185e-02,0.000000000000000000e+00,0.000000000000000000e+00
1.187000000000000000e+03,6.083827026315245234e+01,8.696299999999999386e+01,5.000000000000000000e+01,9.671176067770444196e-02,6.081546357487589916e+01,-7.390507240115616605e-02,0.000000000000000000e+00,0.000000000000000000e+00
1.188000000000000000e+03,6.084168480015580371e+01,8.696299999999999386e+01,5.000000000000000000e+01,9.671176067770444196e-02,6.081604628889774489e+01,-7.107324941964426879e-02,0.000000000000000000e+00,0.000000000000000000e+00
1.189000000000000000e+03,6.084499083010899767e+01,8.696299999999999386e+01,5.000000000000000000e+01,9.671176067770444196e-02,6.081662900291959062e+01,-6.834993348829923598e-02,0.000000000000000000e+00,0.000000000000000000e+00
1.190000000000000000e+03,6.084819251068007162e+01,8.696299999999999386e+01,5.000000000000000000e+01,9.671176067770444196e-02,6.081721171694143635e+01,-6.573096693907022614e-02,0.000000000000000000e+00,0.000000000000000000e+00
1.191000000000000000e+03,6.085129384022758359e+01,8.696299999999999386e+01,5.000000000000000000e+01,9.671176067770444196e-02,6.081779443096328208e+01,-6.321235141340372787e-02,0.000000000000000000e+00,0.000000000000000000e+00
1.192000000000000000e+03,6.085429866390485643e+01,8.696299999999999386e+01,5.000000000000000000e+01,9.671176067770444196e-02,6.081837714498512781e+01,-6.079024175797657220e-02,0.000000000000000000e+00,0.000000000000000000e+00
1.193000000000000000e+03,6.085721067953035401e+01,8.696299999999999386e+01,5.000000000000000000e+01,9.671176067770444196e-02,6.081895985900697355e+01,-5.846094015432629770e-02,0.000000000000000000e+00,0.000000000000000000e+00
1.194000000000000000e+03,6.086003344323310671e+01,8.696299999999999386e+01,5.000000000000000000e+01,9.671176067770444196e-02,6.081954257302881928e+01,-5.622089047341666257e-02,0.000000000000000000e+00,0.000000000000000000e+00
1.195000000000000000e+03,6.086277037488185471e+01,8.696299999999999386e+01,5.000000000000000000e+01,9.671176067770444196e-02,6.082012528705066501e+01,-5.406667284651945488e-02,0.000000000000000000e+00,0.000000000000000000e+00
1.196000000000000000e+03,6.086542476330609475e+01,8.696299999999999386e+01,5.000000000000000000e+01,9.671176067770444196e-02,6.082070800107251074e+01,-5.199499844412398125e-02,0.000000000000000000e+00,0.000000000000000000e+00
1.197000000000000000e+03,6.086799977131715877e+01,8.696299999999999386e+01,5.000000000000000000e+01,9.671176067770444196e-02,6.082129071509435647e+01,-5.000270445490325594e-02,0.000000000000000000e+00,0.000000000000000000e+00
1.198000000000000000e+03,6.087049844053683501e+01,8.696299999999999386e+01,5.000000000000000000e+01,9.671176067770444196e-02,6.082187342911620220e+01,-4.808674925707129288e-02,0.000000000000000000e+00,0.000000000000000000e+00
1.199000000000000000e+03,6.087292369604099207e+01,8.696299999999999386e+01,5.000000000000000000e+01,9.671176067770444196e-02,6.082245614313804793e+01,-4.624420777475966166e-02,0.000000000000000000e+00,0.000000000000000000e+00
1.200000000000000000e+03,6.087527835082527616e+01,8.696299999999999386e+01,5.000000000000000000e+01,9.671176067770444196e-02,6.082303885715989367e+01,-4.447226701232388779e-02,0.000000000000000000e+00,0.000000000000000000e+00
1.201000000000000000e+03,6.087756511009968108e+01,8.696299999999999386e+01,5.000000000000000000e+01,9.671176067770444196e-02,6.082362157118173940e+01,-4.276822175976200541e-02,0.000000000000000000e+00,0.000000000000000000e+00
1.202000000000000000e+03,6.087978657541860628e+01,8.696299999999999386e+01,5.000000000000000000e+01,9.671176067770444196e-02,6.082420428520358513e+01,-4.112947046268869422e-02,0.000000000000000000e+00,0.000000000000000000e+00
1.203000000000000000e+03,6.088194524865257762e+01,8.696299999999999386e+01,5.000000000000000000e+01,9.671176067770444196e-02,6.082478699922543086e+01,-3.955351125055977385e-02,0.000000000000000000e+00,0.000000000000000000e+00
1.204000000000000000e+03,6.088404353580789774e+01,8.696299999999999386e+01,5.000000000000000000e+01,9.671176067770444196e-02,6.082536971324727659e+01,-3.803793811708331557e-02,0.000000000000000000e+00,0.000000000000000000e+00
1.205000000000000000e+03,6.088608375069983936e+01,8.696299999999999386e+01,5.000000000000000000e+01,9.671176067770444196e-02,6.082595242726912232e+01,-3.658043724698608473e-02,0.000000000000000000e+00,0.000000000000000000e+00
1.206000000000000000e+03,6.088806811848514400e+01,8.696299999999999386e+01,5.000000000000000000e+01,9.671176067770444196e-02,6.082653514129096806e+01,-3.517878348352736911e-02,0.000000000000000000e+00,0.000000000000000000e+00
1.207000000000000000e+03,6.088999877905915525e+01,8.696299999999999386e+01,5.000000000000000000e+01,9.671176067770444196e-02,6.082711785531281379e+01,-3.383083693136722941e-02,0.000000000000000000e+00,0.000000000000000000e+00
1.208000000000000000e+03,6.089187779032276637e+01,8.696299999999999386e+01,5.000000000000000000e+01,9.671176067770444196e-02,6.082770056933465952e+01,-3.253453968960268866e-02,0.000000000000000000e+00,0.000000000000000000e+00
1.209000000000000000e+03,6.089370713132422708e+01,8.696299999999999386e+01,5.000000000000000000e+01,9.671176067770444196e-02,6.082828328335650525e+01,-3.128791270998435015e-02,0.000000000000000000e+00,0.000000000000000000e+00
1.210000000000000000e+03,6.089548870528054181e+01,8.696299999999999386e+01,5.000000000000000000e+01,9.671176067770444196e-02,6.082886599737835098e+01,-3.008905277551676694e-02,0.000000000000000000e+00,0.000000000000000000e+00
1.211000000000000000e+03,6.089722434248307081e+01,8.696299999999999386e+01,5.000000000000000000e+01,9.671176067770444196e-02,6.082944871140019671e+01,-2.893612959482991590e-02,0.000000000000000000e+00,0.000000000000000000e+00
1.212000000000000000e+03,6.089891580309186025e+01,8.696299999999999386e+01,5.000000000000000000e+01,9.671176067770444196e-02,6.083003142542204245e+01,-2.782738300788571359e-02,0.000000000000000000e+00,0.000000000000000000e+00
1.213000000000000000e+03,6.090056477982284378e+01,8.696299999999999386e+01,5.000000000000000000e+01,9.671176067770444196e-02,6.083061413944388818e+01,-2.676112029875356291e-02,0.000000000000000000e+00,0.000000000000000000e+00
1.214000000000000000e+03,6.090217290053208643e+01,8.696299999999999386e+01,5.000000000000000000e+01,9.671176067770444196e-02,6.083119685346573391e+01,-2.573571361135236837e-02,0.000000000000000000e+00,0.000000000000000000e+00
1.215000000000000000e+03,6.090374173070107133e+01,8.696299999999999386e+01,5.000000000000000000e+01,9.671176067770444196e-02,6.083177956748757964e+01,-2.474959746421364834e-02,0.000000000000000000e+00,0.000000000000000000e+00
1.216000000000000000e+03,6.090527277582665988e+01,8.696299999999999386e+01,5.000000000000000000e+01,9.671176067770444196e-02,6.083236228150942537e+01,-2.380126636047153951e-02,0.000000000000000000e+00,0.000000000000000000e+00
1.217000000000000000e+03,6.090676748371954830e+01,8.696299999999999386e+01,5.000000000000000000e+01,9.671176067770444196e-02,6.083294499553127110e+01,-2.288927248943089382e-02,0.000000000000000000e+00,0.000000000000000000e+00
1.218000000000000000e+03,6.090822724671461685e+01,8.696299999999999386e+01,5.000000000000000000e+01,9.671176067770444196e-02,6.083352770955311684e+01,-2.201222351620446896e-02,0.000000000000000000e+00,0.000000000000000000e+00
1.219000000000000000e+03,6.090965340379662507e+01,8.696299999999999386e+01,5.000000000000000000e+01,9.671176067770444196e-02,6.083411042357496257e+01,-2.116878045604464464e-02,0.000000000000000000e+00,0.000000000000000000e+00
1.220000000000000000e+03,6.091104724264439341e+01,8.696299999999999386e+01,5.000000000000000000e+01,9.671176067770444196e-02,6.083469313759680830e+01,-2.035765563012444795e-02,0.000000000000000000e+00,0.000000000000000000e+00
1.221000000000000000e+03,6.091241000159671160e+01,8.693099999999999739e+01,5.000000000000000000e+01,9.671176067770444196e-02,6.083527585161865403e+01,-1.957761069964698841e-02,0.000000000000000000e+00,0.000000000000000000e+00
1.222000000000000000e+03,6.108726463042282262e+01,8.693099999999999739e+01,5.000000000000000000e+01,1.803543645070473656e-01,6.083636253452426246e+01,7.054773139151250538e-02,0.000000000000000000e+00,0.000000000000000000e+00
1.223000000000000000e+03,6.108564813368788293e+01,8.696299999999999386e+01,5.000000000000000000e+01,1.803543645070473656e-01,6.083744921742987088e+01,6.784455175096473778e-02,0.000000000000000000e+00,0.000000000000000000e+00
1.224000000000000000e+03,6.091061345589227471e+01,8.693099999999999739e+01,5.000000000000000000e+01,9.671176067770444196e-02,6.083803193145171662e+01,-2.413023623714868893e-02,0.000000000000000000e+00,0.000000000000000000e+00
1.225000000000000000e+03,6.108564252781415860e+01,8.696299999999999386e+01,5.000000000000000000e+01,1.803543645070473656e-01,6.083911861435732504e+01,6.616954894978827051e-02,0.000000000000000000e+00,0.000000000000000000e+00
1.226000000000000000e+03,6.091067203115351703e+01,8.696299999999999386e+01,5.000000000000000000e+01,9.671176067770444196e-02,6.083970132837917077e+01,-2.574105790335891319e-02,0.000000000000000000e+00,0.000000000000000000e+00
1.227000000000000000e+03,6.091224106609990940e+01,8.696299999999999386e+01,5.000000000000000000e+01,9.671176067770444196e-02,6.084028404240101651e+01,-2.475473697881544477e-02,0.000000000000000000e+00,0.000000000000000000e+00
1.228000000000000000e+03,6.091377230815643884e+01,8.696299999999999386e+01,5.000000000000000000e+01,9.671176067770444196e-02,6.084086675642286224e+01,-2.380620894413083832e-02,0.000000000000000000e+00,0.000000000000000000e+00
1.229000000000000000e+03,6.091526720543446061e+01,8.696299999999999386e+01,5.000000000000000000e+01,9.671176067770444196e-02,6.084144947044470797e+01,-2.289402568795681145e-02,0.000000000000000000e+00,0.000000000000000000e+00
1.230000000000000000e+03,6.091672715055798903e+01,8.696299999999999386e+01,5.000000000000000000e+01,9.671176067770444196e-02,6.084203218446655370e+01,-2.201679458627310917e-02,0.000000000000000000e+00,0.000000000000000000e+00
1.231000000000000000e+03,6.091815348278982611e+01,8.696299999999999386e+01,5.000000000000000000e+01,9.671176067770444196e-02,6.084261489848839943e+01,-2.117317637627782675e-02,0.000000000000000000e+00,0.000000000000000000e+00
1.232000000000000000e+03,6.091954749007620507e+01,8.696299999999999386e+01,5.000000000000000000e+01,9.671176067770444196e-02,6.084319761251024516e+01,-2.036188311174392390e-02,0.000000000000000000e+00,0.000000000000000000e+00
1.233000000000000000e+03,6.092091041101307525e+01,8.696299999999999386e+01,5.000000000000000000e+01,9.671176067770444196e-02,6.084378032653209090e+01,-1.958167619672041004e-02,0.000000000000000000e+00,0.000000000000000000e+00
1.234000000000000000e+03,6.092224343673706954e+01,8.696299999999999386e+01,5.000000000000000000e+01,9.671176067770444196e-02,6.084436304055393663e+01,-1.883136449457626857e-02,0.000000000000000000e+00,0.000000000000000000e+00
1.235000000000000000e+03,6.092354771274398928e+01,8.696299999999999386e+01,5.000000000000000000e+01,9.671176067770444196e-02,6.084494575457578236e+01,-1.810980250950020715e-02,0.000000000000000000e+00,0.000000000000000000e+00
1.236000000000000000e+03,6.092482434063765595e+01,8.696299999999999386e+01,5.000000000000000000e+01,9.671176067770444196e-02,6.084552846859762809e+01,-1.741588863767992365e-02,0.000000000000000000e+00,0.000000000000000000e+00
1.237000000000000000e+03,6.092607437981168772e+01,8.696299999999999386e+01,5.000000000000000000e+01,9.671176067770444196e-02,6.084611118261947382e+01,-1.674856348549101301e-02,0.000000000000000000e+00,0.000000000000000000e+00
1.238000000000000000e+03,6.092729884906690074e+01,8.696299999999999386e+01,5.000000000000000000e+01,9.671176067770444196e-02,6.084669389664131955e+01,-1.610680825212786049e-02,0.000000000000000000e+00,0.000000000000000000e+00
1.239000000000000000e+03,6.092849872816666590e+01,8.696299999999999386e+01,5.000000000000000000e+01,9.671176067770444196e-02,6.084727661066316529e+01,-1.548964317420734038e-02,0.000000000000000000e+00,0.000000000000000000e+00
1.240000000000000000e+03,6.092967495933275046e+01,8.693099999999999739e+01,5.000000000000000000e+01,9.671176067770444196e-02,6.084785932468501102e+01,-1.489612602997066049e-02,0.000000000000000000e+00,0.000000000000000000e+00
1.241000000000000000e+03,6.110435020756366242e+01,8.696299999999999386e+01,5.000000000000000000e+01,1.803543645070473656e-01,6.084894600759061944e+01,7.504983546599469646e-02,0.000000000000000000e+00,0.000000000000000000e+00
1.242000000000000000e+03,6.092903944468553590e+01,8.693099999999999739e+01,5.000000000000000000e+01,9.671176067770444196e-02,6.084952872161246518e+01,-1.720103760463893849e-02,0.000000000000000000e+00,0.000000000000000000e+00
1.243000000000000000e+03,6.110380301028568084e+01,8.696299999999999386e+01,5.000000000000000000e+01,1.803543645070473656e-01,6.085061540451807360e+01,7.283324126056014980e-02,0.000000000000000000e+00,0.000000000000000000e+00
1.244000000000000000e+03,6.092857718071737594e+01,8.696299999999999386e+01,5.000000000000000000e+01,9.671176067770444196e-02,6.085119811853991934e+01,-1.933269850025187697e-02,0.000000000000000000e+00,0.000000000000000000e+00
1.245000000000000000e+03,6.092990066635514523e+01,8.696299999999999386e+01,5.000000000000000000e+01,9.671176067770444196e-02,6.085178083256176507e+01,-1.859192688432693974e-02,0.000000000000000000e+00,0.000000000000000000e+00
1.246000000000000000e+03,6.093119576782363112e+01,8.696299999999999386e+01,5.000000000000000000e+01,9.671176067770444196e-02,6.085236354658361080e+01,-1.787953943768664025e-02,0.000000000000000000e+00,0.000000000000000000e+00
1.247000000000000000e+03,6.093246357271993929e+01,8.696299999999999386e+01,5.000000000000000000e+01,9.671176067770444196e-02,6.085294626060545653e+01,-1.719444856322458609e-02,0.000000000000000000e+00,0.000000000000000000e+00
1.248000000000000000e+03,6.093370512696768060e+01,8.696299999999999386e+01,5.000000000000000000e+01,9.671176067770444196e-02,6.085352897462730226e+01,-1.653560833732688543e-02,0.000000000000000000e+00,0.000000000000000000e+00
1.249000000000000000e+03,6.093492143641378789e+01,8.696299999999999386e+01,5.000000000000000000e+01,9.671176067770444196e-02,6.085411168864914799e+01,-1.590201291306762160e-02,0.000000000000000000e+00,0.000000000000000000e+00
1.250000000000000000e+03,6.093611346836411258e+01,8.696299999999999386e+01,5.000000000000000000e+01,9.671176067770444196e-02,6.085469440267099372e+01,-1.529269498458915057e-02,0.000000000000000000e+00,0.000000000000000000e+00
1.251000000000000000e+03,6.093728215306022378e+01,8.696299999999999386e+01,5.000000000000000000e+01,9.671176067770444196e-02,6.085527711669283946e+01,-1.470672431032276663e-02,0.000000000000000000e+00,0.000000000000000000e+00
1.252000000000000000e+03,6.093842838509959847e+01,8.696299999999999386e+01,5.000000000000000000e+01,9.671176067770444196e-02,6.085585983071468519e+01,-1.414320629279518585e-02,0.000000000000000000e+00,0.000000000000000000e+00
1.253000000000000000e+03,6.093955302480138414e+01,8.696299999999999386e+01,5.000000000000000000e+01,9.671176067770444196e-02,6.085644254473653092e+01,-1.360128061285261966e-02,0.000000000000000000e+00,0.000000000000000000e+00
1.254000000000000000e+03,6.094065689951986542e+01,8.696299999999999386e+01,5.000000000000000000e+01,9.671176067770444196e-02,6.085702525875837665e+01,-1.308011991621732539e-02,0.000000000000000000e+00,0.000000000000000000e+00
1.255000000000000000e+03,6.094174080490756040e+01,8.696299999999999386e+01,5.000000000000000000e+01,9.671176067770444196e-02,6.085760797278022238e+01,-1.257892855037142342e-02,0.000000000000000000e+00,0.000000000000000000e+00
1.256000000000000000e+03,6.094280550612993608e+01,8.696299999999999386e+01,5.000000000000000000e+01,9.671176067770444196e-02,6.085819068680206811e+01,-1.209694134983955831e-02,0.000000000000000000e+00,0.000000000000000000e+00
1.257000000000000000e+03,6.094385173903360453e+01,8.696299999999999386e+01,5.000000000000000000e+01,9.671176067770444196e-02,6.085877340082391385e+01,-1.163342246801594287e-02,0.000000000000000000e+00,0.000000000000000000e+00
1.258000000000000000e+03,6.094488021126971233e+01,8.696299999999999386e+01,5.000000000000000000e+01,9.671176067770444196e-02,6.085935611484575958e+01,-1.118766425375230210e-02,0.000000000000000000e+00,0.000000000000000000e+00
1.259000000000000000e+03,6.094589160337432077e+01,8.696299999999999386e+01,5.000000000000000000e+01,9.671176067770444196e-02,6.085993882886760531e+01,-1.075898617099164782e-02,0.000000000000000000e+00,0.000000000000000000e+00
1.260000000000000000e+03,6.094688656980736141e+01,8.696299999999999386e+01,5.000000000000000000e+01,9.671176067770444196e-02,6.086052154288945104e+01,-1.034673375979847099e-02,0.000000000000000000e+00,0.000000000000000000e+00
1.261000000000000000e+03,6.094786573995180134e+01,8.696299999999999386e+01,5.000000000000000000e+01,9.671176067770444196e-02,6.086110425691129677e+01,-9.950277637199177530e-03,0.000000000000000000e+00,0.000000000000000000e+00
1.262000000000000000e+03,6.094882971907453850e+01,8.696299999999999386e+01,5.000000000000000000e+01,9.671176067770444196e-02,6.086168697093314250e+01,-9.569012536307350963e-03,0.000000000000000000e+00,0.000000000000000000e+00
1.263000000000000000e+03,6.094977908925042698e+01,8.696299999999999386e+01,5.000000000000000000e+01,9.671176067770444196e-02,6.086226968495498824e+01,-9.202356382266877952e-03,0.000000000000000000e+00,0.000000000000000000e+00
1.264000000000000000e+03,6.095071441025093861e+01,8.696299999999999386e+01,5.000000000000000000e+01,9.671176067770444196e-02,6.086285239897683397e+01,-8.849749403602199041e-03,0.000000000000000000e+00,0.000000000000000000e+00
1.265000000000000000e+03,6.095163622039876827e+01,8.696299999999999386e+01,5.000000000000000000e+01,9.671176067770444196e-02,6.086343511299867970e+01,-8.510653277618971183e-03,0.000000000000000000e+00,0.000000000000000000e+00
1.266000000000000000e+03,6.095254503738968310e+01,8.696299999999999386e+01,5.000000000000000000e+01,9.671176067770444196e-02,6.086401782702052543e+01,-8.184550308550451320e-03,0.000000000000000000e+00,0.000000000000000000e+00
1.267000000000000000e+03,6.095344135908288052e+01,8.696299999999999386e+01,5.000000000000000000e+01,9.671176067770444196e-02,6.086460054104237116e+01,-7.870942637194853000e-03,0.000000000000000000e+00,0.000000000000000000e+00
1.268000000000000000e+03,6.095432566426108423e+01,8.696299999999999386e+01,5.000000000000000000e+01,9.671176067770444196e-02,6.086518325506421689e+01,-7.569351480837070885e-03,0.000000000000000000e+00,0.000000000000000000e+00
1.269000000000000000e+03,6.095519841336147238e+01,8.696299999999999386e+01,5.000000000000000000e+01,9.671176067770444196e-02,6.086576596908606263e+01,-7.279316402294339419e-03,0.000000000000000000e+00,0.000000000000000000e+00
1.270000000000000000e+03,6.095606004917864595e+01,8.696299999999999386e+01,5.000000000000000000e+01,9.671176067770444196e-02,6.086634868310790836e+01,-7.000394606969892811e-03,0.000000000000000000e+00,0.000000000000000000e+00
1.271000000000000000e+03,6.095691099754061781e+01,8.696299999999999386e+01,5.000000000000000000e+01,9.671176067770444196e-02,6.086693139712975409e+01,-6.732160266841443960e-03,0.000000000000000000e+00,0.000000000000000000e+00
1.272000000000000000e+03,6.095775166795895217e+01,8.696299999999999386e+01,5.000000000000000000e+01,9.671176067770444196e-02,6.086751411115159982e+01,-6.474203870352416429e-03,0.000000000000000000e+00,0.000000000000000000e+00
1.273000000000000000e+03,6.095858245425393562e+01,8.696299999999999386e+01,5.000000000000000000e+01,9.671176067770444196e-02,6.086809682517344555e+01,-6.226131597213415206e-03,0.000000000000000000e+00,0.000000000000000000e+00
1.274000000000000000e+03,6.095940373515583843e+01,8.696299999999999386e+01,5.000000000000000000e+01,9.671176067770444196e-02,6.086867953919529128e+01,-5.987564717159448054e-03,0.000000000000000000e+00,0.000000000000000000e+00
1.275000000000000000e+03,6.096021587488309734e+01,8.696299999999999386e+01,5.000000000000000000e+01,9.671176067770444196e-02,6.086926225321713702e+01,-5.758139011744988454e-03,0.000000000000000000e+00,0.000000000000000000e+00
1.276000000000000000e+03,6.096101922369839343e+01,8.696299999999999386e+01,5.000000000000000000e+01,9.671176067770444196e-02,6.086984496723898275e+01,-5.537504218294131419e-03,0.000000000000000000e+00,0.000000000000000000e+00
1.277000000000000000e+03,6.096181411844337816e+01,8.696299999999999386e+01,5.000000000000000000e+01,9.671176067770444196e-02,6.087042768126082848e+01,-5.325323495156931812e-03,0.000000000000000000e+00,0.000000000000000000e+00
1.278000000000000000e+03,6.096260088305292868e+01,8.696299999999999386e+01,5.000000000000000000e+01,9.671176067770444196e-02,6.087101039528267421e+01,-5.121272907455527885e-03,0.000000000000000000e+00,0.000000000000000000e+00
1.279000000000000000e+03,6.096337982904969266e+01,8.696299999999999386e+01,5.000000000000000000e+01,9.671176067770444196e-02,6.087159310930451994e+01,-4.925040932534954091e-03,0.000000000000000000e+00,0.000000000000000000e+00
1.280000000000000000e+03,6.096415125601971141e+01,8.696299999999999386e+01,5.000000000000000000e+01,9.671176067770444196e-02,6.087217582332636567e+01,-4.736327984363603895e-03,0.000000000000000000e+00,0.000000000000000000e+00
1.281000000000000000e+03,6.096491545206976070e+01,8.696299999999999386e+01,5.000000000000000000e+01,9.671176067770444196e-02,6.087275853734821141e+01,-4.554845956157255876e-03,0.000000000000000000e+00,0.000000000000000000e+00
1.282000000000000000e+03,6.096567269426723357e+01,8.696299999999999386e+01,5.000000000000000000e+01,9.671176067770444196e-02,6.087334125137005714e+01,-4.380317780528394413e-03,0.000000000000000000e+00,0.000000000000000000e+00
1.283000000000000000e+03,6.096642324906311927e+01,8.696299999999999386e+01,5.000000000000000000e+01,9.671176067770444196e-02,6.087392396539190287e+01,-4.212477006489297876e-03,0.000000000000000000e+00,0.000000000000000000e+00
1.284000000000000000e+03,6.096716737269878905e+01,8.696299999999999386e+01,5.000000000000000000e+01,9.671176067770444196e-02,6.087450667941374860e+01,-4.051067392663113172e-03,0.000000000000000000e+00,0.000000000000000000e+00
1.285000000000000000e+03,6.096790531159722093e+01,8.696299999999999386e+01,5.000000000000000000e+01,9.671176067770444196e-02,6.087508939343559433e+01,-3.895842516081875206e-03,0.000000000000000000e+00,0.000000000000000000e+00
1.286000000000000000e+03,6.096863730273917525e+01,8.696299999999999386e+01,5.000000000000000000e+01,9.671176067770444196e-02,6.087567210745744006e+01,-3.746565395974227244e-03,0.000000000000000000e+00,0.000000000000000000e+00
1.287000000000000000e+03,6.096936357402502438e+01,8.696299999999999386e+01,5.000000000000000000e+01,9.671176067770444196e-02,6.087625482147928579e+01,-3.603008131968474335e-03,0.000000000000000000e+00,0.000000000000000000e+00
1.288000000000000000e+03,6.097008434462267701e+01,8.696299999999999386e+01,5.000000000000000000e+01,9.671176067770444196e-02,6.087683753550113153e+01,-3.464951556158625198e-03,0.000000000000000000e+00,0.000000000000000000e+00
1.289000000000000000e+03,6.097079982530217990e+01,8.696299999999999386e+01,5.000000000000000000e+01,9.671176067770444196e-02,6.087742024952297726e+01,-3.332184898502229837e-03,0.000000000000000000e+00,0.000000000000000000e+00
1.290000000000000000e+03,6.097151021875748711e+01,8.699500000000000455e+01,5.000000000000000000e+01,9.671176067770444196e-02,6.087800296354482299e+01,-3.204505465039177159e-03,0.000000000000000000e+00,0.000000000000000000e+00
1.291000000000000000e+03,6.079869396103596557e+01,8.699500000000000455e+01,5.000000000000000000e+01,1.306915684832438314e-02,6.087808170868291313e+01,-9.245690449527434185e-02,0.000000000000000000e+00,0.000000000000000000e+00
1.292000000000000000e+03,6.080231538028886717e+01,8.696299999999999386e+01,5.000000000000000000e+01,1.306915684832438314e-02,6.087816045382100327e+01,-8.891423038045846716e-02,0.000000000000000000e+00,0.000000000000000000e+00
1.293000000000000000e+03,6.097932281366637142e+01,8.696299999999999386e+01,5.000000000000000000e+01,9.671176067770444196e-02,6.087874316784284900e+01,3.867885145812821612e-03,0.000000000000000000e+00,0.000000000000000000e+00
1.294000000000000000e+03,6.097975732181154029e+01,8.696299999999999386e+01,5.000000000000000000e+01,9.671176067770444196e-02,6.087932588186469474e+01,3.719679269140276513e-03,0.000000000000000000e+00,0.000000000000000000e+00
1.295000000000000000e+03,6.098019750876594713e+01,8.696299999999999386e+01,5.000000000000000000e+01,9.671176067770444196e-02,6.087990859588654047e+01,3.577152201701262139e-03,0.000000000000000000e+00,0.000000000000000000e+00
1.296000000000000000e+03,6.098064315693447668e+01,8.696299999999999386e+01,5.000000000000000000e+01,9.671176067770444196e-02,6.088049130990838620e+01,3.440086348383932131e-03,0.000000000000000000e+00,0.000000000000000000e+00
1.297000000000000000e+03,6.098109405705961450e+01,8.696299999999999386e+01,5.000000000000000000e+01,9.671176067770444196e-02,6.088107402393023193e+01,3.308272451675178284e-03,0.000000000000000000e+00,0.000000000000000000e+00
1.298000000000000000e+03,6.098155000790197278e+01,8.699500000000000455e+01,5.000000000000000000e+01,9.671176067770444196e-02,6.088165673795207766e+01,3.181509272188597515e-03,0.000000000000000000e+00,0.000000000000000000e+00
1.299000000000000000e+03,6.080848905705309448e+01,8.702700000000000102e+01,5.000000000000000000e+01,1.306915684832438314e-02,6.088173548309016780e+01,-8.631558288540047696e-02,0.000000000000000000e+00,0.000000000000000000e+00
1.300000000000000000e+03,6.063835340021299913e+01,8.712399999999999523e+01,5.000000000000000000e+01,-7.057344698101852831e-02,6.088131025934449525e+01,-1.723834121504831396e-01,0.000000000000000000e+00,0.000000000000000000e+00
1.301000000000000000e+03,6.011854556548276918e+01,8.712399999999999523e+01,5.000000000000000000e+01,-3.241150898387269996e-01,6.087935737991992369e+01,-4.366967245984237911e-01,0.000000000000000000e+00,0.000000000000000000e+00
1.302000000000000000e+03,6.013332560817694628e+01,8.718800000000000239e+01,5.000000000000000000e+01,-3.241150898387269996e-01,6.087740450049535212e+01,-4.199638024796783498e-01,0.000000000000000000e+00,0.000000000000000000e+00
1.303000000000000000e+03,5.980042097720863126e+01,8.706000000000000227e+01,5.000000000000000000e+01,-4.914002974974499560e-01,6.087444368330326228e+01,-5.826224085971836164e-01,0.000000000000000000e+00,0.000000000000000000e+00
1.304000000000000000e+03,6.051387155667415385e+01,8.712399999999999523e+01,5.000000000000000000e+01,-1.568298821800411802e-01,6.087349874164621610e+01,-2.027973027920218496e-01,0.000000000000000000e+00,0.000000000000000000e+00
1.305000000000000000e+03,6.017365368788087920e+01,8.718800000000000239e+01,5.000000000000000000e+01,-3.241150898387269996e-01,6.087154586222164454e+01,-3.737770845020355059e-01,0.000000000000000000e+00,0.000000000000000000e+00
1.306000000000000000e+03,5.983897931898849265e+01,8.718800000000000239e+01,5.000000000000000000e+01,-4.914002974974499560e-01,6.086858504502955469e+01,-5.382054285436138619e-01,0.000000000000000000e+00,0.000000000000000000e+00
1.307000000000000000e+03,5.985664093611391934e+01,8.709199999999999875e+01,5.000000000000000000e+01,-4.914002974974499560e-01,6.086562422783746484e+01,-5.175829942260956607e-01,0.000000000000000000e+00,0.000000000000000000e+00
1.308000000000000000e+03,6.039407763941535734e+01,8.715600000000000591e+01,5.000000000000000000e+01,-2.404724860093840899e-01,6.086417531729665598e+01,-2.296251918719168783e-01,0.000000000000000000e+00,0.000000000000000000e+00
1.309000000000000000e+03,6.005438376680713475e+01,8.709199999999999875e+01,5.000000000000000000e+01,-4.077576936681070463e-01,6.086171846898832882e+01,-3.995770085130839755e-01,0.000000000000000000e+00,0.000000000000000000e+00
1.310000000000000000e+03,6.041428104104977592e+01,8.709199999999999875e+01,5.000000000000000000e+01,-2.404724860093840899e-01,6.086026955844751996e+01,-2.055160313883635514e-01,0.000000000000000000e+00,0.000000000000000000e+00
1.311000000000000000e+03,6.042070689474159906e+01,8.715600000000000591e+01,5.000000000000000000e+01,-2.404724860093840899e-01,6.085882064790671109e+01,-1.976412671557317424e-01,0.000000000000000000e+00,0.000000000000000000e+00
1.312000000000000000e+03,6.007978749308499289e+01,8.706000000000000227e+01,5.000000000000000000e+01,-4.077576936681070463e-01,6.085636379959838393e+01,-3.688186128452787260e-01,0.000000000000000000e+00,0.000000000000000000e+00
1.313000000000000000e+03,6.061202795579421121e+01,8.715600000000000591e+01,5.000000000000000000e+01,-1.568298821800411802e-01,6.085541885794133776e+01,-8.656101996708726043e-02,0.000000000000000000e+00,0.000000000000000000e+00
1.314000000000000000e+03,6.009383449881947570e+01,8.715600000000000591e+01,5.000000000000000000e+01,-4.077576936681070463e-01,6.085296200963301061e+01,-3.513698171454271990e-01,0.000000000000000000e+00,0.000000000000000000e+00
1.315000000000000000e+03,6.010484109883579151e+01,8.699500000000000455e+01,5.000000000000000000e+01,-4.077576936681070463e-01,6.085050516132468346e+01,-3.379063688207829541e-01,0.000000000000000000e+00,0.000000000000000000e+00
1.316000000000000000e+03,6.098836316884418096e+01,8.709199999999999875e+01,5.000000000000000000e+01,1.306915684832438314e-02,6.085058390646277360e+01,1.247101055330823161e-01,0.000000000000000000e+00,0.000000000000000000e+00
1.317000000000000000e+03,6.045767556134508425e+01,8.709199999999999875e+01,5.000000000000000000e+01,-2.404724860093840899e-01,6.084913499592196473e+01,-1.509869485674999456e-01,0.000000000000000000e+00,0.000000000000000000e+00
1.318000000000000000e+03,6.046201202245699591e+01,8.709199999999999875e+01,5.000000000000000000e+01,-2.404724860093840899e-01,6.084768608538115586e+01,-1.452015769147808333e-01,0.000000000000000000e+00,0.000000000000000000e+00
1.319000000000000000e+03,6.046612680530149220e+01,8.712399999999999523e+01,5.000000000000000000e+01,-2.404724860093840899e-01,6.084623717484034700e+01,-1.396378835294725118e-01,0.000000000000000000e+00,0.000000000000000000e+00
1.320000000000000000e+03,6.029650664505181368e+01,8.706000000000000227e+01,5.000000000000000000e+01,-3.241150898387269996e-01,6.084428429541577543e+01,-2.236625605252312854e-01,0.000000000000000000e+00,0.000000000000000000e+00
1.321000000000000000e+03,6.065016736874683545e+01,8.706000000000000227e+01,5.000000000000000000e+01,-1.568298821800411802e-01,6.084333935375872926e+01,-3.634210283185534962e-02,0.000000000000000000e+00,0.000000000000000000e+00
1.322000000000000000e+03,6.065061494858597513e+01,8.699500000000000455e+01,5.000000000000000000e+01,-1.568298821800411802e-01,6.084239441210168309e+01,-3.494958133567037384e-02,0.000000000000000000e+00,0.000000000000000000e+00
1.323000000000000000e+03,6.100347524386000231e+01,8.696299999999999386e+01,5.000000000000000000e+01,1.306915684832438314e-02,6.084247315723977323e+01,1.479329297719030323e-01,0.000000000000000000e+00,0.000000000000000000e+00
1.324000000000000000e+03,6.117140739715949849e+01,8.699500000000000455e+01,5.000000000000000000e+01,9.671176067770444196e-02,6.084305587126161896e+01,2.316397652201752921e-01,0.000000000000000000e+00,0.000000000000000000e+00
1.325000000000000000e+03,6.098959260413862182e+01,8.696299999999999386e+01,5.000000000000000000e+01,1.306915684832438314e-02,6.084313461639970910e+01,1.333888308905905040e-01,0.000000000000000000e+00,0.000000000000000000e+00
1.326000000000000000e+03,6.115808204413198013e+01,8.696299999999999386e+01,5.000000000000000000e+01,9.671176067770444196e-02,6.084371733042155483e+01,2.176529530327167838e-01,0.000000000000000000e+00,0.000000000000000000e+00
1.327000000000000000e+03,6.115032494311316924e+01,8.696299999999999386e+01,5.000000000000000000e+01,9.671176067770444196e-02,6.084430004444340057e+01,2.093131379920601665e-01,0.000000000000000000e+00,0.000000000000000000e+00
1.328000000000000000e+03,6.114288739904932868e+01,8.696299999999999386e+01,5.000000000000000000e+01,9.671176067770444196e-02,6.084488275846524630e+01,2.012928799063781471e-01,0.000000000000000000e+00,0.000000000000000000e+00
1.329000000000000000e+03,6.113575716746658628e+01,8.696299999999999386e+01,5.000000000000000000e+01,9.671176067770444196e-02,6.084546547248709203e+01,1.935799343017855223e-01,0.000000000000000000e+00,0.000000000000000000e+00
1.330000000000000000e+03,6.112892247306292859e+01,8.696299999999999386e+01,5.000000000000000000e+01,9.671176067770444196e-02,6.084604818650893776e+01,1.861625258762877322e-01,0.000000000000000000e+00,0.000000000000000000e+00
1.331000000000000000e+03,6.112237199173099356e+01,8.696299999999999386e+01,5.000000000000000000e+01,9.671176067770444196e-02,6.084663090053078349e+01,1.790293305225067189e-01,0.000000000000000000e+00,0.000000000000000000e+00
1.332000000000000000e+03,6.111609483326957815e+01,8.696299999999999386e+01,5.000000000000000000e+01,9.671176067770444196e-02,6.084721361455262922e+01,1.721694580392427176e-01,0.000000000000000000e+00,0.000000000000000000e+00
1.333000000000000000e+03,6.111008052475765595e+01,8.696299999999999386e+01,5.000000000000000000e+01,9.671176067770444196e-02,6.084779632857447496e+01,1.655724355054775110e-01,0.000000000000000000e+00,0.000000000000000000e+00
1.334000000000000000e+03,6.110431899456546034e+01,8.696299999999999386e+01,5.000000000000000000e+01,9.671176067770444196e-02,6.084837904259632069e+01,1.592281912914366160e-01,0.000000000000000000e+00,0.000000000000000000e+00
1.335000000000000000e+03,6.109880055697817625e+01,8.696299999999999386e+01,5.000000000000000000e+01,9.671176067770444196e-02,6.084896175661816642e+01,1.531270396823001256e-01,0.000000000000000000e+00,0.000000000000000000e+00
1.336000000000000000e+03,6.109351589740880684e+01,8.696299999999999386e+01,5.000000000000000000e+01,9.671176067770444196e-02,6.084954447064001215e+01,1.472596660910872046e-01,0.000000000000000000e+00,0.000000000000000000e+00
1.337000000000000000e+03,6.108845605817770519e+01,8.696299999999999386e+01,5.000000000000000000e+01,9.671176067770444196e-02,6.085012718466185788e+01,1.416171128381390754e-01,0.000000000000000000e+00,0.000000000000000000e+00
1.338000000000000000e+03,6.108361242483690035e+01,8.696299999999999386e+01,5.000000000000000000e+01,9.671176067770444196e-02,6.085070989868370361e+01,1.361907654754899444e-01,0.000000000000000000e+00,0.000000000000000000e+00
1.339000000000000000e+03,6.107897671301850551e+01,8.696299999999999386e+01,5.000000000000000000e+01,9.671176067770444196e-02,6.085129261270554935e+01,1.309723396352473757e-01,0.000000000000000000e+00,0.000000000000000000e+00
1.340000000000000000e+03,6.107454095578700759e+01,8.696299999999999386e+01,5.000000000000000000e+01,9.671176067770444196e-02,6.085187532672739508e+01,1.259538683819038385e-01,0.000000000000000000e+00,0.000000000000000000e+00
1.341000000000000000e+03,6.107029749147621800e+01,8.696299999999999386e+01,5.000000000000000000e+01,9.671176067770444196e-02,6.085245804074924081e+01,1.211276900492699177e-01,0.000000000000000000e+00,0.000000000000000000e+00
1.342000000000000000e+03,6.106623895199225416e+01,8.696299999999999386e+01,5.000000000000000000e+01,9.671176067770444196e-02,6.085304075477108654e+01,1.164864365434603866e-01,0.000000000000000000e+00,0.000000000000000000e+00
1.343000000000000000e+03,6.106235825156471719e+01,8.696299999999999386e+01,5.000000000000000000e+01,9.671176067770444196e-02,6.085362346879293227e+01,1.120230220940749283e-01,0.000000000000000000e+00,0.000000000000000000e+00
1.344000000000000000e+03,6.105864857592888484e+01,8.699500000000000455e+01,5.000000000000000000e+01,9.671176067770444196e-02,6.085420618281477800e+01,1.077306324364002976e-01,0.000000000000000000e+00,0.000000000000000000e+00
1.345000000000000000e+03,6.088158161304247784e+01,8.696299999999999386e+01,5.000000000000000000e+01,1.306915684832438314e-02,6.085428492795286814e+01,1.422752824128425964e-02,0.000000000000000000e+00,0.000000000000000000e+00
1.346000000000000000e+03,6.105463696041384480e+01,8.696299999999999386e+01,5.000000000000000000e+01,9.671176067770444196e-02,6.085486764197471388e+01,1.030575577614259442e-01,0.000000000000000000e+00,0.000000000000000000e+00
1.347000000000000000e+03,6.105127081475657036e+01,8.696299999999999386e+01,5.000000000000000000e+01,9.671176067770444196e-02,6.085545035599655961e+01,9.910869808230693412e-02,0.000000000000000000e+00,0.000000000000000000e+00
1.348000000000000000e+03,6.104805597767970937e+01,8.696299999999999386e+01,5.000000000000000000e+01,9.671176067770444196e-02,6.085603307001840534e+01,9.531114698359763326e-02,0.000000000000000000e+00,0.000000000000000000e+00
1.349000000000000000e+03,6.104498665148762626e+01,8.699500000000000455e+01,5.000000000000000000e+01,9.671176067770444196e-02,6.085661578404025107e+01,9.165910676966790294e-02,0.000000000000000000e+00,0.000000000000000000e+00
1.350000000000000000e+03,6.086853550175520411e+01,8.699500000000000455e+01,5.000000000000000000e+01,1.306915684832438314e-02,6.085669452917834121e+01,-1.228184271460888710e-03,0.000000000000000000e+00,0.000000000000000000e+00
1.351000000000000000e+03,6.086866130726861712e+01,8.699500000000000455e+01,5.000000000000000000e+01,1.306915684832438314e-02,6.085677327431643135e+01,-1.181123896138125580e-03,0.000000000000000000e+00,0.000000000000000000e+00
1.352000000000000000e+03,6.086878530956815325e+01,8.699500000000000455e+01,5.000000000000000000e+01,1.306915684832438314e-02,6.085685201945452150e+01,-1.135866734695381488e-03,0.000000000000000000e+00,0.000000000000000000e+00
1.353000000000000000e+03,6.086890757774760630e+01,8.706000000000000227e+01,5.000000000000000000e+01,1.306915684832438314e-02,6.085693076459261164e+01,-1.092343693329753378e-03,0.000000000000000000e+00,0.000000000000000000e+00
1.354000000000000000e+03,6.051656210552850013e+01,8.699500000000000455e+01,5.000000000000000000e+01,-1.568298821800411802e-01,6.085598582293556547e+01,-1.825938352270226606e-01,0.000000000000000000e+00,0.000000000000000000e+00
1.355000000000000000e+03,6.087507969031830868e+01,8.696299999999999386e+01,5.000000000000000000e+01,1.306915684832438314e-02,6.085606456807365561e+01,5.945965396326496899e-03,0.000000000000000000e+00,0.000000000000000000e+00
1.356000000000000000e+03,6.104845236259343721e+01,8.696299999999999386e+01,5.000000000000000000e+01,9.671176067770444196e-02,6.085664728209550134e+01,9.509331982022972696e-02,0.000000000000000000e+00,0.000000000000000000e+00
1.357000000000000000e+03,6.104539138289161571e+01,8.696299999999999386e+01,5.000000000000000000e+01,9.671176067770444196e-02,6.085722999611734707e+01,9.144962609656354102e-02,0.000000000000000000e+00,0.000000000000000000e+00
1.358000000000000000e+03,6.104247001871669909e+01,8.696299999999999386e+01,5.000000000000000000e+01,9.671176067770444196e-02,6.085781271013919280e+01,8.794554789980274512e-02,0.000000000000000000e+00,0.000000000000000000e+00
1.359000000000000000e+03,6.103968292041616195e+01,8.696299999999999386e+01,5.000000000000000000e+01,9.671176067770444196e-02,6.085839542416103853e+01,8.457573557741576709e-02,0.000000000000000000e+00,0.000000000000000000e+00
1.360000000000000000e+03,6.103702494332026873e+01,8.696299999999999386e+01,5.000000000000000000e+01,9.671176067770444196e-02,6.085897813818288427e+01,8.133504445967520979e-02,0.000000000000000000e+00,0.000000000000000000e+00
1.361000000000000000e+03,6.103449113988776276e+01,8.696299999999999386e+01,5.000000000000000000e+01,9.671176067770444196e-02,6.085956085220473000e+01,7.821852700532525016e-02,0.000000000000000000e+00,0.000000000000000000e+00
1.362000000000000000e+03,6.103207675215248429e+01,8.696299999999999386e+01,5.000000000000000000e+01,9.671176067770444196e-02,6.086014356622657573e+01,7.522142524820385479e-02,0.000000000000000000e+00,0.000000000000000000e+00
1.363000000000000000e+03,6.102977720445941401e+01,8.699500000000000455e+01,5.000000000000000000e+01,9.671176067770444196e-02,6.086072628024842146e+01,7.233916353328791182e-02,0.000000000000000000e+00,0.000000000000000000e+00
1.364000000000000000e+03,6.085406633759907180e+01,8.699500000000000455e+01,5.000000000000000000e+01,1.306915684832438314e-02,6.086080502538651160e+01,-1.980784463576253096e-02,0.000000000000000000e+00,0.000000000000000000e+00
1.365000000000000000e+03,6.085490406054249490e+01,8.699500000000000455e+01,5.000000000000000000e+01,1.306915684832438314e-02,6.086088377052460174e+01,-1.904886683043273063e-02,0.000000000000000000e+00,0.000000000000000000e+00
1.366000000000000000e+03,6.085571270170949987e+01,8.709199999999999875e+01,5.000000000000000000e+01,1.306915684832438314e-02,6.086096251566269189e+01,-1.831897080151908760e-02,0.000000000000000000e+00,0.000000000000000000e+00
1.367000000000000000e+03,6.033050554382271002e+01,8.696299999999999386e+01,5.000000000000000000e+01,-2.404724860093840899e-01,6.085951360512188302e+01,-2.885355752897901804e-01,0.000000000000000000e+00,0.000000000000000000e+00
1.368000000000000000e+03,6.103962205047161405e+01,8.702700000000000102e+01,5.000000000000000000e+01,9.671176067770444196e-02,6.086009631914372875e+01,8.281397065017670478e-02,0.000000000000000000e+00,0.000000000000000000e+00
1.369000000000000000e+03,6.068998806121792455e+01,8.709199999999999875e+01,5.000000000000000000e+01,-7.057344698101852831e-02,6.085967109539805620e+01,-9.910958719911557024e-02,0.000000000000000000e+00,0.000000000000000000e+00
1.370000000000000000e+03,6.034089434991446410e+01,8.699500000000000455e+01,5.000000000000000000e+01,-2.404724860093840899e-01,6.085822218485724733e+01,-2.768553489334044659e-01,0.000000000000000000e+00,0.000000000000000000e+00
1.371000000000000000e+03,6.087604154608306573e+01,8.702700000000000102e+01,5.000000000000000000e+01,1.306915684832438314e-02,6.085830092999533747e+01,4.671459239403208397e-03,0.000000000000000000e+00,0.000000000000000000e+00
1.372000000000000000e+03,6.070241953589079031e+01,8.715600000000000591e+01,5.000000000000000000e+01,-7.057344698101852831e-02,6.085787570624966492e+01,-8.488272337785858490e-02,0.000000000000000000e+00,0.000000000000000000e+00
1.373000000000000000e+03,6.000573717563936071e+01,8.712399999999999523e+01,5.000000000000000000e+01,-4.077576936681070463e-01,6.085541885794133776e+01,-4.419239886338655054e-01,0.000000000000000000e+00,0.000000000000000000e+00
1.374000000000000000e+03,6.019373530157005803e+01,8.715600000000000591e+01,5.000000000000000000e+01,-3.241150898387269996e-01,6.085346597851676620e+01,-3.356155871079837261e-01,0.000000000000000000e+00,0.000000000000000000e+00
1.375000000000000000e+03,6.003112045626276938e+01,8.712399999999999523e+01,5.000000000000000000e+01,-4.077576936681070463e-01,6.085100913020843905e+01,-4.121309802775630637e-01,0.000000000000000000e+00,0.000000000000000000e+00
1.376000000000000000e+03,6.021797700255608277e+01,8.712399999999999523e+01,5.000000000000000000e+01,-3.241150898387269996e-01,6.084905625078386748e+01,-3.069641583890544978e-01,0.000000000000000000e+00,0.000000000000000000e+00
1.377000000000000000e+03,6.022778607843423515e+01,8.715600000000000591e+01,5.000000000000000000e+01,-3.241150898387269996e-01,6.084710337135929592e+01,-2.952022030863358237e-01,0.000000000000000000e+00,0.000000000000000000e+00
1.378000000000000000e+03,6.006362271222148053e+01,8.718800000000000239e+01,5.000000000000000000e+01,-4.077576936681070463e-01,6.084464652305096877e+01,-3.732661171613811391e-01,0.000000000000000000e+00,0.000000000000000000e+00
1.379000000000000000e+03,5.990194655457365513e+01,8.718800000000000239e+01,5.000000000000000000e+01,-4.914002974974499560e-01,6.084168570585887892e+01,-4.483388537877733282e-01,0.000000000000000000e+00,0.000000000000000000e+00
1.380000000000000000e+03,5.991616475133029240e+01,8.722100000000000364e+01,5.000000000000000000e+01,-4.914002974974499560e-01,6.083872488866678907e+01,-4.311598398390492637e-01,0.000000000000000000e+00,0.000000000000000000e+00
1.381000000000000000e+03,5.975078038542471859e+01,8.725300000000000011e+01,5.000000000000000000e+01,-5.776567326964726634e-01,6.083524435356332560e+01,-5.068072354421345738e-01,0.000000000000000000e+00,0.000000000000000000e+00
1.382000000000000000e+03,5.959319744020717735e+01,8.725300000000000011e+01,5.000000000000000000e+01,-6.612993365258155176e-01,6.083125984957609944e+01,-5.767630728431046849e-01,0.000000000000000000e+00,0.000000000000000000e+00
1.383000000000000000e+03,5.961131278500569408e+01,8.718800000000000239e+01,5.000000000000000000e+01,-6.612993365258155176e-01,6.082727534558887328e+01,-5.546632240573672323e-01,0.000000000000000000e+00,0.000000000000000000e+00
1.384000000000000000e+03,5.998104740192865592e+01,8.718800000000000239e+01,5.000000000000000000e+01,-4.914002974974499560e-01,6.082431452839678343e+01,-3.518668289706808894e-01,0.000000000000000000e+00,0.000000000000000000e+00
1.385000000000000000e+03,5.999156907707893538e+01,8.718800000000000239e+01,5.000000000000000000e+01,-4.914002974974499560e-01,6.082135371120469358e+01,-3.383843366283108556e-01,0.000000000000000000e+00,0.000000000000000000e+00
1.386000000000000000e+03,6.000157414314647042e+01,8.715600000000000591e+01,5.000000000000000000e+01,-4.914002974974499560e-01,6.081839289401260373e+01,-3.254184533686833580e-01,0.000000000000000000e+00,0.000000000000000000e+00
1.387000000000000000e+03,6.018460415393762020e+01,8.722100000000000364e+01,5.000000000000000000e+01,-4.077576936681070463e-01,6.081593604570427658e+01,-2.235741980985470612e-01,0.000000000000000000e+00,0.000000000000000000e+00
1.388000000000000000e+03,5.983824793247838159e+01,8.718800000000000239e+01,5.000000000000000000e+01,-5.776567326964726634e-01,6.081245551060081311e+01,-3.965508454259548676e-01,0.000000000000000000e+00,0.000000000000000000e+00
1.389000000000000000e+03,6.002890636242483424e+01,8.718800000000000239e+01,5.000000000000000000e+01,-4.914002974974499560e-01,6.080949469340872326e+01,-2.891880334864431745e-01,0.000000000000000000e+00,0.000000000000000000e+00
1.390000000000000000e+03,6.003702637219898719e+01,8.715600000000000591e+01,5.000000000000000000e+01,-4.914002974974499560e-01,6.080653387621663342e+01,-2.781072065201964927e-01,0.000000000000000000e+00,0.000000000000000000e+00
1.391000000000000000e+03,6.021824355645798477e+01,8.712399999999999523e+01,5.000000000000000000e+01,-4.077576936681070463e-01,6.080407702790830626e+01,-1.780757777822135068e-01,0.000000000000000000e+00,0.000000000000000000e+00
1.392000000000000000e+03,6.039613180220257505e+01,8.702700000000000102e+01,5.000000000000000000e+01,-3.241150898387269996e-01,6.080212414848373470e+01,-8.187725644242863088e-02,0.000000000000000000e+00,0.000000000000000000e+00
1.393000000000000000e+03,6.092330404779065844e+01,8.706000000000000227e+01,5.000000000000000000e+01,-7.057344698101852831e-02,6.080169892473806215e+01,1.921785700336117730e-01,0.000000000000000000e+00,0.000000000000000000e+00
1.394000000000000000e+03,6.073657079789326474e+01,8.709199999999999875e+01,5.000000000000000000e+01,-1.568298821800411802e-01,6.080075398308101597e+01,9.264669699229216571e-02,0.000000000000000000e+00,0.000000000000000000e+00
1.395000000000000000e+03,6.055855415095643934e+01,8.706000000000000227e+01,5.000000000000000000e+01,-2.404724860093840899e-01,6.079930507254020711e+01,-2.784355743902511282e-04,0.000000000000000000e+00,0.000000000000000000e+00
1.396000000000000000e+03,6.073063766812017406e+01,8.715600000000000591e+01,5.000000000000000000e+01,-1.568298821800411802e-01,6.079836013088316093e+01,8.910741941705739577e-02,0.000000000000000000e+00,0.000000000000000000e+00
1.397000000000000000e+03,6.020571311803353609e+01,8.712399999999999523e+01,5.000000000000000000e+01,-4.077576936681070463e-01,6.079590328257483378e+01,-1.824324708731887568e-01,0.000000000000000000e+00,0.000000000000000000e+00
1.398000000000000000e+03,6.038376829932419554e+01,8.712399999999999523e+01,5.000000000000000000e+01,-3.241150898387269996e-01,6.079395040315026222e+01,-8.606701398733673791e-02,0.000000000000000000e+00,0.000000000000000000e+00
1.399000000000000000e+03,6.038511325237905680e+01,8.709199999999999875e+01,5.000000000000000000e+01,-3.241150898387269996e-01,6.079199752372569066e+01,-8.276918150790284201e-02,0.000000000000000000e+00,0.000000000000000000e+00
1.400000000000000000e+03,6.055985360116308414e+01,8.718800000000000239e+01,5.000000000000000000e+01,-2.404724860093840899e-01,6.079054861318488179e+01,9.777473987583357173e-03,0.000000000000000000e+00,0.000000000000000000e+00
1.401000000000000000e+03,6.003746477020448680e+01,8.712399999999999523e+01,5.000000000000000000e+01,-4.914002974974499560e-01,6.078758779599279194e+01,-2.587227282908592385e-01,0.000000000000000000e+00,0.000000000000000000e+00
1.402000000000000000e+03,6.039146095768202116e+01,8.702700000000000102e+01,5.000000000000000000e+01,-3.241150898387269996e-01,6.078563491656822038e+01,-7.005886904747349320e-02,0.000000000000000000e+00,0.000000000000000000e+00
1.403000000000000000e+03,6.091818035774891626e+01,8.706000000000000227e+01,5.000000000000000000e+01,-7.057344698101852831e-02,6.078520969282254782e+01,2.035441119073855831e-01,0.000000000000000000e+00,0.000000000000000000e+00
1.404000000000000000e+03,6.073101161402640713e+01,8.712399999999999523e+01,5.000000000000000000e+01,-1.568298821800411802e-01,6.078426475116550165e+01,1.035767450409495194e-01,0.000000000000000000e+00,0.000000000000000000e+00
1.405000000000000000e+03,6.037905440121514289e+01,8.712399999999999523e+01,5.000000000000000000e+01,-3.241150898387269996e-01,6.078231187174093009e+01,-7.914238068706232199e-02,0.000000000000000000e+00,0.000000000000000000e+00
1.406000000000000000e+03,6.038013402287824505e+01,8.702700000000000102e+01,5.000000000000000000e+01,-3.241150898387269996e-01,6.078035899231635852e+01,-7.610987959938757264e-02,0.000000000000000000e+00,0.000000000000000000e+00
1.407000000000000000e+03,6.090708527970659958e+01,8.709199999999999875e+01,5.000000000000000000e+01,-7.057344698101852831e-02,6.077993376857068597e+01,1.977249581169299164e-01,0.000000000000000000e+00,0.000000000000000000e+00
1.408000000000000000e+03,6.054661774980284150e+01,8.712399999999999523e+01,5.000000000000000000e+01,-2.404724860093840899e-01,6.077848485802987710e+01,8.605377782343354154e-03,0.000000000000000000e+00,0.000000000000000000e+00
1.409000000000000000e+03,6.037131734785123172e+01,8.718800000000000239e+01,5.000000000000000000e+01,-3.241150898387269996e-01,6.077653197860530554e+01,-8.109954091534367360e-02,0.000000000000000000e+00,0.000000000000000000e+00
1.410000000000000000e+03,6.002542844432443303e+01,8.715600000000000591e+01,5.000000000000000000e+01,-4.914002974974499560e-01,6.077357116141321569e+01,-2.567424195913307061e-01,0.000000000000000000e+00,0.000000000000000000e+00
1.411000000000000000e+03,6.020582699337133192e+01,8.722100000000000364e+01,5.000000000000000000e+01,-4.077576936681070463e-01,6.077111431310488854e+01,-1.575296260654461267e-01,0.000000000000000000e+00,0.000000000000000000e+00
1.412000000000000000e+03,5.985694013997018459e+01,8.715600000000000591e+01,5.000000000000000000e+01,-5.776567326964726634e-01,6.076763377800142507e+01,-3.330369053347627673e-01,0.000000000000000000e+00,0.000000000000000000e+00
1.413000000000000000e+03,6.021868666315825891e+01,8.718800000000000239e+01,5.000000000000000000e+01,-4.077576936681070463e-01,6.076517692969309792e+01,-1.387325728667274105e-01,0.000000000000000000e+00,0.000000000000000000e+00
1.414000000000000000e+03,6.004802387632395977e+01,8.718800000000000239e+01,5.000000000000000000e+01,-4.914002974974499560e-01,6.076221611250100807e+01,-2.227919386795981227e-01,0.000000000000000000e+00,0.000000000000000000e+00
1.415000000000000000e+03,6.005359978484704442e+01,8.712399999999999523e+01,5.000000000000000000e+01,-4.914002974974499560e-01,6.075925529530891822e+01,-2.142552129644277603e-01,0.000000000000000000e+00,0.000000000000000000e+00
1.416000000000000000e+03,6.040589210914251339e+01,8.712399999999999523e+01,5.000000000000000000e+01,-3.241150898387269996e-01,6.075730241588434666e+01,-2.729521690310623971e-02,0.000000000000000000e+00,0.000000000000000000e+00
1.417000000000000000e+03,6.040498510140171362e+01,8.715600000000000591e+01,5.000000000000000000e+01,-3.241150898387269996e-01,6.075534953645977509e+01,-2.624934521933316306e-02,0.000000000000000000e+00,0.000000000000000000e+00
1.418000000000000000e+03,6.023051626008277282e+01,8.709199999999999875e+01,5.000000000000000000e+01,-4.077576936681070463e-01,6.075289268815144794e+01,-1.146187344005657610e-01,0.000000000000000000e+00,0.000000000000000000e+00
1.419000000000000000e+03,6.057949477918200643e+01,8.715600000000000591e+01,5.000000000000000000e+01,-2.404724860093840899e-01,6.075144377761063907e+01,6.852348758075027524e-02,0.000000000000000000e+00,0.000000000000000000e+00
1.420000000000000000e+03,6.022837673425448202e+01,8.718800000000000239e+01,5.000000000000000000e+01,-4.077576936681070463e-01,6.074898692930231192e+01,-1.128525013797213733e-01,0.000000000000000000e+00,0.000000000000000000e+00
1.421000000000000000e+03,6.005672229990778277e+01,8.728499999999999659e+01,5.000000000000000000e+01,-4.914002974974499560e-01,6.074602611211022207e+01,-1.979035147049884036e-01,0.000000000000000000e+00,0.000000000000000000e+00
1.422000000000000000e+03,5.953535672630264486e+01,8.718800000000000239e+01,5.000000000000000000e+01,-7.449419403551584828e-01,6.074153763923924032e+01,-4.612389725814307062e-01,0.000000000000000000e+00,0.000000000000000000e+00
1.423000000000000000e+03,6.007452939324227970e+01,8.712399999999999523e+01,5.000000000000000000e+01,-4.914002974974499560e-01,6.073857682204715047e+01,-1.726471313074207092e-01,0.000000000000000000e+00,0.000000000000000000e+00
1.424000000000000000e+03,6.042522741936544861e+01,8.725300000000000011e+01,5.000000000000000000e+01,-3.241150898387269996e-01,6.073662394262257891e+01,1.271856658159981057e-02,0.000000000000000000e+00,0.000000000000000000e+00
1.425000000000000000e+03,5.972327761174083349e+01,8.722100000000000364e+01,5.000000000000000000e+01,-6.612993365258155176e-01,6.073263943863535275e+01,-3.480624903687060123e-01,0.000000000000000000e+00,0.000000000000000000e+00
1.426000000000000000e+03,5.990615158801411866e+01,8.725300000000000011e+01,5.000000000000000000e+01,-5.776567326964726634e-01,6.072915890353188928e+01,-2.453505828212969586e-01,0.000000000000000000e+00,0.000000000000000000e+00
1.427000000000000000e+03,5.973855040002236194e+01,8.728499999999999659e+01,5.000000000000000000e+01,-6.612993365258155176e-01,6.072517439954466312e+01,-3.253246629964839931e-01,0.000000000000000000e+00,0.000000000000000000e+00
1.428000000000000000e+03,5.957350961248994281e+01,8.725300000000000011e+01,5.000000000000000000e+01,-7.449419403551584828e-01,6.072068592667368137e+01,-4.022343738285753534e-01,0.000000000000000000e+00,0.000000000000000000e+00
1.429000000000000000e+03,5.975795532564024626e+01,8.725300000000000011e+01,5.000000000000000000e+01,-6.612993365258155176e-01,6.071670142268645520e+01,-2.974467605203930942e-01,0.000000000000000000e+00,0.000000000000000000e+00
1.430000000000000000e+03,5.976536809852254351e+01,8.728499999999999659e+01,5.000000000000000000e+01,-6.612993365258155176e-01,6.071271691869922904e+01,-2.860494836508728489e-01,0.000000000000000000e+00,0.000000000000000000e+00
1.431000000000000000e+03,5.959882240270898990e+01,8.728499999999999659e+01,5.000000000000000000e+01,-7.449419403551584828e-01,6.070822844582824729e+01,-3.644641027640927455e-01,0.000000000000000000e+00,0.000000000000000000e+00
1.432000000000000000e+03,5.960829911231616762e+01,8.728499999999999659e+01,5.000000000000000000e+01,-7.449419403551584828e-01,6.070373997295726554e+01,-3.504989202859367659e-01,0.000000000000000000e+00,0.000000000000000000e+00
1.433000000000000000e+03,5.961724071758749943e+01,8.725300000000000011e+01,5.000000000000000000e+01,-7.449419403551584828e-01,6.069925150008628378e+01,-3.370688421436238147e-01,0.000000000000000000e+00,0.000000000000000000e+00
1.434000000000000000e+03,5.979918948101253307e+01,8.718800000000000239e+01,5.000000000000000000e+01,-6.612993365258155176e-01,6.069526699609905762e+01,-2.347781785607083171e-01,0.000000000000000000e+00,0.000000000000000000e+00
1.435000000000000000e+03,6.015666705259546632e+01,8.722100000000000364e+01,5.000000000000000000e+01,-4.914002974974499560e-01,6.069230617890696777e+01,-4.423882881405530321e-02,0.000000000000000000e+00,0.000000000000000000e+00
1.436000000000000000e+03,5.997645702215223906e+01,8.715600000000000591e+01,5.000000000000000000e+01,-5.776567326964726634e-01,6.068882564380350431e+01,-1.347118889547922471e-01,0.000000000000000000e+00,0.000000000000000000e+00
1.437000000000000000e+03,6.033060431945571622e+01,8.709199999999999875e+01,5.000000000000000000e+01,-4.077576936681070463e-01,6.068636879549517715e+01,5.199321762865094509e-02,0.000000000000000000e+00,0.000000000000000000e+00
1.438000000000000000e+03,6.067319876315360716e+01,8.715600000000000591e+01,5.000000000000000000e+01,-2.404724860093840899e-01,6.068491988495436829e+01,2.287513642086212717e-01,0.000000000000000000e+00,0.000000000000000000e+00
1.439000000000000000e+03,6.031594126164249303e+01,8.706000000000000227e+01,5.000000000000000000e+01,-4.077576936681070463e-01,6.068246303664604113e+01,4.123591866456388644e-02,0.000000000000000000e+00,0.000000000000000000e+00
1.440000000000000000e+03,6.083246965198271283e+01,8.706000000000000227e+01,5.000000000000000000e+01,-1.568298821800411802e-01,6.068151809498899496e+01,3.077814391737618838e-01,0.000000000000000000e+00,0.000000000000000000e+00
1.441000000000000000e+03,6.081973143924944480e+01,8.712399999999999523e+01,5.000000000000000000e+01,-1.568298821800411802e-01,6.068057315333194879e+01,2.959881680975341989e-01,0.000000000000000000e+00,0.000000000000000000e+00
1.442000000000000000e+03,6.046040159189477237e+01,8.709199999999999875e+01,5.000000000000000000e+01,-3.241150898387269996e-01,6.067862027390737722e+01,1.058964078261250275e-01,0.000000000000000000e+00,0.000000000000000000e+00
1.443000000000000000e+03,6.062791283536385123e+01,8.696299999999999386e+01,5.000000000000000000e+01,-2.404724860093840899e-01,6.067717136336656836e+01,1.912139580066662958e-01,0.000000000000000000e+00,0.000000000000000000e+00
1.444000000000000000e+03,6.131864676407028014e+01,8.699500000000000455e+01,5.000000000000000000e+01,9.671176067770444196e-02,6.067775407738841409e+01,5.441809260041581275e-01,0.000000000000000000e+00,0.000000000000000000e+00
1.445000000000000000e+03,6.112485632157066817e+01,8.696299999999999386e+01,5.000000000000000000e+01,1.306915684832438314e-02,6.067783282252650423e+01,4.339543421958422798e-01,0.000000000000000000e+00,0.000000000000000000e+00
1.446000000000000000e+03,6.128182898342268459e+01,8.696299999999999386e+01,5.000000000000000000e+01,9.671176067770444196e-02,6.067841553654834996e+01,5.067016861966244790e-01,0.000000000000000000e+00,0.000000000000000000e+00
1.447000000000000000e+03,6.126299639301245747e+01,8.696299999999999386e+01,5.000000000000000000e+01,9.671176067770444196e-02,6.067899825057019569e+01,4.872863817645570195e-01,0.000000000000000000e+00,0.000000000000000000e+00
1.448000000000000000e+03,6.124490773943225008e+01,8.699500000000000455e+01,5.000000000000000000e+01,9.671176067770444196e-02,6.067958096459204143e+01,4.686150141624996213e-01,0.000000000000000000e+00,0.000000000000000000e+00
1.449000000000000000e+03,6.105401275835118469e+01,8.696299999999999386e+01,5.000000000000000000e+01,1.306915684832438314e-02,6.067965970973013157e+01,3.612838917727259069e-01,0.000000000000000000e+00,0.000000000000000000e+00
1.450000000000000000e+03,6.121376993613557715e+01,8.696299999999999386e+01,5.000000000000000000e+01,9.671176067770444196e-02,6.068024242375197730e+01,4.368157517058919859e-01,0.000000000000000000e+00,0.000000000000000000e+00
1.451000000000000000e+03,6.119761516727325557e+01,8.696299999999999386e+01,5.000000000000000000e+01,9.671176067770444196e-02,6.068082513777382303e+01,4.200782688217294947e-01,0.000000000000000000e+00,0.000000000000000000e+00
1.452000000000000000e+03,6.118210172906855604e+01,8.696299999999999386e+01,5.000000000000000000e+01,9.671176067770444196e-02,6.068140785179566876e+01,4.039821165951808513e-01,0.000000000000000000e+00,0.000000000000000000e+00
1.453000000000000000e+03,6.116720504763450350e+01,8.696299999999999386e+01,5.000000000000000000e+01,9.671176067770444196e-02,6.068199056581751449e+01,3.885027211392857449e-01,0.000000000000000000e+00,0.000000000000000000e+00
1.454000000000000000e+03,6.115290149068255232e+01,8.699500000000000455e+01,5.000000000000000000e+01,9.671176067770444196e-02,6.068257327983936023e+01,3.736164501654827275e-01,0.000000000000000000e+00,0.000000000000000000e+00
1.455000000000000000e+03,6.096564657256329411e+01,8.696299999999999386e+01,5.000000000000000000e+01,1.306915684832438314e-02,6.068265202497745037e+01,2.699253907375196437e-01,0.000000000000000000e+00,0.000000000000000000e+00
1.456000000000000000e+03,6.112890433690260750e+01,8.702700000000000102e+01,5.000000000000000000e+01,9.671176067770444196e-02,6.068323473899929610e+01,3.489578372256070815e-01,0.000000000000000000e+00,0.000000000000000000e+00
1.457000000000000000e+03,6.076907250475031930e+01,8.699500000000000455e+01,5.000000000000000000e+01,-7.057344698101852831e-02,6.068280951525362354e+01,1.568364364777135589e-01,0.000000000000000000e+00,0.000000000000000000e+00
1.458000000000000000e+03,6.093615953321976519e+01,8.696299999999999386e+01,5.000000000000000000e+01,1.306915684832438314e-02,6.068288826039171369e+01,2.402021159797249894e-01,0.000000000000000000e+00,0.000000000000000000e+00
1.459000000000000000e+03,6.110055620521196573e+01,8.696299999999999386e+01,5.000000000000000000e+01,9.671176067770444196e-02,6.068347097441355942e+01,3.203734701207003877e-01,0.000000000000000000e+00,0.000000000000000000e+00
1.460000000000000000e+03,6.108886315891211183e+01,8.696299999999999386e+01,5.000000000000000000e+01,9.671176067770444196e-02,6.068405368843540515e+01,3.080977097989998637e-01,0.000000000000000000e+00,0.000000000000000000e+00
1.461000000000000000e+03,6.107764048330624718e+01,8.699500000000000455e+01,5.000000000000000000e+01,9.671176067770444196e-02,6.068463640245725088e+01,2.962923201712867605e-01,0.000000000000000000e+00,0.000000000000000000e+00
1.462000000000000000e+03,6.089334839630573271e+01,8.696299999999999386e+01,5.000000000000000000e+01,1.306915684832438314e-02,6.068471514759534102e+01,1.955640918620650259e-01,0.000000000000000000e+00,0.000000000000000000e+00
1.463000000000000000e+03,6.105945546487070885e+01,8.696299999999999386e+01,5.000000000000000000e+01,9.671176067770444196e-02,6.068529786161718675e+01,2.774458425758160596e-01,0.000000000000000000e+00,0.000000000000000000e+00
1.464000000000000000e+03,6.104940727782440746e+01,8.696299999999999386e+01,5.000000000000000000e+01,9.671176067770444196e-02,6.068588057563903249e+01,2.668149415076663811e-01,0.000000000000000000e+00,0.000000000000000000e+00
1.465000000000000000e+03,6.103976643534838331e+01,8.696299999999999386e+01,5.000000000000000000e+01,9.671176067770444196e-02,6.068646328966087822e+01,2.565913850097994997e-01,0.000000000000000000e+00,0.000000000000000000e+00
1.466000000000000000e+03,6.103051732920794592e+01,8.696299999999999386e+01,5.000000000000000000e+01,9.671176067770444196e-02,6.068704600368272395e+01,2.467595648475158499e-01,0.000000000000000000e+00,0.000000000000000000e+00
1.467000000000000000e+03,6.102164494922961069e+01,8.696299999999999386e+01,5.000000000000000000e+01,9.671176067770444196e-02,6.068762871770456968e+01,2.373044708473354136e-01,0.000000000000000000e+00,0.000000000000000000e+00
1.468000000000000000e+03,6.101313486038518619e+01,8.696299999999999386e+01,5.000000000000000000e+01,9.671176067770444196e-02,6.068821143172641541e+01,2.282116679810670123e-01,0.000000000000000000e+00,0.000000000000000000e+00
1.469000000000000000e+03,6.100497318075391462e+01,8.696299999999999386e+01,5.000000000000000000e+01,9.671176067770444196e-02,6.068879414574826114e+01,2.194672743279482974e-01,0.000000000000000000e+00,0.000000000000000000e+00
1.470000000000000000e+03,6.099714656032902127e+01,8.696299999999999386e+01,5.000000000000000000e+01,9.671176067770444196e-02,6.068937685977010688e+01,2.110579398812109375e-01,0.000000000000000000e+00,0.000000000000000000e+00
1.471000000000000000e+03,6.098964216063637167e+01,8.696299999999999386e+01,5.000000000000000000e+01,9.671176067770444196e-02,6.068995957379195261e+01,2.029708261667154678e-01,0.000000000000000000e+00,0.000000000000000000e+00
1.472000000000000000e+03,6.098244763513404365e+01,8.696299999999999386e+01,5.000000000000000000e+01,9.671176067770444196e-02,6.069054228781379834e+01,1.951935866425394406e-01,0.000000000000000000e+00,0.000000000000000000e+00
1.473000000000000000e+03,6.097555111036294306e+01,8.696299999999999386e+01,5.000000000000000000e+01,9.671176067770444196e-02,6.069112500183564407e+01,1.877143478495952311e-01,0.000000000000000000e+00,0.000000000000000000e+00
1.474000000000000000e+03,6.096894116781969331e+01,8.696299999999999386e+01,5.000000000000000000e+01,9.671176067770444196e-02,6.069170771585748980e+01,1.805216912845001576e-01,0.000000000000000000e+00,0.000000000000000000e+00
1.475000000000000000e+03,6.096260682652406615e+01,8.696299999999999386e+01,5.000000000000000000e+01,9.671176067770444196e-02,6.069229042987933553e+01,1.736046359670244399e-01,0.000000000000000000e+00,0.000000000000000000e+00
1.476000000000000000e+03,6.095653752625439381e+01,8.696299999999999386e+01,5.000000000000000000e+01,9.671176067770444196e-02,6.069287314390118127e+01,1.669526216755028714e-01,0.000000000000000000e+00,0.000000000000000000e+00
1.477000000000000000e+03,6.095072311142534716e+01,8.696299999999999386e+01,5.000000000000000000e+01,9.671176067770444196e-02,6.069345585792302700e+01,1.605554928246155644e-01,0.000000000000000000e+00,0.000000000000000000e+00
1.478000000000000000e+03,6.094515381558350242e+01,8.696299999999999386e+01,5.000000000000000000e+01,9.671176067770444196e-02,6.069403857194487273e+01,1.544034829609244874e-01,0.000000000000000000e+00,0.000000000000000000e+00
1.479000000000000000e+03,6.093982024649692164e+01,8.702700000000000102e+01,5.000000000000000000e+01,9.671176067770444196e-02,6.069462128596671846e+01,1.484871998524948666e-01,0.000000000000000000e+00,0.000000000000000000e+00
1.480000000000000000e+03,6.058766985405623728e+01,8.696299999999999386e+01,5.000000000000000000e+01,-7.057344698101852831e-02,6.069419606222104591e+01,-3.595276118379048258e-02,0.000000000000000000e+00,0.000000000000000000e+00
1.481000000000000000e+03,6.093566575115045936e+01,8.702700000000000102e+01,5.000000000000000000e+01,9.671176067770444196e-02,6.069477877624289164e+01,1.441752142298599326e-01,0.000000000000000000e+00,0.000000000000000000e+00
1.482000000000000000e+03,6.058368058119837940e+01,8.702700000000000102e+01,5.000000000000000000e+01,-7.057344698101852831e-02,6.069435355249721908e+01,-4.009952431782751181e-02,0.000000000000000000e+00,0.000000000000000000e+00
1.483000000000000000e+03,6.058479185218603646e+01,8.696299999999999386e+01,5.000000000000000000e+01,-7.057344698101852831e-02,6.069392832875154653e+01,-3.856302958449520091e-02,0.000000000000000000e+00,0.000000000000000000e+00
1.484000000000000000e+03,6.093288776701658804e+01,8.709199999999999875e+01,5.000000000000000000e+01,9.671176067770444196e-02,6.069451104277339226e+01,1.416649635654874118e-01,0.000000000000000000e+00,0.000000000000000000e+00
1.485000000000000000e+03,6.022853270969327610e+01,8.696299999999999386e+01,5.000000000000000000e+01,-2.404724860093840899e-01,6.069306213223258339e+01,-2.240569365299286686e-01,0.000000000000000000e+00,0.000000000000000000e+00
1.486000000000000000e+03,6.093517858631469863e+01,8.702700000000000102e+01,5.000000000000000000e+01,9.671176067770444196e-02,6.069364484625442913e+01,1.448219793825663015e-01,0.000000000000000000e+00,0.000000000000000000e+00
1.487000000000000000e+03,6.058316863424194310e+01,8.699500000000000455e+01,5.000000000000000000e+01,-7.057344698101852831e-02,6.069321962250875657e+01,-3.947754128580069355e-02,0.000000000000000000e+00,0.000000000000000000e+00
1.488000000000000000e+03,6.075777783156611633e+01,8.699500000000000455e+01,5.000000000000000000e+01,1.306915684832438314e-02,6.069329836764684671e+01,5.141030707094335073e-02,0.000000000000000000e+00,0.000000000000000000e+00
1.489000000000000000e+03,6.075588668635270295e+01,8.696299999999999386e+01,5.000000000000000000e+01,1.306915684832438314e-02,6.069337711278493686e+01,4.944041671944152810e-02,0.000000000000000000e+00,0.000000000000000000e+00
1.490000000000000000e+03,6.092759278036976411e+01,8.699500000000000455e+01,5.000000000000000000e+01,9.671176067770444196e-02,6.069395982680678259e+01,1.369211928852721583e-01,0.000000000000000000e+00,0.000000000000000000e+00
1.491000000000000000e+03,6.074940732186137637e+01,8.699500000000000455e+01,5.000000000000000000e+01,1.306915684832438314e-02,6.069403857194487273e+01,4.229959306818262266e-02,0.000000000000000000e+00,0.000000000000000000e+00
1.492000000000000000e+03,6.074786527216269860e+01,8.696299999999999386e+01,5.000000000000000000e+01,1.306915684832438314e-02,6.069411731708296287e+01,4.067879823141026807e-02,0.000000000000000000e+00,0.000000000000000000e+00
1.493000000000000000e+03,6.091990708539067612e+01,8.696299999999999386e+01,5.000000000000000000e+01,9.671176067770444196e-02,6.069470003110480860e+01,1.284952936081628638e-01,0.000000000000000000e+00,0.000000000000000000e+00
1.494000000000000000e+03,6.091556624120963903e+01,8.696299999999999386e+01,5.000000000000000000e+01,9.671176067770444196e-02,6.069528274512665433e+01,1.235717354052752598e-01,0.000000000000000000e+00,0.000000000000000000e+00
1.495000000000000000e+03,6.091141405316296442e+01,8.696299999999999386e+01,5.000000000000000000e+01,9.671176067770444196e-02,6.069586545914850007e+01,1.188368333367605112e-01,0.000000000000000000e+00,0.000000000000000000e+00
1.496000000000000000e+03,6.090744329250764366e+01,8.696299999999999386e+01,5.000000000000000000e+01,9.671176067770444196e-02,6.069644817317034580e+01,1.142833586595897177e-01,0.000000000000000000e+00,0.000000000000000000e+00
1.497000000000000000e+03,6.090364700748460791e+01,8.696299999999999386e+01,5.000000000000000000e+01,9.671176067770444196e-02,6.069703088719219153e+01,1.099043596147077778e-01,0.000000000000000000e+00,0.000000000000000000e+00
1.498000000000000000e+03,6.090001851270557154e+01,8.696299999999999386e+01,5.000000000000000000e+01,9.671176067770444196e-02,6.069761360121403726e+01,1.056931508138297254e-01,0.000000000000000000e+00,0.000000000000000000e+00
1.499000000000000000e+03,6.089655137894649073e+01,8.696299999999999386e+01,5.000000000000000000e+01,9.671176067770444196e-02,6.069819631523588299e+01,1.016433030329036008e-01,0.000000000000000000e+00,0.000000000000000000e+00
1.500000000000000000e+03,5.097060871877854993e+01,8.696299999999999386e+01,6.000000000000000000e+01,9.671176067770444196e-02,6.069877902925772872e+01,9.774863339665747219e-02,-9.922630704553540681e+00,0.000000000000000000e+00
1.501000000000000000e+03,5.095322848546970818e+01,8.696299999999999386e+01,6.000000000000000000e+01,9.671176067770444196e-02,6.069936174327957445e+01,9.400319593924547079e-02,-9.936848214426817094e+00,0.000000000000000000e+00
1.502000000000000000e+03,5.093619453380527773e+01,8.696299999999999386e+01,6.000000000000000000e+01,9.671176067770444196e-02,6.069994445730142019e+01,9.040127252658188006e-02,-9.950862956700436968e+00,0.000000000000000000e+00
1.503000000000000000e+03,5.091949712383815552e+01,8.696299999999999386e+01,6.000000000000000000e+01,9.671176067770444196e-02,6.070052717132326592e+01,8.693736412650444889e-02,-9.964679172289326203e+00,0.000000000000000000e+00
1.504000000000000000e+03,5.090312683213334566e+01,8.696299999999999386e+01,6.000000000000000000e+01,9.671176067770444196e-02,6.070110988534511165e+01,8.360618241343907575e-02,-9.978300996302914783e+00,0.000000000000000000e+00
1.505000000000000000e+03,5.088707454090665294e+01,8.696299999999999386e+01,6.000000000000000000e+01,9.671176067770444196e-02,6.070169259936695738e+01,8.040264169474885259e-02,-9.991732460832755791e+00,0.000000000000000000e+00
1.506000000000000000e+03,5.087133142754732518e+01,8.696299999999999386e+01,6.000000000000000000e+01,9.671176067770444196e-02,6.070227531338880311e+01,7.732185114644143931e-02,-1.000497749766562983e+01,0.000000000000000000e+00
1.507000000000000000e+03,5.085588895451061120e+01,8.696299999999999386e+01,6.000000000000000000e+01,9.671176067770444196e-02,6.070285802741064884e+01,7.435910734638111197e-02,-1.001803994092412431e+01,0.000000000000000000e+00
1.508000000000000000e+03,5.084073885956715344e+01,8.696299999999999386e+01,6.000000000000000000e+01,9.671176067770444196e-02,6.070344074143249458e+01,7.150988709360589501e-02,-1.003092352963665057e+01,0.000000000000000000e+00
1.509000000000000000e+03,5.082587314639605580e+01,8.696299999999999386e+01,6.000000000000000000e+01,9.671176067770444196e-02,6.070402345545434031e+01,6.876984050278722727e-02,-1.004363191023877810e+01,0.000000000000000000e+00
1.510000000000000000e+03,5.081128407550944814e+01,8.696299999999999386e+01,6.000000000000000000e+01,9.671176067770444196e-02,6.070460616947618604e+01,6.613478436328935894e-02,-1.005616863900773339e+01,0.000000000000000000e+00
1.511000000000000000e+03,5.079696415549657473e+01,8.696299999999999386e+01,6.000000000000000000e+01,9.671176067770444196e-02,6.070518888349803177e+01,6.360069575268992303e-02,-1.006853718443185386e+01,0.000000000000000000e+00
1.512000000000000000e+03,5.078290613457585323e+01,8.696299999999999386e+01,6.000000000000000000e+01,9.671176067770444196e-02,6.070577159751987750e+01,6.116370589501141097e-02,-1.008074092951674672e+01,0.000000000000000000e+00
1.513000000000000000e+03,5.076910299244386238e+01,8.696299999999999386e+01,6.000000000000000000e+01,9.671176067770444196e-02,6.070635431154172323e+01,5.882009425428701838e-02,-1.009278317402985081e+01,0.000000000000000000e+00
1.514000000000000000e+03,5.075554793241067131e+01,8.699500000000000455e+01,6.000000000000000000e+01,9.671176067770444196e-02,6.070693702556356897e+01,5.656628285444350451e-02,-1.010466713668504291e+01,0.000000000000000000e+00
1.515000000000000000e+03,5.056871261493106573e+01,8.696299999999999386e+01,6.000000000000000000e+01,1.306915684832438314e-02,6.070701577070165911e+01,-3.497635535000491458e-02,-1.011639595726891372e+01,0.000000000000000000e+00
1.516000000000000000e+03,5.073207656761479001e+01,8.696299999999999386e+01,6.000000000000000000e+01,9.671176067770444196e-02,6.070759848472350484e+01,5.573902092383630630e-02,-1.012797269871025740e+01,0.000000000000000000e+00
1.517000000000000000e+03,5.071909587743633807e+01,8.696299999999999386e+01,6.000000000000000000e+01,9.671176067770444196e-02,6.070818119874535057e+01,5.360326710761214447e-02,-1.013940034909433230e+01,0.000000000000000000e+00
1.518000000000000000e+03,5.070634319885906649e+01,8.702700000000000102e+01,6.000000000000000000e+01,9.671176067770444196e-02,6.070876391276719630e+01,5.154934903747596803e-02,-1.015068182362331761e+01,0.000000000000000000e+00
1.519000000000000000e+03,5.034676903419297389e+01,8.696299999999999386e+01,6.000000000000000000e+01,-7.057344698101852831e-02,6.070833868902152375e+01,-1.291762413230552187e-01,-1.016181996652447772e+01,0.000000000000000000e+00
1.520000000000000000e+03,5.068733939192215132e+01,8.699500000000000455e+01,6.000000000000000000e+01,9.671176067770444196e-02,6.070892140304336948e+01,5.452378110844993686e-02,-1.017281755290737344e+01,0.000000000000000000e+00
1.521000000000000000e+03,5.050145141996583220e+01,8.696299999999999386e+01,6.000000000000000000e+01,1.306915684832438314e-02,6.070900014818145962e+01,-3.694059449241578197e-02,-1.018367729057153426e+01,0.000000000000000000e+00
1.522000000000000000e+03,5.066574284670948458e+01,8.706000000000000227e+01,6.000000000000000000e+01,9.671176067770444196e-02,6.070958286220330535e+01,5.385004559436742250e-02,-1.019440182176589360e+01,0.000000000000000000e+00
1.523000000000000000e+03,5.012768245210197904e+01,8.702700000000000102e+01,6.000000000000000000e+01,-1.568298821800411802e-01,6.070863792054625918e+01,-2.191318613629493206e-01,-1.020499372490128920e+01,0.000000000000000000e+00
1.524000000000000000e+03,5.030361651539148227e+01,8.702700000000000102e+01,6.000000000000000000e+01,-7.057344698101852831e-02,6.070821269680058663e+01,-1.185672182108110373e-01,-1.021545551621727732e+01,0.000000000000000000e+00
1.525000000000000000e+03,5.029740030028448672e+01,8.712399999999999523e+01,6.000000000000000000e+01,-7.057344698101852831e-02,6.070778747305491407e+01,-1.140240743848933563e-01,-1.022578965140451679e+01,0.000000000000000000e+00
1.526000000000000000e+03,4.976514743319592782e+01,8.712399999999999523e+01,6.000000000000000000e+01,-3.241150898387269996e-01,6.070583459363034251e+01,-3.805735434118218130e-01,-1.023599852718386671e+01,0.000000000000000000e+00
1.527000000000000000e+03,4.976769104653348563e+01,8.696299999999999386e+01,6.000000000000000000e+01,-3.241150898387269996e-01,6.070388171420577095e+01,-3.659910949901603594e-01,-1.024608448284339879e+01,0.000000000000000000e+00
1.528000000000000000e+03,5.064282788986972150e+01,8.699500000000000455e+01,6.000000000000000000e+01,9.671176067770444196e-02,6.070446442822761668e+01,9.770150269884242400e-02,-1.025604980173443970e+01,0.000000000000000000e+00
1.529000000000000000e+03,5.045629830246934233e+01,8.699500000000000455e+01,6.000000000000000000e+01,1.306915684832438314e-02,6.070454317336570682e+01,4.582684983025428482e-03,-1.026589671272771831e+01,0.000000000000000000e+00
1.530000000000000000e+03,5.044647077381990385e+01,8.702700000000000102e+01,6.000000000000000000e+01,1.306915684832438314e-02,6.070462191850379696e+01,4.407090098529274809e-03,-1.027562739163074745e+01,0.000000000000000000e+00
1.531000000000000000e+03,5.026324232253165292e+01,8.696299999999999386e+01,6.000000000000000000e+01,-7.057344698101852831e-02,6.070419669475812441e+01,-8.513696267805438700e-02,-1.028524396256740303e+01,0.000000000000000000e+00
1.532000000000000000e+03,5.060361827546667257e+01,8.706000000000000227e+01,6.000000000000000000e+01,9.671176067770444196e-02,6.070477940877997014e+01,9.687560532976538519e-02,-1.029474849932076808e+01,0.000000000000000000e+00
1.533000000000000000e+03,5.006510664495074536e+01,8.709199999999999875e+01,6.000000000000000000e+01,-1.568298821800411802e-01,6.070383446712292397e+01,-1.777549133519234492e-01,-1.030414302664021520e+01,0.000000000000000000e+00
1.534000000000000000e+03,4.988816449014083076e+01,8.702700000000000102e+01,6.000000000000000000e+01,-2.404724860093840899e-01,6.070238555658211510e+01,-2.603190589182251546e-01,-1.031342952151367420e+01,0.000000000000000000e+00
1.535000000000000000e+03,5.023997591299305299e+01,8.712399999999999523e+01,6.000000000000000000e+01,-7.057344698101852831e-02,6.070196033283644255e+01,-6.880105845634287842e-02,-1.032260991440602815e+01,0.000000000000000000e+00
1.536000000000000000e+03,4.970712293390295855e+01,8.706000000000000227e+01,6.000000000000000000e+01,-3.241150898387269996e-01,6.070000745341187098e+01,-3.370833392056470368e-01,-1.033168609046453845e+01,0.000000000000000000e+00
1.537000000000000000e+03,5.005615580491104311e+01,8.706000000000000227e+01,6.000000000000000000e+01,-1.568298821800411802e-01,6.069906251175482481e+01,-1.454169339715559728e-01,-1.034065989069218539e+01,0.000000000000000000e+00
1.538000000000000000e+03,5.005190958608480400e+01,8.709199999999999875e+01,6.000000000000000000e+01,-1.568298821800411802e-01,6.069811757009777864e+01,-1.398449887431360561e-01,-1.034953311308979984e+01,0.000000000000000000e+00
1.539000000000000000e+03,4.987402692969788376e+01,8.696299999999999386e+01,6.000000000000000000e+01,-2.404724860093840899e-01,6.069666865955696977e+01,-2.238617300819150113e-01,-1.035830751376778913e+01,0.000000000000000000e+00
1.540000000000000000e+03,5.057198803232719797e+01,8.699500000000000455e+01,6.000000000000000000e+01,9.671176067770444196e-02,6.069725137357881550e+01,1.450097060989774533e-01,-1.036698480802830069e+01,0.000000000000000000e+00
1.541000000000000000e+03,5.038491078261353806e+01,8.696299999999999386e+01,6.000000000000000000e+01,1.306915684832438314e-02,6.069733011871690564e+01,5.007817846691328678e-02,-1.037556667141860522e+01,0.000000000000000000e+00
1.542000000000000000e+03,5.054810437015580504e+01,8.696299999999999386e+01,6.000000000000000000e+01,9.671176067770444196e-02,6.069791283273875138e+01,1.375345174958256811e-01,-1.038405474075647561e+01,0.000000000000000000e+00
1.543000000000000000e+03,5.053502129537720577e+01,8.696299999999999386e+01,6.000000000000000000e+01,9.671176067770444196e-02,6.069849554676059711e+01,1.322646030671952300e-01,-1.039245061512829160e+01,0.000000000000000000e+00
1.544000000000000000e+03,5.052223078071483542e+01,8.696299999999999386e+01,6.000000000000000000e+01,9.671176067770444196e-02,6.069907826078244284e+01,1.271966161153229857e-01,-1.040075585686063775e+01,0.000000000000000000e+00
1.545000000000000000e+03,5.050972356239466876e+01,8.696299999999999386e+01,6.000000000000000000e+01,9.671176067770444196e-02,6.069966097480428857e+01,1.223228193787368190e-01,-1.040897199246606419e+01,0.000000000000000000e+00
1.546000000000000000e+03,5.049749070800496042e+01,8.696299999999999386e+01,6.000000000000000000e+01,9.671176067770444196e-02,6.070024368882613430e+01,1.176357720648555927e-01,-1.041710051356373690e+01,0.000000000000000000e+00
1.547000000000000000e+03,5.048552360424023533e+01,8.696299999999999386e+01,6.000000000000000000e+01,9.671176067770444196e-02,6.070082640284798003e+01,1.131283184901812899e-01,-1.042514287777563275e+01,0.000000000000000000e+00
1.548000000000000000e+03,5.047381394510436792e+01,8.696299999999999386e+01,6.000000000000000000e+01,9.671176067770444196e-02,6.070140911686982577e+01,1.087935771557653614e-01,-1.043310050959892799e+01,0.000000000000000000e+00
1.549000000000000000e+03,5.046235372055542001e+01,8.696299999999999386e+01,6.000000000000000000e+01,9.671176067770444196e-02,6.070199183089167150e+01,1.046249302412706889e-01,-1.044097480125523170e+01,0.000000000000000000e+00
1.550000000000000000e+03,5.045113520557553244e+01,8.696299999999999386e+01,6.000000000000000000e+01,9.671176067770444196e-02,6.070257454491351723e+01,1.006160135015899681e-01,-1.044876711351728460e+01,0.000000000000000000e+00
1.551000000000000000e+03,5.044015094964994717e+01,8.696299999999999386e+01,6.000000000000000000e+01,9.671176067770444196e-02,6.070315725893536296e+01,9.676070655059566816e-02,-1.045647877651372148e+01,0.000000000000000000e+00
1.552000000000000000e+03,5.042939376663962747e+01,8.696299999999999386e+01,6.000000000000000000e+01,9.671176067770444196e-02,6.070373997295720869e+01,9.305312351718780794e-02,-1.046411109051247301e+01,0.000000000000000000e+00
1.553000000000000000e+03,5.041885672503273241e+01,8.696299999999999386e+01,6.000000000000000000e+01,9.671176067770444196e-02,6.070432268697905442e+01,8.948760405937429552e-02,-1.047166532668340011e+01,0.000000000000000000e+00
1.554000000000000000e+03,5.040853313856056417e+01,8.696299999999999386e+01,6.000000000000000000e+01,9.671176067770444196e-02,6.070490540100090016e+01,8.605870472266503868e-02,-1.047914272784071166e+01,0.000000000000000000e+00
1.555000000000000000e+03,5.039841655716435298e+01,8.696299999999999386e+01,6.000000000000000000e+01,9.671176067770444196e-02,6.070548811502274589e+01,8.276119062958667283e-02,-1.048654450916568948e+01,0.000000000000000000e+00
1.556000000000000000e+03,5.038850075829966357e+01,8.696299999999999386e+01,6.000000000000000000e+01,9.671176067770444196e-02,6.070607082904459162e+01,7.959002748763047141e-02,-1.049387185891026775e+01,0.000000000000000000e+00
1.557000000000000000e+03,5.037877973856559066e+01,8.699500000000000455e+01,6.000000000000000000e+01,9.671176067770444196e-02,6.070665354306643735e+01,7.654037390343196301e-02,-1.050112593908198910e+01,0.000000000000000000e+00
1.558000000000000000e+03,5.019572594676667876e+01,8.696299999999999386e+01,6.000000000000000000e+01,1.306915684832438314e-02,6.070673228820452749e+01,-1.576761217538578952e-02,-1.050830788611078681e+01,0.000000000000000000e+00
1.559000000000000000e+03,5.036281969348858212e+01,8.696299999999999386e+01,6.000000000000000000e+01,9.671176067770444196e-02,6.070731500222637322e+01,7.421174208263781047e-02,-1.051541881149813484e+01,0.000000000000000000e+00
1.560000000000000000e+03,5.035351784290621424e+01,8.706000000000000227e+01,6.000000000000000000e+01,9.671176067770444196e-02,6.070789771624821896e+01,7.136816842930410187e-02,-1.052245980244901347e+01,0.000000000000000000e+00
1.561000000000000000e+03,4.981840598893283101e+01,8.696299999999999386e+01,6.000000000000000000e+01,-1.568298821800411802e-01,6.070695277459117278e+01,-2.022849809911503316e-01,-1.052943192248714688e+01,0.000000000000000000e+00
1.562000000000000000e+03,5.034429554928679806e+01,8.709199999999999875e+01,6.000000000000000000e+01,9.671176067770444196e-02,6.070753548861301852e+01,7.638451205003132793e-02,-1.053633621205396231e+01,0.000000000000000000e+00
1.563000000000000000e+03,4.963560436803774678e+01,8.706000000000000227e+01,6.000000000000000000e+01,-2.404724860093840899e-01,6.070608657807220965e+01,-2.868360349333614057e-01,-1.054317368909172359e+01,0.000000000000000000e+00
1.564000000000000000e+03,4.981189626122110070e+01,8.706000000000000227e+01,6.000000000000000000e+01,-1.568298821800411802e-01,6.070514163641516348e+01,-1.864701434027855043e-01,-1.054994534961123520e+01,0.000000000000000000e+00
1.565000000000000000e+03,4.981138948327495797e+01,8.706000000000000227e+01,6.000000000000000000e+01,-1.568298821800411802e-01,6.070419669475811730e+01,-1.793251610585754330e-01,-1.055665216824453978e+01,0.000000000000000000e+00
1.566000000000000000e+03,4.981067281891062493e+01,8.706000000000000227e+01,6.000000000000000000e+01,-1.568298821800411802e-01,6.070325175310107113e+01,-1.724539532273650089e-01,-1.056329509878303519e+01,0.000000000000000000e+00
1.567000000000000000e+03,4.980975582488009223e+01,8.706000000000000227e+01,6.000000000000000000e+01,-1.568298821800411802e-01,6.070230681144402496e+01,-1.658460296825368385e-01,-1.056987507470135768e+01,0.000000000000000000e+00
1.568000000000000000e+03,4.980864767578768237e+01,8.712399999999999523e+01,6.000000000000000000e+01,-1.568298821800411802e-01,6.070136186978697879e+01,-1.594913021518164220e-01,-1.057639300966743789e+01,0.000000000000000000e+00
1.569000000000000000e+03,4.946031366123540352e+01,8.706000000000000227e+01,6.000000000000000000e+01,-3.241150898387269996e-01,6.069940899036240722e+01,-3.321304412491639102e-01,-1.058284979803910986e+01,0.000000000000000000e+00
1.570000000000000000e+03,4.981173403481601270e+01,8.706000000000000227e+01,6.000000000000000000e+01,-1.568298821800411802e-01,6.069846404870536105e+01,-1.406538163617062076e-01,-1.058924631534760330e+01,0.000000000000000000e+00
1.571000000000000000e+03,4.980984142643957568e+01,8.696299999999999386e+01,6.000000000000000000e+01,-1.568298821800411802e-01,6.069751910704831488e+01,-1.352643796604141857e-01,-1.059558341876828536e+01,0.000000000000000000e+00
1.572000000000000000e+03,5.033378871706245405e+01,8.712399999999999523e+01,6.000000000000000000e+01,9.671176067770444196e-02,6.069810182107016061e+01,1.408370828935913699e-01,-1.060186194757900147e+01,0.000000000000000000e+00
1.573000000000000000e+03,4.944972284676163099e+01,8.696299999999999386e+01,6.000000000000000000e+01,-3.241150898387269996e-01,6.069614894164558905e+01,-3.142282814388996925e-01,-1.060808272360633353e+01,0.000000000000000000e+00
1.574000000000000000e+03,5.032667778358175781e+01,8.706000000000000227e+01,6.000000000000000000e+01,9.671176067770444196e-02,6.069673165566743478e+01,1.474809188967181606e-01,-1.061424655166010389e+01,0.000000000000000000e+00
1.575000000000000000e+03,4.978951396669883422e+01,8.699500000000000455e+01,6.000000000000000000e+01,-1.568298821800411802e-01,6.069578671401038861e+01,-1.290886451750848096e-01,-1.062035421995642182e+01,0.000000000000000000e+00
1.576000000000000000e+03,5.013992911086693027e+01,8.702700000000000102e+01,6.000000000000000000e+01,1.306915684832438314e-02,6.069586545914847875e+01,5.740099539975232479e-02,-1.062640650052962954e+01,0.000000000000000000e+00
1.577000000000000000e+03,4.995828901227692853e+01,8.696299999999999386e+01,6.000000000000000000e+01,-7.057344698101852831e-02,6.069544023540280619e+01,-3.417362651148415226e-02,-1.063240414963337876e+01,0.000000000000000000e+00
1.578000000000000000e+03,5.030027297971421518e+01,8.699500000000000455e+01,6.000000000000000000e+01,9.671176067770444196e-02,6.069602294942465193e+01,1.458861777430218165e-01,-1.063834790813116626e+01,0.000000000000000000e+00
1.579000000000000000e+03,5.011585341585388420e+01,8.696299999999999386e+01,6.000000000000000000e+01,1.306915684832438314e-02,6.069610169456274207e+01,5.092106631943144057e-02,-1.064423850187661280e+01,0.000000000000000000e+00
1.580000000000000000e+03,5.028166463556655685e+01,8.699500000000000455e+01,6.000000000000000000e+01,9.671176067770444196e-02,6.069668440858458780e+01,1.383451083880128385e-01,-1.065007664208375182e+01,0.000000000000000000e+00
1.581000000000000000e+03,5.009763823323929444e+01,8.696299999999999386e+01,6.000000000000000000e+01,1.306915684832438314e-02,6.069676315372267794e+01,4.366894835586113133e-02,-1.065586302568756594e+01,0.000000000000000000e+00
1.582000000000000000e+03,5.026383016278347782e+01,8.696299999999999386e+01,6.000000000000000000e+01,9.671176067770444196e-02,6.069734586774452367e+01,1.313708700563357423e-01,-1.066159833569509097e+01,0.000000000000000000e+00
1.583000000000000000e+03,5.025369422921711049e+01,8.699500000000000455e+01,6.000000000000000000e+01,9.671176067770444196e-02,6.069792858176636940e+01,1.263371283003243417e-01,-1.066728324152728824e+01,0.000000000000000000e+00
1.584000000000000000e+03,5.007027916281934665e+01,8.702700000000000102e+01,6.000000000000000000e+01,1.306915684832438314e-02,6.069800732690445955e+01,3.212107841851899459e-02,-1.067291839935195341e+01,0.000000000000000000e+00
1.585000000000000000e+03,4.989001931165048376e+01,8.699500000000000455e+01,6.000000000000000000e+01,-7.057344698101852831e-02,6.069758210315878699e+01,-5.848489211937751148e-02,-1.067850445240790691e+01,0.000000000000000000e+00
1.586000000000000000e+03,5.005981923532104361e+01,8.699500000000000455e+01,6.000000000000000000e+01,1.306915684832438314e-02,6.069766084829687713e+01,3.313126149652409480e-02,-1.068404203132067920e+01,0.000000000000000000e+00
1.587000000000000000e+03,5.005313876578203747e+01,8.699500000000000455e+01,6.000000000000000000e+01,1.306915684832438314e-02,6.069773959343496728e+01,3.186176990867917863e-02,-1.068953175440993064e+01,0.000000000000000000e+00
1.588000000000000000e+03,5.004655418890244789e+01,8.696299999999999386e+01,6.000000000000000000e+01,1.306915684832438314e-02,6.069781833857305742e+01,3.064092146989690763e-02,-1.069497422798882624e+01,0.000000000000000000e+00
1.589000000000000000e+03,5.021358480510296829e+01,8.699500000000000455e+01,6.000000000000000000e+01,9.671176067770444196e-02,6.069840105259490315e+01,1.188420384859402990e-01,-1.070037004665558023e+01,0.000000000000000000e+00
1.590000000000000000e+03,5.003074233920001745e+01,8.702700000000000102e+01,6.000000000000000000e+01,1.306915684832438314e-02,6.069847979773299329e+01,2.491317819607066775e-02,-1.070571979357737646e+01,0.000000000000000000e+00
1.591000000000000000e+03,4.985104047923692860e+01,8.699500000000000455e+01,6.000000000000000000e+01,-7.057344698101852831e-02,6.069805457398732074e+01,-6.541660700250866156e-02,-1.071102404076686199e+01,0.000000000000000000e+00
1.592000000000000000e+03,5.002138427597267878e+01,8.702700000000000102e+01,6.000000000000000000e+01,1.306915684832438314e-02,6.069813331912541088e+01,2.646514935038493666e-02,-1.071628334935143911e+01,0.000000000000000000e+00
1.593000000000000000e+03,4.984171227578754326e+01,8.696299999999999386e+01,6.000000000000000000e+01,-7.057344698101852831e-02,6.069770809537973832e+01,-6.392410277568179311e-02,-1.072149826983549659e+01,0.000000000000000000e+00
1.594000000000000000e+03,5.018560887913615431e+01,8.702700000000000102e+01,6.000000000000000000e+01,9.671176067770444196e-02,6.069829080940158406e+01,1.172756514126877259e-01,-1.072666934235582481e+01,0.000000000000000000e+00
1.595000000000000000e+03,4.982952666600326097e+01,8.699500000000000455e+01,6.000000000000000000e+01,-7.057344698101852831e-02,6.069786558565591150e+01,-6.596837574127001336e-02,-1.073179709693036443e+01,0.000000000000000000e+00
1.596000000000000000e+03,5.000006595669358234e+01,8.696299999999999386e+01,6.000000000000000000e+01,1.306915684832438314e-02,6.069794433079400164e+01,2.593452275172491994e-02,-1.073688205370046944e+01,0.000000000000000000e+00
1.597000000000000000e+03,5.016763005732202885e+01,8.699500000000000455e+01,6.000000000000000000e+01,9.671176067770444196e-02,6.069852704481584738e+01,1.143159749953415183e-01,-1.074192472316686597e+01,0.000000000000000000e+00
1.598000000000000000e+03,4.998530988040526069e+01,8.706000000000000227e+01,6.000000000000000000e+01,1.306915684832438314e-02,6.069860578995393752e+01,2.056054002246351931e-02,-1.074692560641946670e+01,0.000000000000000000e+00
1.599000000000000000e+03,4.962717514501868266e+01,8.699500000000000455e+01,6.000000000000000000e+01,-1.568298821800411802e-01,6.069766084829689134e+01,-1.617706257369653233e-01,-1.075188519536120779e+01,0.000000000000000000e+00
1.600000000000000000e+03,4.997997606867125597e+01,8.699500000000000455e+01,6.000000000000000000e+01,1.306915684832438314e-02,6.069773959343498149e+01,2.597129131402625690e-02,-1.075680397292607715e+01,0.000000000000000000e+00
1.601000000000000000e+03,4.997418123065859419e+01,8.709199999999999875e+01,6.000000000000000000e+01,1.306915684832438314e-02,6.069781833857307163e+01,2.497614852865162952e-02,-1.076168241329145481e+01,0.000000000000000000e+00
1.602000000000000000e+03,4.944247656353044817e+01,8.712399999999999523e+01,6.000000000000000000e+01,-2.404724860093840899e-01,6.069636942803226276e+01,-2.468993964074548408e-01,-1.076652098208497499e+01,0.000000000000000000e+00
1.603000000000000000e+03,4.927216719153916813e+01,8.699500000000000455e+01,6.000000000000000000e+01,-3.241150898387269996e-01,6.069441654860769120e+01,-3.268141306437927773e-01,-1.077132013658600229e+01,0.000000000000000000e+00
1.604000000000000000e+03,4.997748626057668275e+01,8.706000000000000227e+01,6.000000000000000000e+01,1.306915684832438314e-02,6.069449529374578134e+01,4.600213590445956235e-02,-1.077608032592188181e+01,0.000000000000000000e+00
1.605000000000000000e+03,4.961861460236574572e+01,8.706000000000000227e+01,6.000000000000000000e+01,-1.568298821800411802e-01,6.069355035208873517e+01,-1.373038762838302285e-01,-1.078080199125911953e+01,0.000000000000000000e+00
1.606000000000000000e+03,4.961824716292027659e+01,8.706000000000000227e+01,6.000000000000000000e+01,-1.568298821800411802e-01,6.069260541043168899e+01,-1.320427993417672419e-01,-1.078548556598960495e+01,0.000000000000000000e+00
1.607000000000000000e+03,4.961771579943236787e+01,8.709199999999999875e+01,6.000000000000000000e+01,-1.568298821800411802e-01,6.069166046877464282e+01,-1.269833112502119499e-01,-1.079013147591202149e+01,0.000000000000000000e+00
1.608000000000000000e+03,4.944350605892624628e+01,8.699500000000000455e+01,6.000000000000000000e+01,-2.404724860093840899e-01,6.069021155823383396e+01,-2.114928738896393878e-01,-1.079474013940856381e+01,0.000000000000000000e+00
1.609000000000000000e+03,4.997157693087618924e+01,8.709199999999999875e+01,6.000000000000000000e+01,1.306915684832438314e-02,6.069029030337192410e+01,6.752943827303331537e-02,-1.079931196761709344e+01,0.000000000000000000e+00
1.610000000000000000e+03,4.943854491981951327e+01,8.712399999999999523e+01,6.000000000000000000e+01,-2.404724860093840899e-01,6.068884139283111523e+01,-2.059766224033593163e-01,-1.080384736459885708e+01,0.000000000000000000e+00
1.611000000000000000e+03,4.926696730020881176e+01,8.702700000000000102e+01,6.000000000000000000e+01,-3.241150898387269996e-01,6.068688851340654367e+01,-2.874593958571272090e-01,-1.080834672750187586e+01,0.000000000000000000e+00
1.612000000000000000e+03,4.979755312387460009e+01,8.699500000000000455e+01,6.000000000000000000e+01,-7.057344698101852831e-02,6.068646328966087111e+01,-5.526272085132621914e-03,-1.081281044672012115e+01,0.000000000000000000e+00
1.613000000000000000e+03,4.996643295002148477e+01,8.696299999999999386e+01,6.000000000000000000e+01,1.306915684832438314e-02,6.068654203479896125e+01,8.406066442279974682e-02,-1.081723890604859939e+01,0.000000000000000000e+00
1.614000000000000000e+03,5.013241892213357431e+01,8.696299999999999386e+01,6.000000000000000000e+01,9.671176067770444196e-02,6.068712474882080699e+01,1.702148954695098249e-01,-1.082163248283445256e+01,0.000000000000000000e+00
1.615000000000000000e+03,5.012212044136735045e+01,8.696299999999999386e+01,6.000000000000000000e+01,9.671176067770444196e-02,6.068770746284265272e+01,1.636927659711472360e-01,-1.082599154812415954e+01,0.000000000000000000e+00
1.616000000000000000e+03,5.011210601584894420e+01,8.696299999999999386e+01,6.000000000000000000e+01,9.671176067770444196e-02,6.068829017686449845e+01,1.574205451137180578e-01,-1.083031646680697690e+01,0.000000000000000000e+00
1.617000000000000000e+03,5.010236571094934277e+01,8.696299999999999386e+01,6.000000000000000000e+01,9.671176067770444196e-02,6.068887289088634418e+01,1.513886571399748193e-01,-1.083460759775468318e+01,0.000000000000000000e+00
1.618000000000000000e+03,5.009288996483540046e+01,8.696299999999999386e+01,6.000000000000000000e+01,9.671176067770444196e-02,6.068945560490818991e+01,1.455878932072613152e-01,-1.083886529395775966e+01,0.000000000000000000e+00
1.619000000000000000e+03,5.008366957427811172e+01,8.696299999999999386e+01,6.000000000000000000e+01,9.671176067770444196e-02,6.069003831893003564e+01,1.400093973284348148e-01,-1.084308990265806472e+01,0.000000000000000000e+00
1.620000000000000000e+03,5.007469568100295021e+01,8.696299999999999386e+01,6.000000000000000000e+01,9.671176067770444196e-02,6.069062103295188138e+01,1.346446528514902152e-01,-1.084728176547813305e+01,0.000000000000000000e+00
1.621000000000000000e+03,5.006595975856151881e+01,8.696299999999999386e+01,6.000000000000000000e+01,9.671176067770444196e-02,6.069120374697372711e+01,1.294854694572449005e-01,-1.085144121854715848e+01,0.000000000000000000e+00
1.622000000000000000e+03,5.005745359970474340e+01,8.696299999999999386e+01,6.000000000000000000e+01,9.671176067770444196e-02,6.069178646099557284e+01,1.245239706552337539e-01,-1.085556859262376683e+01,0.000000000000000000e+00
1.623000000000000000e+03,5.004916930423819110e+01,8.696299999999999386e+01,6.000000000000000000e+01,9.671176067770444196e-02,6.069236917501741857e+01,1.197525817587242886e-01,-1.085966421321565534e+01,0.000000000000000000e+00
1.624000000000000000e+03,5.004109926734128067e+01,8.696299999999999386e+01,6.000000000000000000e+01,9.671176067770444196e-02,6.069295188903926430e+01,1.151640183204935830e-01,-1.086372840069618384e+01,0.000000000000000000e+00
1.625000000000000000e+03,5.003323616833254306e+01,8.696299999999999386e+01,6.000000000000000000e+01,9.671176067770444196e-02,6.069353460306111003e+01,1.107512750117118500e-01,-1.086776147041798879e+01,0.000000000000000000e+00
1.626000000000000000e+03,5.002557295986387942e+01,8.696299999999999386e+01,6.000000000000000000e+01,9.671176067770444196e-02,6.069411731708295576e+01,1.065076149269541944e-01,-1.087176373282373731e+01,0.000000000000000000e+00
1.627000000000000000e+03,5.001810285752748797e+01,8.696299999999999386e+01,6.000000000000000000e+01,9.671176067770444196e-02,6.069470003110480150e+01,1.024265592990126067e-01,-1.087573549355403379e+01,0.000000000000000000e+00
1.628000000000000000e+03,5.001081932985954381e+01,8.696299999999999386e+01,6.000000000000000000e+01,9.671176067770444196e-02,6.069528274512664723e+01,9.850187760780573787e-02,-1.087967705355261572e+01,0.000000000000000000e+00
1.629000000000000000e+03,5.000371608872561779e+01,8.696299999999999386e+01,6.000000000000000000e+01,9.671176067770444196e-02,6.069586545914849296e+01,9.472757806828599469e-02,-1.088358870916887078e+01,0.000000000000000000e+00
1.630000000000000000e+03,4.999678708007311201e+01,8.696299999999999386e+01,6.000000000000000000e+01,9.671176067770444196e-02,6.069644817317033869e+01,9.109789848282172364e-02,-1.088747075225775696e+01,0.000000000000000000e+00
1.631000000000000000e+03,4.999002647503677110e+01,8.696299999999999386e+01,6.000000000000000000e+01,9.671176067770444196e-02,6.069703088719218442e+01,8.760729744408900233e-02,-1.089132347027720726e+01,0.000000000000000000e+00
1.632000000000000000e+03,4.998342866138371221e+01,8.702700000000000102e+01,6.000000000000000000e+01,9.671176067770444196e-02,6.069761360121403015e+01,8.425044587504244842e-02,-1.089514714638307069e+01,0.000000000000000000e+00
1.633000000000000000e+03,4.962994471752511316e+01,8.696299999999999386e+01,6.000000000000000000e+01,-7.057344698101852831e-02,6.069718837746835760e+01,-9.772815344057932119e-02,-1.089894205952165152e+01,0.000000000000000000e+00
1.634000000000000000e+03,4.997654123926732694e+01,8.696299999999999386e+01,6.000000000000000000e+01,9.671176067770444196e-02,6.069777109149020333e+01,8.476687161934071124e-02,-1.090270848451992869e+01,0.000000000000000000e+00
1.635000000000000000e+03,4.997013773075213550e+01,8.696299999999999386e+01,6.000000000000000000e+01,9.671176067770444196e-02,6.069835380551204906e+01,8.151885673587565273e-02,-1.090644669217349616e+01,0.000000000000000000e+00
1.636000000000000000e+03,4.996388662702005945e+01,8.696299999999999386e+01,6.000000000000000000e+01,9.671176067770444196e-02,6.069893651953389480e+01,7.839529614076259922e-02,-1.091015694933230407e+01,0.000000000000000000e+00
1.637000000000000000e+03,4.995778289636433556e+01,8.696299999999999386e+01,6.000000000000000000e+01,9.671176067770444196e-02,6.069951923355574053e+01,7.539142111512403543e-02,-1.091383951898423632e+01,0.000000000000000000e+00
1.638000000000000000e+03,4.995182169358191970e+01,8.696299999999999386e+01,6.000000000000000000e+01,9.671176067770444196e-02,6.070010194757758626e+01,7.250264566323354198e-02,-1.091749466033660632e+01,0.000000000000000000e+00
1.639000000000000000e+03,4.994599835289264433e+01,8.696299999999999386e+01,6.000000000000000000e+01,9.671176067770444196e-02,6.070068466159943199e+01,6.972455951110703709e-02,-1.092112262889559915e+01,0.000000000000000000e+00
1.640000000000000000e+03,4.994030838112860238e+01,8.696299999999999386e+01,6.000000000000000000e+01,9.671176067770444196e-02,6.070126737562127772e+01,6.705292137336726910e-02,-1.092472367654374565e+01,0.000000000000000000e+00
1.641000000000000000e+03,4.993474745118348324e+01,8.696299999999999386e+01,6.000000000000000000e+01,9.671176067770444196e-02,6.070185008964312345e+01,6.448365247810208811e-02,-1.092829805161544954e+01,0.000000000000000000e+00
1.642000000000000000e+03,4.992931139571187771e+01,8.696299999999999386e+01,6.000000000000000000e+01,9.671176067770444196e-02,6.070243280366496919e+01,6.201283033983083504e-02,-1.093184599897063336e+01,0.000000000000000000e+00
1.643000000000000000e+03,4.992399620106903058e+01,8.696299999999999386e+01,6.000000000000000000e+01,9.671176067770444196e-02,6.070301551768681492e+01,5.963668277107228577e-02,-1.093536776006656375e+01,0.000000000000000000e+00
1.644000000000000000e+03,4.991879800148186774e+01,8.696299999999999386e+01,6.000000000000000000e+01,9.671176067770444196e-02,6.070359823170866065e+01,5.735158212337147093e-02,-1.093886357302787182e+01,0.000000000000000000e+00
1.645000000000000000e+03,4.991371307344234509e+01,8.696299999999999386e+01,6.000000000000000000e+01,9.671176067770444196e-02,6.070418094573050638e+01,5.515403974899325823e-02,-1.094233367271486124e+01,0.000000000000000000e+00
1.646000000000000000e+03,4.990873783031478439e+01,8.696299999999999386e+01,6.000000000000000000e+01,9.671176067770444196e-02,6.070476365975235211e+01,5.304070067482739848e-02,-1.094577829079010378e+01,0.000000000000000000e+00
1.647000000000000000e+03,4.990386881714887579e+01,8.696299999999999386e+01,6.000000000000000000e+01,9.671176067770444196e-02,6.070534637377419784e+01,5.100833848037374108e-02,-1.094919765578339899e+01,0.000000000000000000e+00
1.648000000000000000e+03,4.989910270569061623e+01,8.696299999999999386e+01,6.000000000000000000e+01,9.671176067770444196e-02,6.070592908779604358e+01,4.905385037198781856e-02,-1.095259199315512433e+01,0.000000000000000000e+00
1.649000000000000000e+03,4.989443628958343879e+01,8.696299999999999386e+01,6.000000000000000000e+01,9.671176067770444196e-02,6.070651180181788931e+01,4.717425244586673921e-02,-1.095596152535802226e+01,0.000000000000000000e+00
1.650000000000000000e+03,4.988986647975250577e+01,8.696299999999999386e+01,6.000000000000000000e+01,9.671176067770444196e-02,6.070709451583973504e+01,4.536667513254338813e-02,-1.095930647189747908e+01,0.000000000000000000e+00
1.651000000000000000e+03,4.988539029996491792e+01,8.696299999999999386e+01,6.000000000000000000e+01,9.671176067770444196e-02,6.070767722986158077e+01,4.362835881593409709e-02,-1.096262704939030463e+01,0.000000000000000000e+00
1.652000000000000000e+03,4.988100488255930287e+01,8.683400000000000318e+01,6.000000000000000000e+01,9.671176067770444196e-02,6.070825994388342650e+01,4.195664962025138361e-02,-1.096592347162208547e+01,0.000000000000000000e+00
1.653000000000000000e+03,5.057621705482281982e+01,8.689799999999999613e+01,6.000000000000000000e+01,4.338960073647558091e-01,6.071087428246792683e+01,4.006427145932535128e-01,-1.096919594960312239e+01,0.000000000000000000e+00
1.654000000000000000e+03,5.021318769414317984e+01,8.676999999999999602e+01,6.000000000000000000e+01,2.666107997060699897e-01,6.071248068328490888e+01,2.065409027752112547e-01,-1.097244469162300895e+01,0.000000000000000000e+00
1.655000000000000000e+03,5.089774188453719717e+01,8.689799999999999613e+01,6.000000000000000000e+01,6.011812150234787655e-01,6.071610295963692749e+01,5.561276131806626166e-01,-1.097566990330387249e+01,0.000000000000000000e+00
1.656000000000000000e+03,5.018276608179167653e+01,8.683400000000000318e+01,6.000000000000000000e+01,2.666107997060699897e-01,6.071770936045390954e+01,1.773177092840208524e-01,-1.097887178765232541e+01,0.000000000000000000e+00
1.657000000000000000e+03,5.052144295467215329e+01,8.686599999999999966e+01,6.000000000000000000e+01,4.338960073647558091e-01,6.072032369903840987e+01,3.492737933791250637e-01,-1.098205054511014289e+01,0.000000000000000000e+00
1.658000000000000000e+03,5.033399657096704516e+01,8.696299999999999386e+01,6.000000000000000000e+01,3.502534035354128994e-01,6.072243406873915461e+01,2.465154722962030753e-01,-1.098520637360372021e+01,0.000000000000000000e+00
1.659000000000000000e+03,4.979754027297624930e+01,8.683400000000000318e+01,6.000000000000000000e+01,9.671176067770444196e-02,6.072301678276100034e+01,-3.384880187012795361e-02,-1.098833946859233279e+01,0.000000000000000000e+00
1.660000000000000000e+03,5.049581900856470185e+01,8.696299999999999386e+01,6.000000000000000000e+01,4.338960073647558091e-01,6.072563112134550067e+01,3.277419029696634345e-01,-1.099145002311522212e+01,0.000000000000000000e+00
1.661000000000000000e+03,4.978327745514754810e+01,8.680200000000000671e+01,6.000000000000000000e+01,9.671176067770444196e-02,6.072621383536734641e+01,-4.510991305995265543e-02,-1.099453822783755186e+01,0.000000000000000000e+00
1.662000000000000000e+03,5.065555395323239907e+01,8.686599999999999966e+01,6.000000000000000000e+01,5.175386111940987188e-01,6.072933214283560943e+01,4.062874702979512587e-01,-1.099760427109525907e+01,0.000000000000000000e+00
1.663000000000000000e+03,5.029301694533114642e+01,8.680200000000000671e+01,6.000000000000000000e+01,3.502534035354128994e-01,6.073144251253635417e+01,2.119693681981971167e-01,-1.100064833893881655e+01,0.000000000000000000e+00
1.664000000000000000e+03,5.063102651961257550e+01,8.686599999999999966e+01,6.000000000000000000e+01,5.175386111940987188e-01,6.073456082000461720e+01,3.825977035898288081e-01,-1.100367061517596667e+01,0.000000000000000000e+00
1.665000000000000000e+03,5.026944063485279202e+01,8.686599999999999966e+01,6.000000000000000000e+01,3.502534035354128994e-01,6.073667118970536194e+01,1.891873230254326188e-01,-1.100667128141341067e+01,0.000000000000000000e+00
1.666000000000000000e+03,5.026132267226823558e+01,8.683400000000000318e+01,6.000000000000000000e+01,3.502534035354128994e-01,6.073878155940610668e+01,1.819382264242397074e-01,-1.100965051709751741e+01,0.000000000000000000e+00
1.667000000000000000e+03,5.042702548565340237e+01,8.686599999999999966e+01,6.000000000000000000e+01,4.338960073647558091e-01,6.074139589799060701e+01,2.643420798520973447e-01,-1.101260849955406051e+01,0.000000000000000000e+00
1.668000000000000000e+03,5.024305235710495765e+01,8.689799999999999613e+01,6.000000000000000000e+01,3.502534035354128994e-01,6.074350626769135175e+01,1.648380899051970494e-01,-1.101554540402700511e+01,0.000000000000000000e+00
1.669000000000000000e+03,5.006240886196582807e+01,8.686599999999999966e+01,6.000000000000000000e+01,2.666107997060699897e-01,6.074511266850833380e+01,6.914679746780294511e-02,-1.101846140371638150e+01,0.000000000000000000e+00
1.670000000000000000e+03,5.023199225555245562e+01,8.693099999999999739e+01,6.000000000000000000e+01,3.502534035354128994e-01,6.074722303820907854e+01,1.558724836232259214e-01,-1.102135666981526185e+01,0.000000000000000000e+00
1.671000000000000000e+03,4.987278927994481847e+01,8.693099999999999739e+01,6.000000000000000000e+01,1.803543645070473656e-01,6.074830972111468697e+01,-3.164343413105635827e-02,-1.102423137154585753e+01,0.000000000000000000e+00
1.672000000000000000e+03,4.987223414066144045e+01,8.693099999999999739e+01,6.000000000000000000e+01,1.803543645070473656e-01,6.074939640402029539e+01,-3.043095167112602056e-02,-1.102708567619477265e+01,0.000000000000000000e+00
1.673000000000000000e+03,4.987165277434579735e+01,8.689799999999999613e+01,6.000000000000000000e+01,1.803543645070473656e-01,6.075048308692590382e+01,-2.926492793971263370e-02,-1.102991974914744056e+01,0.000000000000000000e+00
1.674000000000000000e+03,5.004999111148549673e+01,8.686599999999999966e+01,6.000000000000000000e+01,2.666107997060699897e-01,6.075208948774288586e+01,6.402457795826470288e-02,-1.103273375392172717e+01,0.000000000000000000e+00
1.675000000000000000e+03,5.021987194113786757e+01,8.680200000000000671e+01,6.000000000000000000e+01,3.502534035354128994e-01,6.075419985744363061e+01,1.509465323595899910e-01,-1.103552785220076871e+01,0.000000000000000000e+00
1.676000000000000000e+03,5.056046765391051423e+01,8.680200000000000671e+01,6.000000000000000000e+01,5.175386111940987188e-01,6.075731816491189363e+01,3.239130816695682813e-01,-1.103830220386504202e+01,0.000000000000000000e+00
1.677000000000000000e+03,5.054841981049149524e+01,8.689799999999999613e+01,6.000000000000000000e+01,5.175386111940987188e-01,6.076043647238015666e+01,3.115016939409246954e-01,-1.104105696702368355e+01,0.000000000000000000e+00
1.678000000000000000e+03,5.001630169010361726e+01,8.689799999999999613e+01,6.000000000000000000e+01,2.666107997060699897e-01,6.076204287319713870e+01,3.144031524549878442e-02,-1.104379229804508888e+01,0.000000000000000000e+00
1.679000000000000000e+03,5.001398733783167927e+01,8.689799999999999613e+01,6.000000000000000000e+01,2.666107997060699897e-01,6.076364927401412075e+01,3.023561569828895484e-02,-1.104650835158679811e+01,0.000000000000000000e+00
1.680000000000000000e+03,5.001173827057397148e+01,8.693099999999999739e+01,6.000000000000000000e+01,2.666107997060699897e-01,6.076525567483110279e+01,2.907707666148480127e-02,-1.104920528062469209e+01,0.000000000000000000e+00
1.681000000000000000e+03,4.983060825442906605e+01,8.696299999999999386e+01,6.000000000000000000e+01,1.803543645070473656e-01,6.076634235773671122e+01,-6.420523133316183295e-02,-1.105188323648152604e+01,0.000000000000000000e+00
1.682000000000000000e+03,4.965797419994802908e+01,8.696299999999999386e+01,6.000000000000000000e+01,9.671176067770444196e-02,6.076692507175855695e+01,-1.511202636334445515e-01,-1.105454236885479347e+01,0.000000000000000000e+00
1.683000000000000000e+03,4.966170693687097781e+01,8.696299999999999386e+01,6.000000000000000000e+01,9.671176067770444196e-02,6.076750778578040268e+01,-1.453297837431545003e-01,-1.105718282584397372e+01,0.000000000000000000e+00
1.684000000000000000e+03,4.966523632865003890e+01,8.696299999999999386e+01,6.000000000000000000e+01,9.671176067770444196e-02,6.076809049980224842e+01,-1.397611778527747539e-01,-1.105980475397713825e+01,0.000000000000000000e+00
1.685000000000000000e+03,4.966857073185556004e+01,8.696299999999999386e+01,6.000000000000000000e+01,9.671176067770444196e-02,6.076867321382409415e+01,-1.344059444092788047e-01,-1.106240829823696181e+01,0.000000000000000000e+00
1.686000000000000000e+03,4.967171817882358908e+01,8.696299999999999386e+01,6.000000000000000000e+01,9.671176067770444196e-02,6.076925592784593988e+01,-1.292559076139146446e-01,-1.106499360208614036e+01,0.000000000000000000e+00
1.687000000000000000e+03,4.967468639011298137e+01,8.696299999999999386e+01,6.000000000000000000e+01,9.671176067770444196e-02,6.076983864186778561e+01,-1.243032049402678918e-01,-1.106756080749224402e+01,0.000000000000000000e+00
1.688000000000000000e+03,4.967748278648475235e+01,8.696299999999999386e+01,6.000000000000000000e+01,9.671176067770444196e-02,6.077042135588963134e+01,-1.195402751305958827e-01,-1.107011005495198930e+01,0.000000000000000000e+00
1.689000000000000000e+03,4.968011450042208565e+01,8.696299999999999386e+01,6.000000000000000000e+01,9.671176067770444196e-02,6.077100406991147707e+01,-1.149598466521064705e-01,-1.107264148351499422e+01,0.000000000000000000e+00
1.690000000000000000e+03,4.968258838720849724e+01,8.696299999999999386e+01,6.000000000000000000e+01,9.671176067770444196e-02,6.077158678393332281e+01,-1.105549265955580035e-01,-1.107515523080697584e+01,0.000000000000000000e+00
1.691000000000000000e+03,4.968491103558120869e+01,8.696299999999999386e+01,6.000000000000000000e+01,9.671176067770444196e-02,6.077216949795516854e+01,-1.063187899992319718e-01,-1.107765143305244138e+01,0.000000000000000000e+00
1.692000000000000000e+03,4.968708877797585899e+01,8.696299999999999386e+01,6.000000000000000000e+01,9.671176067770444196e-02,6.077275221197701427e+01,-1.022449695819793586e-01,-1.108013022509688028e+01,0.000000000000000000e+00
1.693000000000000000e+03,4.968912770037844240e+01,8.696299999999999386e+01,6.000000000000000000e+01,9.671176067770444196e-02,6.077333492599886000e+01,-9.832724586966613833e-02,-1.108259174042845530e+01,0.000000000000000000e+00
1.694000000000000000e+03,4.969103365179925902e+01,8.689799999999999613e+01,6.000000000000000000e+01,9.671176067770444196e-02,6.077391764002070573e+01,-9.455963769994413237e-02,-1.108503611119921217e+01,0.000000000000000000e+00
1.695000000000000000e+03,5.004527832610839511e+01,8.696299999999999386e+01,6.000000000000000000e+01,2.666107997060699897e-01,6.077552404083768778e+01,9.060695381046410257e-02,-1.108746346824582929e+01,0.000000000000000000e+00
1.696000000000000000e+03,4.968853639184017368e+01,8.696299999999999386e+01,6.000000000000000000e+01,9.671176067770444196e-02,6.077610675485953351e+01,-9.440818258714586686e-02,-1.108987394110991787e+01,0.000000000000000000e+00
1.697000000000000000e+03,4.969034283021287024e+01,8.696299999999999386e+01,6.000000000000000000e+01,9.671176067770444196e-02,6.077668946888137924e+01,-9.079074128836879531e-02,-1.109226765805785320e+01,0.000000000000000000e+00
1.698000000000000000e+03,4.969202728787921330e+01,8.686599999999999966e+01,6.000000000000000000e+01,9.671176067770444196e-02,6.077727218290322497e+01,-8.731190960150771174e-02,-1.109464474610020446e+01,0.000000000000000000e+00
1.699000000000000000e+03,5.021958278177906010e+01,8.680200000000000671e+01,6.000000000000000000e+01,3.502534035354128994e-01,6.077938255260396971e+01,1.869521566504020460e-01,-1.109700533101072040e+01,0.000000000000000000e+00
1.700000000000000000e+03,5.055922901124444024e+01,8.689799999999999613e+01,6.000000000000000000e+01,5.175386111940987188e-01,6.078250086007223274e+01,3.585390773230257011e-01,-1.109934953734491359e+01,0.000000000000000000e+00
1.701000000000000000e+03,5.002571593786753823e+01,8.673699999999999477e+01,6.000000000000000000e+01,2.666107997060699897e-01,6.078410726088921479e+01,7.667536573049360538e-02,-1.110167748845824320e+01,0.000000000000000000e+00
1.702000000000000000e+03,5.089510389758537201e+01,8.683400000000000318e+01,6.000000000000000000e+01,6.874376502225014729e-01,6.078824925515261413e+01,5.234062987341686624e-01,-1.110398930652390881e+01,0.000000000000000000e+00
1.703000000000000000e+03,5.035090687862205527e+01,8.667300000000000182e+01,6.000000000000000000e+01,4.338960073647558091e-01,6.079086359373711446e+01,2.324323900704425849e-01,-1.110628511255025686e+01,0.000000000000000000e+00
1.704000000000000000e+03,5.121536653352953294e+01,8.680200000000000671e+01,6.000000000000000000e+01,8.547228578811872923e-01,6.079601352576803208e+01,6.731951762781356319e-01,-1.110856502639782128e+01,0.000000000000000000e+00
1.705000000000000000e+03,5.049294789395434435e+01,8.676999999999999602e+01,6.000000000000000000e+01,5.175386111940987188e-01,6.079913183323629511e+01,2.871066163199515464e-01,-1.111082916679600352e+01,0.000000000000000000e+00
1.706000000000000000e+03,5.065633840249990527e+01,8.683400000000000318e+01,6.000000000000000000e+01,6.011812150234787655e-01,6.080275410958831372e+01,3.654807292475117930e-01,-1.111307765135939540e+01,0.000000000000000000e+00
1.707000000000000000e+03,5.029668007926062501e+01,8.673699999999999477e+01,6.000000000000000000e+01,4.338960073647558091e-01,6.080536844817281406e+01,1.727262203268166152e-01,-1.111531059660376286e+01,0.000000000000000000e+00
1.708000000000000000e+03,5.081644637208015780e+01,8.683400000000000318e+01,6.000000000000000000e+01,6.874376502225014729e-01,6.080951044243621340e+01,4.370263973831323701e-01,-1.111752811796168849e+01,0.000000000000000000e+00
1.709000000000000000e+03,5.027565276870136302e+01,8.676999999999999602e+01,6.000000000000000000e+01,4.338960073647558091e-01,6.081212478102071373e+01,1.493623101137868669e-01,-1.111973032979789267e+01,0.000000000000000000e+00
1.710000000000000000e+03,5.061740048908935563e+01,8.676999999999999602e+01,6.000000000000000000e+01,6.011812150234787655e-01,6.081574705737273234e+01,3.223895621173782366e-01,-1.112191734542423482e+01,0.000000000000000000e+00
1.711000000000000000e+03,5.060649782276912134e+01,8.680200000000000671e+01,6.000000000000000000e+01,6.011812150234787655e-01,6.081936933372475096e+01,3.100365511352894399e-01,-1.112408927711440221e+01,0.000000000000000000e+00
1.712000000000000000e+03,5.042256170096515433e+01,8.689799999999999613e+01,6.000000000000000000e+01,5.175386111940987188e-01,6.082248764119301399e+01,2.087816846963354567e-01,-1.112624623611829122e+01,0.000000000000000000e+00
1.713000000000000000e+03,4.989497274086286183e+01,8.686599999999999966e+01,6.000000000000000000e+01,2.666107997060699897e-01,6.082409404200999603e+01,-6.734376817709783469e-02,-1.112838833267610816e+01,0.000000000000000000e+00
1.714000000000000000e+03,5.007055397048506507e+01,8.693099999999999739e+01,6.000000000000000000e+01,3.502534035354128994e-01,6.082620441171074077e+01,2.461183127107963164e-02,-1.113051567603216441e+01,0.000000000000000000e+00
1.715000000000000000e+03,4.971714251673257223e+01,8.680200000000000671e+01,6.000000000000000000e+01,1.803543645070473656e-01,6.082729109461634920e+01,-1.578745679424260473e-01,-1.113262837444839626e+01,0.000000000000000000e+00
1.716000000000000000e+03,5.042168991413430490e+01,8.686599999999999966e+01,6.000000000000000000e+01,5.175386111940987188e-01,6.083040940208461222e+01,2.084684360732153852e-01,-1.113472653521762190e+01,0.000000000000000000e+00
1.717000000000000000e+03,5.006769308276817299e+01,8.686599999999999966e+01,6.000000000000000000e+01,3.502534035354128994e-01,6.083251977178535697e+01,2.173017212391184505e-02,-1.113681026467650881e+01,0.000000000000000000e+00
1.718000000000000000e+03,5.006690141323902310e+01,8.683400000000000318e+01,6.000000000000000000e+01,3.502534035354128994e-01,6.083463014148610171e+01,2.089753643581339013e-02,-1.113887966821830489e+01,0.000000000000000000e+00
1.719000000000000000e+03,5.023967762817240157e+01,8.693099999999999739e+01,6.000000000000000000e+01,4.338960073647558091e-01,6.083724448007060204e+01,1.094719910423341547e-01,-1.114093485030529429e+01,0.000000000000000000e+00
1.720000000000000000e+03,4.971006842925576308e+01,8.693099999999999739e+01,6.000000000000000000e+01,1.803543645070473656e-01,6.083833116297621046e+01,-1.656411837464793202e-01,-1.114297591448101521e+01,0.000000000000000000e+00
1.721000000000000000e+03,4.971547494170269488e+01,8.693099999999999739e+01,6.000000000000000000e+01,1.803543645070473656e-01,6.083941784588181889e+01,-1.592943053039276857e-01,-1.114500296338223784e+01,0.000000000000000000e+00
1.722000000000000000e+03,4.972065217414166938e+01,8.680200000000000671e+01,6.000000000000000000e+01,1.803543645070473656e-01,6.084050452878742732e+01,-1.531906204020970497e-01,-1.114701609875070254e+01,0.000000000000000000e+00
1.723000000000000000e+03,5.042511893465362505e+01,8.686599999999999966e+01,6.000000000000000000e+01,5.175386111940987188e-01,6.084362283625569034e+01,2.129729086484580536e-01,-1.114901542144462709e+01,0.000000000000000000e+00
1.724000000000000000e+03,5.007104762472380344e+01,8.689799999999999613e+01,6.000000000000000000e+01,3.502534035354128994e-01,6.084573320595643509e+01,2.606204668194503360e-02,-1.115100103144998656e+01,0.000000000000000000e+00
1.725000000000000000e+03,4.989666561884139639e+01,8.683400000000000318e+01,6.000000000000000000e+01,2.666107997060699897e-01,6.084733960677341713e+01,-6.431175974650840677e-02,-1.115297302789157996e+01,0.000000000000000000e+00
1.726000000000000000e+03,5.024582129198495295e+01,8.693099999999999739e+01,6.000000000000000000e+01,4.338960073647558091e-01,6.084995394535791746e+01,1.169028483061539114e-01,-1.115493150904388031e+01,0.000000000000000000e+00
1.727000000000000000e+03,4.971602336555495327e+01,8.680200000000000671e+01,6.000000000000000000e+01,1.803543645070473656e-01,6.085104062826352589e+01,-1.584950548739369469e-01,-1.115687657234168029e+01,0.000000000000000000e+00
1.728000000000000000e+03,5.042076095689432691e+01,8.683400000000000318e+01,6.000000000000000000e+01,5.175386111940987188e-01,6.085415893573178892e+01,2.078717243589567332e-01,-1.115880831439051590e+01,0.000000000000000000e+00
1.729000000000000000e+03,5.024047396150208300e+01,8.686599999999999966e+01,6.000000000000000000e+01,4.338960073647558091e-01,6.085677327431628925e+01,1.105315107979533695e-01,-1.116072683097692142e+01,0.000000000000000000e+00
1.730000000000000000e+03,5.006342591573266532e+01,8.686599999999999966e+01,6.000000000000000000e+01,3.502534035354128994e-01,6.085888364401703399e+01,1.692108525868547819e-02,-1.116263221707846576e+01,0.000000000000000000e+00
1.731000000000000000e+03,5.006299556988270183e+01,8.693099999999999739e+01,6.000000000000000000e+01,3.502534035354128994e-01,6.086099401371777873e+01,1.627271950311768786e-02,-1.116452456687360772e+01,0.000000000000000000e+00
1.732000000000000000e+03,4.971013693767632446e+01,8.686599999999999966e+01,6.000000000000000000e+01,1.803543645070473656e-01,6.086208069662338715e+01,-1.658941497027353329e-01,-1.116640397375136828e+01,0.000000000000000000e+00
1.733000000000000000e+03,5.006817970808435092e+01,8.693099999999999739e+01,6.000000000000000000e+01,3.502534035354128994e-01,6.086419106632413190e+01,2.200576854562602547e-02,-1.116827053032081807e+01,0.000000000000000000e+00
1.734000000000000000e+03,4.971512701123585032e+01,8.696299999999999386e+01,6.000000000000000000e+01,1.803543645070473656e-01,6.086527774922974032e+01,-1.603807740805382187e-01,-1.117012432842039971e+01,0.000000000000000000e+00
1.735000000000000000e+03,4.954699611971498285e+01,8.696299999999999386e+01,6.000000000000000000e+01,9.671176067770444196e-02,6.086586046325158605e+01,-2.436106450872486118e-01,-1.117196545912705830e+01,0.000000000000000000e+00
1.736000000000000000e+03,4.955508471684144212e+01,8.696299999999999386e+01,6.000000000000000000e+01,9.671176067770444196e-02,6.086644317727343179e+01,-2.342762083444707433e-01,-1.117379401276522621e+01,0.000000000000000000e+00
1.737000000000000000e+03,4.956282813354968653e+01,8.696299999999999386e+01,6.000000000000000000e+01,9.671176067770444196e-02,6.086702589129527752e+01,-2.252994395076816092e-01,-1.117561007891562141e+01,0.000000000000000000e+00
1.738000000000000000e+03,4.957023998576642754e+01,8.696299999999999386e+01,6.000000000000000000e+01,9.671176067770444196e-02,6.086760860531712325e+01,-2.166666338044884454e-01,-1.117741374642391605e+01,0.000000000000000000e+00
1.739000000000000000e+03,4.957733336501877375e+01,8.696299999999999386e+01,6.000000000000000000e+01,9.671176067770444196e-02,6.086819131933896898e+01,-2.083646115886929329e-01,-1.117920510340921147e+01,0.000000000000000000e+00
1.740000000000000000e+03,4.958412085854710938e+01,8.696299999999999386e+01,6.000000000000000000e+01,9.671176067770444196e-02,6.086877403336081471e+01,-2.003806982190142472e-01,-1.118098423727239954e+01,0.000000000000000000e+00
1.741000000000000000e+03,4.959061456864723283e+01,8.696299999999999386e+01,6.000000000000000000e+01,9.671176067770444196e-02,6.086935674738266044e+01,-1.927027047087997991e-01,-1.118275123470433563e+01,0.000000000000000000e+00
1.742000000000000000e+03,4.959682613127112916e+01,8.696299999999999386e+01,6.000000000000000000e+01,9.671176067770444196e-02,6.086993946140450618e+01,-1.853189091171816016e-01,-1.118450618169390687e+01,0.000000000000000000e+00
1.743000000000000000e+03,4.960276673391486213e+01,8.696299999999999386e+01,6.000000000000000000e+01,9.671176067770444196e-02,6.087052217542635191e+01,-1.782180386532682126e-01,-1.118624916353592447e+01,0.000000000000000000e+00
1.744000000000000000e+03,4.960844713282095597e+01,8.696299999999999386e+01,6.000000000000000000e+01,9.671176067770444196e-02,6.087110488944819764e+01,-1.713892524660510230e-01,-1.118798026483889707e+01,0.000000000000000000e+00
1.745000000000000000e+03,4.961387766952134371e+01,8.696299999999999386e+01,6.000000000000000000e+01,9.671176067770444196e-02,6.087168760347004337e+01,-1.648221250937501603e-01,-1.118969956953265488e+01,0.000000000000000000e+00
1.746000000000000000e+03,4.961906828674640479e+01,8.696299999999999386e+01,6.000000000000000000e+01,9.671176067770444196e-02,6.087227031749188910e+01,-1.585066305473324111e-01,-1.119140716087586185e+01,0.000000000000000000e+00
1.747000000000000000e+03,4.962402854372416527e+01,8.696299999999999386e+01,6.000000000000000000e+01,9.671176067770444196e-02,6.087285303151373483e+01,-1.524331270039013253e-01,-1.119310312146337338e+01,0.000000000000000000e+00
1.748000000000000000e+03,4.962876763089320065e+01,8.696299999999999386e+01,6.000000000000000000e+01,9.671176067770444196e-02,6.087343574553558057e+01,-1.465923420865914151e-01,-1.119478753323349274e+01,0.000000000000000000e+00
1.749000000000000000e+03,4.963329438405155969e+01,8.696299999999999386e+01,6.000000000000000000e+01,9.671176067770444196e-02,6.087401845955742630e+01,-1.409753587084928705e-01,-1.119646047747507822e+01,0.000000000000000000e+00
1.750000000000000000e+03,4.963761729796343047e+01,8.696299999999999386e+01,6.000000000000000000e+01,9.671176067770444196e-02,6.087460117357927203e+01,-1.355736014589952187e-01,-1.119812203483455804e+01,0.000000000000000000e+00
1.751000000000000000e+03,4.964174453944425380e+01,8.696299999999999386e+01,6.000000000000000000e+01,9.671176067770444196e-02,6.087518388760111776e+01,-1.303788235117658290e-01,-1.119977228532279945e+01,0.000000000000000000e+00
1.752000000000000000e+03,4.964568395994440664e+01,8.696299999999999386e+01,6.000000000000000000e+01,9.671176067770444196e-02,6.087576660162296349e+01,-1.253830940343757527e-01,-1.120141130832188736e+01,0.000000000000000000e+00
1.753000000000000000e+03,4.964944310765039859e+01,8.696299999999999386e+01,6.000000000000000000e+01,9.671176067770444196e-02,6.087634931564480922e+01,-1.205787860803514966e-01,-1.120303918259176790e+01,0.000000000000000000e+00
1.754000000000000000e+03,4.965302923912238242e+01,8.696299999999999386e+01,6.000000000000000000e+01,9.671176067770444196e-02,6.087693202966665496e+01,-1.159585649451672085e-01,-1.120465598627681025e+01,0.000000000000000000e+00
1.755000000000000000e+03,4.965644933048558585e+01,8.696299999999999386e+01,6.000000000000000000e+01,9.671176067770444196e-02,6.087751474368850069e+01,-1.115153769684008450e-01,-1.120626179691222646e+01,0.000000000000000000e+00
1.756000000000000000e+03,4.965971008819268206e+01,8.696299999999999386e+01,6.000000000000000000e+01,9.671176067770444196e-02,6.087809745771034642e+01,-1.072424387649583977e-01,-1.120785669143041297e+01,0.000000000000000000e+00
1.757000000000000000e+03,4.966281795937378973e+01,8.696299999999999386e+01,6.000000000000000000e+01,9.671176067770444196e-02,6.087868017173219215e+01,-1.031332268689256482e-01,-1.120944074616718389e+01,0.000000000000000000e+00
1.758000000000000000e+03,4.966577914178961350e+01,8.696299999999999386e+01,6.000000000000000000e+01,9.671176067770444196e-02,6.087926288575403788e+01,-9.918146777423682281e-02,-1.121101403686789588e+01,0.000000000000000000e+00
1.759000000000000000e+03,4.966859959340315100e+01,8.696299999999999386e+01,6.000000000000000000e+01,9.671176067770444196e-02,6.087984559977588361e+01,-9.538112835695519709e-02,-1.121257663869348242e+01,0.000000000000000000e+00
1.760000000000000000e+03,4.967128504158451108e+01,8.696299999999999386e+01,6.000000000000000000e+01,9.671176067770444196e-02,6.088042831379772934e+01,-9.172640666454350000e-02,-1.121412862622638507e+01,0.000000000000000000e+00
1.761000000000000000e+03,4.967384099196281966e+01,8.696299999999999386e+01,6.000000000000000000e+01,9.671176067770444196e-02,6.088101102781957508e+01,-8.821172305806214420e-02,-1.121567007347640654e+01,0.000000000000000000e+00
1.762000000000000000e+03,4.967627273693889833e+01,8.696299999999999386e+01,6.000000000000000000e+01,9.671176067770444196e-02,6.088159374184142081e+01,-8.483171169377212717e-02,-1.121720105388645550e+01,0.000000000000000000e+00
1.763000000000000000e+03,4.967858536387164037e+01,8.696299999999999386e+01,6.000000000000000000e+01,9.671176067770444196e-02,6.088217645586326654e+01,-8.158121233113760362e-02,-1.121872164033819708e+01,0.000000000000000000e+00
1.764000000000000000e+03,4.968078376295044762e+01,8.696299999999999386e+01,6.000000000000000000e+01,9.671176067770444196e-02,6.088275916988511227e+01,-7.845526245472149440e-02,-1.122023190515764490e+01,0.000000000000000000e+00
1.765000000000000000e+03,4.968287263476607762e+01,8.696299999999999386e+01,6.000000000000000000e+01,9.671176067770444196e-02,6.088334188390695800e+01,-7.544908969794664189e-02,-1.122173192012063936e+01,0.000000000000000000e+00
1.766000000000000000e+03,4.968485649759110601e+01,8.696299999999999386e+01,6.000000000000000000e+01,9.671176067770444196e-02,6.088392459792880373e+01,-7.255810455715601404e-02,-1.122322175645824949e+01,0.000000000000000000e+00
1.767000000000000000e+03,4.968673969438141569e+01,8.696299999999999386e+01,6.000000000000000000e+01,9.671176067770444196e-02,6.088450731195064947e+01,-6.977789338484839676e-02,-1.122470148486209673e+01,0.000000000000000000e+00
1.768000000000000000e+03,4.968852639950920747e+01,8.696299999999999386e+01,6.000000000000000000e+01,9.671176067770444196e-02,6.088509002597249520e+01,-6.710421165139257571e-02,-1.122617117548960231e+01,0.000000000000000000e+00
1.769000000000000000e+03,4.969022062523796990e+01,8.696299999999999386e+01,6.000000000000000000e+01,9.671176067770444196e-02,6.088567273999434093e+01,-6.453297746493259768e-02,-1.122763089796913860e+01,0.000000000000000000e+00
1.770000000000000000e+03,4.969182622794917847e+01,8.696299999999999386e+01,6.000000000000000000e+01,9.671176067770444196e-02,6.088625545401618666e+01,-6.206026533959101837e-02,-1.122908072140512381e+01,0.000000000000000000e+00
1.771000000000000000e+03,4.969334691413025951e+01,8.696299999999999386e+01,6.000000000000000000e+01,9.671176067770444196e-02,6.088683816803803239e+01,-5.968230020245611500e-02,-1.123052071438302946e+01,0.000000000000000000e+00
1.772000000000000000e+03,4.969478624613305584e+01,8.696299999999999386e+01,6.000000000000000000e+01,9.671176067770444196e-02,6.088742088205987812e+01,-5.739545163020353530e-02,-1.123195094497432223e+01,0.000000000000000000e+00
1.773000000000000000e+03,4.969614764771155535e+01,8.696299999999999386e+01,6.000000000000000000e+01,9.671176067770444196e-02,6.088800359608172386e+01,-5.519622830655352558e-02,-1.123337148074132052e+01,0.000000000000000000e+00
1.774000000000000000e+03,4.969743440934717427e+01,8.696299999999999386e+01,6.000000000000000000e+01,9.671176067770444196e-02,6.088858631010356959e+01,-5.308127269210193705e-02,-1.123478238874199953e+01,0.000000000000000000e+00
1.775000000000000000e+03,4.969864969337002236e+01,8.696299999999999386e+01,6.000000000000000000e+01,9.671176067770444196e-02,6.088916902412541532e+01,-5.104735589838747811e-02,-1.123618373553470740e+01,0.000000000000000000e+00
1.776000000000000000e+03,4.969979653888376703e+01,8.696299999999999386e+01,6.000000000000000000e+01,9.671176067770444196e-02,6.088975173814726105e+01,-4.909137275836947950e-02,-1.123757558718283001e+01,0.000000000000000000e+00
1.777000000000000000e+03,4.970087786650164219e+01,8.696299999999999386e+01,6.000000000000000000e+01,9.671176067770444196e-02,6.089033445216910678e+01,-4.721033708579035204e-02,-1.123895800925938104e+01,0.000000000000000000e+00
1.778000000000000000e+03,4.970189648290094908e+01,8.696299999999999386e+01,6.000000000000000000e+01,9.671176067770444196e-02,6.089091716619095251e+01,-4.540137711618516536e-02,-1.124033106685152816e+01,0.000000000000000000e+00
1.779000000000000000e+03,4.970285508520287010e+01,8.696299999999999386e+01,6.000000000000000000e+01,9.671176067770444196e-02,6.089149988021279825e+01,-4.366173112257822758e-02,-1.124169482456505875e+01,0.000000000000000000e+00
1.780000000000000000e+03,4.970375626518439560e+01,8.696299999999999386e+01,6.000000000000000000e+01,9.671176067770444196e-02,6.089208259423464398e+01,-4.198874319917317299e-02,-1.124304934652878352e+01,0.000000000000000000e+00
1.781000000000000000e+03,4.970460251332872303e+01,8.696299999999999386e+01,6.000000000000000000e+01,9.671176067770444196e-02,6.089266530825648971e+01,-4.037985920659947769e-02,-1.124439469639886724e+01,0.000000000000000000e+00
1.782000000000000000e+03,4.970539622272038827e+01,8.696299999999999386e+01,6.000000000000000000e+01,9.671176067770444196e-02,6.089324802227833544e+01,-3.883262287252513961e-02,-1.124573093736312579e+01,0.000000000000000000e+00
1.783000000000000000e+03,4.970613969279096978e+01,8.696299999999999386e+01,6.000000000000000000e+01,9.671176067770444196e-02,6.089383073630018117e+01,-3.734467204168228499e-02,-1.124705813214523786e+01,0.000000000000000000e+00
1.784000000000000000e+03,4.970683513292124900e+01,8.696299999999999386e+01,6.000000000000000000e+01,9.671176067770444196e-02,6.089441345032202690e+01,-3.591373506958066980e-02,-1.124837634300890876e+01,0.000000000000000000e+00
1.785000000000000000e+03,4.970748466590517722e+01,8.696299999999999386e+01,6.000000000000000000e+01,9.671176067770444196e-02,6.089499616434387264e+01,-3.453762735440336212e-02,-1.124968563176199687e+01,0.000000000000000000e+00
1.786000000000000000e+03,4.970809033128108467e+01,8.696299999999999386e+01,6.000000000000000000e+01,9.671176067770444196e-02,6.089557887836571837e+01,-3.321424800178989639e-02,-1.125098605976054777e+01,0.000000000000000000e+00
1.787000000000000000e+03,4.970865408853505585e+01,8.696299999999999386e+01,6.000000000000000000e+01,9.671176067770444196e-02,6.089616159238756410e+01,-3.194157661741502813e-02,-1.125227768791280525e+01,0.000000000000000000e+00
1.788000000000000000e+03,4.970917782018148756e+01,8.696299999999999386e+01,6.000000000000000000e+01,9.671176067770444196e-02,6.089674430640940983e+01,-3.071767022246636378e-02,-1.125356057668316367e+01,0.000000000000000000e+00
1.789000000000000000e+03,4.970966333472559029e+01,8.696299999999999386e+01,6.000000000000000000e+01,9.671176067770444196e-02,6.089732702043125556e+01,-2.954066028731171939e-02,-1.125483478609605825e+01,0.000000000000000000e+00
1.790000000000000000e+03,4.971011236951216716e+01,8.696299999999999386e+01,6.000000000000000000e+01,9.671176067770444196e-02,6.089790973445310129e+01,-2.840874987882754249e-02,-1.125610037573981437e+01,0.000000000000000000e+00
1.791000000000000000e+03,4.971052659346517544e+01,8.696299999999999386e+01,6.000000000000000000e+01,9.671176067770444196e-02,6.089849244847494703e+01,-2.732021091703323856e-02,-1.125735740477044367e+01,0.000000000000000000e+00
1.792000000000000000e+03,4.971090760972226974e+01,8.696299999999999386e+01,6.000000000000000000e+01,9.671176067770444196e-02,6.089907516249679276e+01,-2.627338153684313435e-02,-1.125860593191538683e+01,0.000000000000000000e+00
1.793000000000000000e+03,4.971125695816821377e+01,8.689799999999999613e+01,6.000000000000000000e+01,9.671176067770444196e-02,6.089965787651863849e+01,-2.526666355090826169e-02,-1.125984601547722264e+01,0.000000000000000000e+00
1.794000000000000000e+03,5.006404219059601957e+01,8.696299999999999386e+01,6.000000000000000000e+01,2.666107997060699897e-01,6.090126427733562053e+01,1.572448268916403769e-01,-1.126107771333731300e+01,0.000000000000000000e+00
1.795000000000000000e+03,4.970593399409297319e+01,8.696299999999999386e+01,6.000000000000000000e+01,9.671176067770444196e-02,6.090184699135746627e+01,-3.032367498278085161e-02,-1.126230108295941612e+01,0.000000000000000000e+00
1.796000000000000000e+03,4.970646352288817127e+01,8.696299999999999386e+01,6.000000000000000000e+01,9.671176067770444196e-02,6.090242970537931200e+01,-2.916176177560573721e-02,-1.126351618139324628e+01,0.000000000000000000e+00
1.797000000000000000e+03,4.970695674516757379e+01,8.696299999999999386e+01,6.000000000000000000e+01,9.671176067770444196e-02,6.090301241940115773e+01,-2.804436963330071350e-02,-1.126472306527799105e+01,0.000000000000000000e+00
1.798000000000000000e+03,4.970741531061409546e+01,8.693099999999999739e+01,6.000000000000000000e+01,9.671176067770444196e-02,6.090359513342300346e+01,-2.696979264082417088e-02,-1.126592179084578760e+01,0.000000000000000000e+00
1.799000000000000000e+03,4.988136256282856351e+01,8.693099999999999739e+01,6.000000000000000000e+01,1.803543645070473656e-01,6.090468181632861189e+01,6.343879591805970386e-02,-1.126711241392515461e+01,0.000000000000000000e+00
1.800000000000000000e+03,4.987883588337832208e+01,8.696299999999999386e+01,6.000000000000000000e+01,1.803543645070473656e-01,6.090576849923422031e+01,6.100800958143209191e-02,-1.126829498994438161e+01,0.000000000000000000e+00
1.801000000000000000e+03,4.970288857759334178e+01,8.693099999999999739e+01,6.000000000000000000e+01,9.671176067770444196e-02,6.090635121325606605e+01,-3.070482240554690129e-02,-1.126946957393488802e+01,0.000000000000000000e+00
1.802000000000000000e+03,4.987700292154040227e+01,8.693099999999999739e+01,6.000000000000000000e+01,1.803543645070473656e-01,6.090743789616167447e+01,5.984688140619758706e-02,-1.127063622053451475e+01,0.000000000000000000e+00
1.803000000000000000e+03,4.987463768615430837e+01,8.693099999999999739e+01,6.000000000000000000e+01,1.803543645070473656e-01,6.090852457906728290e+01,5.755372657078960952e-02,-1.127179498399081048e+01,0.000000000000000000e+00
1.804000000000000000e+03,4.987236814693694953e+01,8.696299999999999386e+01,6.000000000000000000e+01,1.803543645070473656e-01,6.090961126197289133e+01,5.534843862126769681e-02,-1.127294591816425573e+01,0.000000000000000000e+00
1.805000000000000000e+03,4.969666912473359588e+01,8.696299999999999386e+01,6.000000000000000000e+01,9.671176067770444196e-02,6.091019397599473706e+01,-3.614753540739015086e-02,-1.127408907653145853e+01,0.000000000000000000e+00
1.806000000000000000e+03,4.969750146934865853e+01,8.696299999999999386e+01,6.000000000000000000e+01,9.671176067770444196e-02,6.091077669001658279e+01,-3.476246915732229825e-02,-1.127522451218830923e+01,0.000000000000000000e+00
1.807000000000000000e+03,4.969828841232875050e+01,8.693099999999999739e+01,6.000000000000000000e+01,9.671176067770444196e-02,6.091135940403842852e+01,-3.343047453428119042e-02,-1.127635227785310335e+01,0.000000000000000000e+00
1.808000000000000000e+03,4.987255369375719027e+01,8.696299999999999386e+01,6.000000000000000000e+01,1.803543645070473656e-01,6.091244608694403695e+01,5.722566817572809217e-02,-1.127747242586961640e+01,0.000000000000000000e+00
1.809000000000000000e+03,4.969681331771666777e+01,8.693099999999999739e+01,6.000000000000000000e+01,9.671176067770444196e-02,6.091302880096588268e+01,-3.434223571675614622e-02,-1.127858500821016463e+01,0.000000000000000000e+00
1.810000000000000000e+03,4.987112861487506166e+01,8.696299999999999386e+01,6.000000000000000000e+01,1.803543645070473656e-01,6.091411548387149111e+01,5.634884297513226975e-02,-1.127969007647861233e+01,0.000000000000000000e+00
1.811000000000000000e+03,4.969543681307911243e+01,8.689799999999999613e+01,6.000000000000000000e+01,9.671176067770444196e-02,6.091469819789333684e+01,-3.518546357858828161e-02,-1.128078768191334724e+01,0.000000000000000000e+00
1.812000000000000000e+03,5.004874360886245199e+01,8.693099999999999739e+01,6.000000000000000000e+01,2.666107997060699897e-01,6.091630459871031888e+01,1.477060858362991280e-01,-1.128187787539023645e+01,0.000000000000000000e+00
1.813000000000000000e+03,4.986466320506686856e+01,8.693099999999999739e+01,6.000000000000000000e+01,1.803543645070473656e-01,6.091739128161592731e+01,4.987826636942543912e-02,-1.128296070742553070e+01,0.000000000000000000e+00
1.814000000000000000e+03,4.986276318011945818e+01,8.689799999999999613e+01,6.000000000000000000e+01,1.803543645070473656e-01,6.091847796452153574e+01,4.796707926962494317e-02,-1.128403622817875096e+01,0.000000000000000000e+00
1.815000000000000000e+03,5.003988796150955665e+01,8.686599999999999966e+01,6.000000000000000000e+01,2.666107997060699897e-01,6.092008436533851778e+01,1.382972839205031113e-01,-1.128510448745553241e+01,0.000000000000000000e+00
1.816000000000000000e+03,5.020865593257782677e+01,8.686599999999999966e+01,6.000000000000000000e+01,3.502534035354128994e-01,6.092219473503926253e+01,2.223733287136043790e-01,-1.128616553471044703e+01,0.000000000000000000e+00
1.817000000000000000e+03,5.020119173211528363e+01,8.689799999999999613e+01,6.000000000000000000e+01,3.502534035354128994e-01,6.092430510474000727e+01,2.138526428896549703e-01,-1.128721941904979253e+01,0.000000000000000000e+00
1.818000000000000000e+03,5.002053937431409025e+01,8.686599999999999966e+01,6.000000000000000000e+01,2.666107997060699897e-01,6.092591150555698931e+01,1.162832582853726149e-01,-1.128826618923434388e+01,0.000000000000000000e+00
1.819000000000000000e+03,5.019017220030155357e+01,8.680200000000000671e+01,6.000000000000000000e+01,3.502534035354128994e-01,6.092802187525773405e+01,2.012028151904812212e-01,-1.128930589368207826e+01,0.000000000000000000e+00
1.820000000000000000e+03,5.053058390638123143e+01,8.689799999999999613e+01,6.000000000000000000e+01,5.175386111940987188e-01,6.093114018272599708e+01,3.722436929320266374e-01,-1.129033858047088579e+01,0.000000000000000000e+00
1.821000000000000000e+03,4.999784794706038582e+01,8.683400000000000318e+01,6.000000000000000000e+01,2.666107997060699897e-01,6.093274658354297912e+01,8.985486115256474671e-02,-1.129136429734123226e+01,0.000000000000000000e+00
1.822000000000000000e+03,5.034203609974130700e+01,8.686599999999999966e+01,6.000000000000000000e+01,4.338960073647558091e-01,6.093536092212747945e+01,2.651622619478642973e-01,-1.129238309169879173e+01,0.000000000000000000e+00
1.823000000000000000e+03,5.015995652980438990e+01,8.686599999999999966e+01,6.000000000000000000e+01,3.502534035354128994e-01,6.093747129182822420e+01,1.656268450578279872e-01,-1.129339501061707729e+01,0.000000000000000000e+00
1.824000000000000000e+03,5.015471548025562498e+01,8.673699999999999477e+01,6.000000000000000000e+01,3.502534035354128994e-01,6.093958166152896894e+01,1.592805160312599777e-01,-1.129440010084001322e+01,0.000000000000000000e+00
1.825000000000000000e+03,5.084923397595873240e+01,8.686599999999999966e+01,6.000000000000000000e+01,6.874376502225014729e-01,6.094372365579236828e+01,5.134710787283669475e-01,-1.129539840878450185e+01,0.000000000000000000e+00
1.826000000000000000e+03,5.013320012052056995e+01,8.689799999999999613e+01,6.000000000000000000e+01,3.502534035354128994e-01,6.094583402549311302e+01,1.335026720350027674e-01,-1.129638998054295662e+01,0.000000000000000000e+00
1.827000000000000000e+03,4.995568842391915609e+01,8.689799999999999613e+01,6.000000000000000000e+01,2.666107997060699897e-01,6.094744042631009506e+01,3.901205978879276892e-02,-1.129737486188581030e+01,0.000000000000000000e+00
1.828000000000000000e+03,4.995482176203714886e+01,8.689799999999999613e+01,6.000000000000000000e+01,2.666107997060699897e-01,6.094904682712707711e+01,3.751723346799085146e-02,-1.129835309826398948e+01,0.000000000000000000e+00
1.829000000000000000e+03,4.995401897729304608e+01,8.686599999999999966e+01,6.000000000000000000e+01,2.666107997060699897e-01,6.095065322794405915e+01,3.607968445429497739e-02,-1.129932473481137656e+01,0.000000000000000000e+00
1.830000000000000000e+03,5.012679958905108890e+01,8.693099999999999739e+01,6.000000000000000000e+01,3.502534035354128994e-01,6.095276359764480389e+01,1.240724042181234055e-01,-1.130028981634724872e+01,0.000000000000000000e+00
1.831000000000000000e+03,4.977073122878444877e+01,8.680200000000000671e+01,6.000000000000000000e+01,1.803543645070473656e-01,6.095385028055041232e+01,-6.222502889434065876e-02,-1.130124838737867243e+01,0.000000000000000000e+00
1.832000000000000000e+03,5.047275967583788514e+01,8.693099999999999739e+01,6.000000000000000000e+01,5.175386111940987188e-01,6.095696858801867535e+01,3.004529687280027561e-01,-1.130220049210289268e+01,0.000000000000000000e+00
1.833000000000000000e+03,4.976391024467086055e+01,8.689799999999999613e+01,6.000000000000000000e+01,1.803543645070473656e-01,6.095805527092428378e+01,-7.135321635077629399e-02,-1.130314617440969194e+01,0.000000000000000000e+00
1.834000000000000000e+03,4.994573598138039472e+01,8.686599999999999966e+01,6.000000000000000000e+01,2.666107997060699897e-01,6.095966167174126582e+01,2.354898781678675668e-02,-1.130408547788372786e+01,0.000000000000000000e+00
1.835000000000000000e+03,5.011902884584799978e+01,8.689799999999999613e+01,6.000000000000000000e+01,3.502534035354128994e-01,6.096177204144201056e+01,1.120218466774262900e-01,-1.130501844580684967e+01,0.000000000000000000e+00
1.836000000000000000e+03,4.994239843669611645e+01,8.676999999999999602e+01,6.000000000000000000e+01,2.666107997060699897e-01,6.096337844225899261e+01,1.835431589143386721e-02,-1.130594512116038608e+01,0.000000000000000000e+00
1.837000000000000000e+03,5.063646816466697231e+01,8.683400000000000318e+01,6.000000000000000000e+01,6.011812150234787655e-01,6.096700071861101122e+01,3.751517776598922160e-01,-1.130686554662741194e+01,0.000000000000000000e+00
1.838000000000000000e+03,5.027775800283855290e+01,8.680200000000000671e+01,6.000000000000000000e+01,4.338960073647558091e-01,6.096961505719551155e+01,1.820267028732868164e-01,-1.130777976459500422e+01,0.000000000000000000e+00
1.839000000000000000e+03,5.044601132484768868e+01,8.689799999999999613e+01,6.000000000000000000e+01,5.175386111940987188e-01,6.097273336466377458e+01,2.644271661462661016e-01,-1.130868781715645000e+01,0.000000000000000000e+00
1.840000000000000000e+03,4.991753036268492139e+01,8.686599999999999966e+01,6.000000000000000000e+01,2.666107997060699897e-01,6.097433976548075663e+01,-1.383045638843044545e-02,-1.130958974611347401e+01,0.000000000000000000e+00
1.841000000000000000e+03,5.009229261754890672e+01,8.693099999999999739e+01,6.000000000000000000e+01,3.502534035354128994e-01,6.097645013518150137e+01,7.607467181039351267e-02,-1.131048559297840583e+01,0.000000000000000000e+00
1.842000000000000000e+03,4.973813215293663603e+01,8.689799999999999613e+01,6.000000000000000000e+01,1.803543645070473656e-01,6.097753681808710979e+01,-1.083836306811722938e-01,-1.131137539897634525e+01,0.000000000000000000e+00
1.843000000000000000e+03,4.992143228259874377e+01,8.693099999999999739e+01,6.000000000000000000e+01,2.666107997060699897e-01,6.097914321890409184e+01,-1.206253096410589420e-02,-1.131225920504730809e+01,0.000000000000000000e+00
1.844000000000000000e+03,4.974367872314776662e+01,8.693099999999999739e+01,6.000000000000000000e+01,1.803543645070473656e-01,6.098022990180970027e+01,-1.037684913206341486e-01,-1.131313705184834717e+01,0.000000000000000000e+00
1.845000000000000000e+03,4.974786957868871440e+01,8.696299999999999386e+01,6.000000000000000000e+01,1.803543645070473656e-01,6.098131658471530869e+01,-9.979239077798732205e-02,-1.131400897975565378e+01,0.000000000000000000e+00
1.846000000000000000e+03,4.957839220177664430e+01,8.689799999999999613e+01,6.000000000000000000e+01,9.671176067770444196e-02,6.098189929873715442e+01,-1.853438287715684363e-01,-1.131487502886664487e+01,0.000000000000000000e+00
1.847000000000000000e+03,4.993768260369903089e+01,8.686599999999999966e+01,6.000000000000000000e+01,2.666107997060699897e-01,6.098350569955413647e+01,3.301343440840043275e-03,-1.131573523900201828e+01,0.000000000000000000e+00
1.848000000000000000e+03,5.011182985500975917e+01,8.693099999999999739e+01,6.000000000000000000e+01,3.502534035354128994e-01,6.098561606925488121e+01,9.255003192727381811e-02,-1.131658964970780978e+01,0.000000000000000000e+00
1.849000000000000000e+03,4.975707925895453343e+01,8.680200000000000671e+01,6.000000000000000000e+01,1.803543645070473656e-01,6.098670275216048964e+01,-9.253955745559522272e-02,-1.131743830025740927e+01,0.000000000000000000e+00
1.850000000000000000e+03,5.046037844407948114e+01,8.689799999999999613e+01,6.000000000000000000e+01,5.175386111940987188e-01,6.098982105962875266e+01,2.713000029102022870e-01,-1.131828122965357508e+01,0.000000000000000000e+00
1.851000000000000000e+03,4.993169881719464342e+01,8.673699999999999477e+01,6.000000000000000000e+01,2.666107997060699897e-01,6.099142746044573471e+01,-7.220966326742905839e-03,-1.131911847663042003e+01,0.000000000000000000e+00
1.852000000000000000e+03,5.080578165034489047e+01,8.670499999999999829e+01,6.000000000000000000e+01,6.874376502225014729e-01,6.099556945470913405e+01,4.427246250686410756e-01,-1.131995007965538313e+01,0.000000000000000000e+00
1.853000000000000000e+03,5.096565551284191287e+01,8.673699999999999477e+01,6.000000000000000000e+01,7.710802540518443271e-01,6.100021541785629609e+01,5.151359178649581594e-01,-1.132077607693119070e+01,0.000000000000000000e+00
1.854000000000000000e+03,5.077622080849063479e+01,8.676999999999999602e+01,6.000000000000000000e+01,6.874376502225014729e-01,6.100435741211969543e+01,4.060222525462320875e-01,-1.132159650639778548e+01,0.000000000000000000e+00
1.855000000000000000e+03,5.058504602216342505e+01,8.676999999999999602e+01,6.000000000000000000e+01,6.011812150234787655e-01,6.100797968847171404e+01,2.982965244024730067e-01,-1.132241140573424332e+01,0.000000000000000000e+00
1.856000000000000000e+03,5.057642905459010763e+01,8.683400000000000318e+01,6.000000000000000000e+01,6.011812150234787655e-01,6.101160196482373266e+01,2.868666871035809862e-01,-1.132322081236068989e+01,0.000000000000000000e+00
1.857000000000000000e+03,5.022121198223882033e+01,8.680200000000000671e+01,6.000000000000000000e+01,4.338960073647558091e-01,6.101421630340823299e+01,9.712443490600142226e-02,-1.132402476344017117e+01,0.000000000000000000e+00
1.858000000000000000e+03,5.039282802723862176e+01,8.683400000000000318e+01,6.000000000000000000e+01,5.175386111940987188e-01,6.101733461087649601e+01,1.827781010485645119e-01,-1.132482329588053815e+01,0.000000000000000000e+00
1.859000000000000000e+03,5.021462791112993784e+01,8.683400000000000318e+01,6.000000000000000000e+01,4.338960073647558091e-01,6.101994894946099635e+01,8.639940064046158774e-02,-1.132561644633627829e+01,0.000000000000000000e+00
1.860000000000000000e+03,5.021314387629107046e+01,8.689799999999999613e+01,6.000000000000000000e+01,4.338960073647558091e-01,6.102256328804549668e+01,8.308883209119533042e-02,-1.132640425121037886e+01,0.000000000000000000e+00
1.861000000000000000e+03,4.986474848427988604e+01,8.676999999999999602e+01,6.000000000000000000e+01,2.666107997060699897e-01,6.102416968886247872e+01,-9.884525763252972885e-02,-1.132718674665612824e+01,0.000000000000000000e+00
1.862000000000000000e+03,5.056345215553645289e+01,8.673699999999999477e+01,6.000000000000000000e+01,6.011812150234787655e-01,6.102779196521449734e+01,2.624429438774049106e-01,-1.132796396857892951e+01,0.000000000000000000e+00
1.863000000000000000e+03,5.073519072714694289e+01,8.680200000000000671e+01,6.000000000000000000e+01,6.874376502225014729e-01,6.103193395947789668e+01,3.445550700846383152e-01,-1.132873595263808930e+01,0.000000000000000000e+00
1.864000000000000000e+03,5.037289753962757999e+01,8.676999999999999602e+01,6.000000000000000000e+01,5.175386111940987188e-01,6.103505226694615970e+01,1.498093957359073469e-01,-1.132950273424858700e+01,0.000000000000000000e+00
1.865000000000000000e+03,5.054303574031767710e+01,8.683400000000000318e+01,6.000000000000000000e+01,6.011812150234787655e-01,6.103867454329817832e+01,2.334443305788727330e-01,-1.133026434858284759e+01,0.000000000000000000e+00
1.866000000000000000e+03,5.018991312316990872e+01,8.680200000000000671e+01,6.000000000000000000e+01,4.338960073647558091e-01,6.104128888188267865e+01,4.574906449493948424e-02,-1.133102083057246823e+01,0.000000000000000000e+00
1.867000000000000000e+03,5.036354486795498531e+01,8.680200000000000671e+01,6.000000000000000000e+01,5.175386111940987188e-01,6.104440718935094168e+01,1.333712823199099118e-01,-1.133177221490996445e+01,0.000000000000000000e+00
1.868000000000000000e+03,5.036080646266717054e+01,8.683400000000000318e+01,6.000000000000000000e+01,5.175386111940987188e-01,6.104752549681920470e+01,1.282608907043362445e-01,-1.133251853605047543e+01,0.000000000000000000e+00
1.869000000000000000e+03,5.018474714251307489e+01,8.670499999999999829e+01,6.000000000000000000e+01,4.338960073647558091e-01,6.105013983540370504e+01,3.397112795808572561e-02,-1.133325982821346756e+01,0.000000000000000000e+00
1.870000000000000000e+03,5.088483310163387330e+01,8.676999999999999602e+01,6.000000000000000000e+01,7.710802540518443271e-01,6.105478579855086707e+01,3.929631744155855921e-01,-1.133399612538442369e+01,0.000000000000000000e+00
1.871000000000000000e+03,5.052122447382197379e+01,8.670499999999999829e+01,6.000000000000000000e+01,6.011812150234787655e-01,6.105840807490288569e+01,1.963626452121190469e-01,-1.133472746131650943e+01,0.000000000000000000e+00
1.872000000000000000e+03,5.086906238103620126e+01,8.667300000000000182e+01,6.000000000000000000e+01,7.710802540518443271e-01,6.106305403805004772e+01,3.703819584665438702e-01,-1.133545386953223755e+01,0.000000000000000000e+00
1.873000000000000000e+03,5.103231665212931034e+01,8.670499999999999829e+01,6.000000000000000000e+01,8.547228578811872923e-01,6.106820397008096535e+01,4.455652074922749617e-01,-1.133617538332511465e+01,0.000000000000000000e+00
1.874000000000000000e+03,5.084615543678773264e+01,8.667300000000000182e+01,6.000000000000000000e+01,7.710802540518443271e-01,6.107284993322812738e+01,3.391172852690172990e-01,-1.133689203576126125e+01,0.000000000000000000e+00
1.875000000000000000e+03,5.101061736721926820e+01,8.673699999999999477e+01,6.000000000000000000e+01,8.547228578811872923e-01,6.107799986525904501e+01,4.154985037600868458e-01,-1.133760385968104600e+01,0.000000000000000000e+00
1.876000000000000000e+03,5.065209608424599708e+01,8.686599999999999966e+01,6.000000000000000000e+01,6.874376502225014729e-01,6.108214185952244435e+01,2.208274622017260547e-01,-1.133831088770067552e+01,0.000000000000000000e+00
1.877000000000000000e+03,4.994756477070335166e+01,8.683400000000000318e+01,6.000000000000000000e+01,3.502534035354128994e-01,6.108425222922318909e+01,-1.479277098414555069e-01,-1.133901315221379669e+01,0.000000000000000000e+00
1.878000000000000000e+03,5.012816751681103966e+01,8.673699999999999477e+01,6.000000000000000000e+01,4.338960073647558091e-01,6.108686656780768942e+01,-5.288437296833814472e-02,-1.133971068539307225e+01,0.000000000000000000e+00
1.879000000000000000e+03,5.065810322538246169e+01,8.680200000000000671e+01,6.000000000000000000e+01,6.874376502225014729e-01,6.109100856207108876e+01,2.200605322806227504e-01,-1.134040351919174583e+01,0.000000000000000000e+00
1.880000000000000000e+03,5.030065891443717874e+01,8.693099999999999739e+01,6.000000000000000000e+01,5.175386111940987188e-01,6.109412686953935179e+01,3.008511904891622568e-02,-1.134109168534518908e+01,0.000000000000000000e+00
1.881000000000000000e+03,4.960243132894159857e+01,8.686599999999999966e+01,6.000000000000000000e+01,1.803543645070473656e-01,6.109521355244496021e+01,-3.313613726379486812e-01,-1.134177521537245781e+01,0.000000000000000000e+00
1.882000000000000000e+03,4.996800194349440005e+01,8.696299999999999386e+01,6.000000000000000000e+01,3.502534035354128994e-01,6.109732392214570496e+01,-1.371212416089073183e-01,-1.134245414057780366e+01,0.000000000000000000e+00
1.883000000000000000e+03,4.944870420903951924e+01,8.689799999999999613e+01,6.000000000000000000e+01,9.671176067770444196e-02,6.109790663616755069e+01,-4.027856957535316251e-01,-1.134312849205220886e+01,0.000000000000000000e+00
1.884000000000000000e+03,4.981651673932442748e+01,8.689799999999999613e+01,6.000000000000000000e+01,2.666107997060699897e-01,6.109951303698453273e+01,-2.058087966913061950e-01,-1.134379830067486949e+01,0.000000000000000000e+00
1.885000000000000000e+03,4.982534382583152421e+01,8.696299999999999386e+01,6.000000000000000000e+01,2.666107997060699897e-01,6.110111943780151478e+01,-1.979228145613619594e-01,-1.134446359711470187e+01,0.000000000000000000e+00
1.886000000000000000e+03,4.948140715391143374e+01,8.696299999999999386e+01,6.000000000000000000e+01,9.671176067770444196e-02,6.110170215182336051e+01,-3.718823467578066810e-01,-1.134512441183182219e+01,0.000000000000000000e+00
1.887000000000000000e+03,4.949558293225246786e+01,8.696299999999999386e+01,6.000000000000000000e+01,9.671176067770444196e-02,6.110228486584520624e+01,-3.576329191914403571e-01,-1.134578077507900495e+01,0.000000000000000000e+00
1.888000000000000000e+03,4.950921713625271536e+01,8.693099999999999739e+01,6.000000000000000000e+01,9.671176067770444196e-02,6.110286757986705197e+01,-3.439294873888937842e-01,-1.134643271690315380e+01,0.000000000000000000e+00
1.889000000000000000e+03,4.969585241588643498e+01,8.696299999999999386e+01,6.000000000000000000e+01,1.803543645070473656e-01,6.110395426277266040e+01,-2.413759442465334137e-01,-1.134708026714673501e+01,0.000000000000000000e+00
1.890000000000000000e+03,4.953202296125010662e+01,8.696299999999999386e+01,6.000000000000000000e+01,9.671176067770444196e-02,6.110453697679450613e+01,-3.215023207728846533e-01,-1.134772345544922167e+01,0.000000000000000000e+00
1.891000000000000000e+03,4.954428583400027719e+01,8.696299999999999386e+01,6.000000000000000000e+01,9.671176067770444196e-02,6.110511969081635186e+01,-3.091833062452725711e-01,-1.134836231124851125e+01,0.000000000000000000e+00
1.892000000000000000e+03,4.955608098194915101e+01,8.696299999999999386e+01,6.000000000000000000e+01,9.671176067770444196e-02,6.110570240483819759e+01,-2.973363197844149930e-01,-1.134899686378234129e+01,0.000000000000000000e+00
1.893000000000000000e+03,4.956742646277202624e+01,8.696299999999999386e+01,6.000000000000000000e+01,9.671176067770444196e-02,6.110628511886004333e+01,-2.859432746760455779e-01,-1.134962714208968038e+01,0.000000000000000000e+00
1.894000000000000000e+03,4.957833964131236826e+01,8.696299999999999386e+01,6.000000000000000000e+01,9.671176067770444196e-02,6.110686783288188906e+01,-2.749867772350968465e-01,-1.135025317501212783e+01,0.000000000000000000e+00
1.895000000000000000e+03,4.958883721613526774e+01,8.696299999999999386e+01,6.000000000000000000e+01,9.671176067770444196e-02,6.110745054690373479e+01,-2.644501002508786724e-01,-1.135087499119529575e+01,0.000000000000000000e+00
1.896000000000000000e+03,4.959893524506336604e+01,8.696299999999999386e+01,6.000000000000000000e+01,9.671176067770444196e-02,6.110803326092558052e+01,-2.543171574497584131e-01,-1.135149261909016616e+01,0.000000000000000000e+00
1.897000000000000000e+03,4.960864916973431349e+01,8.696299999999999386e+01,6.000000000000000000e+01,9.671176067770444196e-02,6.110861597494742625e+01,-2.445724789363558638e-01,-1.135210608695446410e+01,0.000000000000000000e+00
1.898000000000000000e+03,4.961799383921722750e+01,8.696299999999999386e+01,6.000000000000000000e+01,9.671176067770444196e-02,6.110919868896927198e+01,-2.352011875757580861e-01,-1.135271542285398816e+01,0.000000000000000000e+00
1.899000000000000000e+03,4.962698353272416796e+01,8.696299999999999386e+01,6.000000000000000000e+01,9.671176067770444196e-02,6.110978140299111772e+01,-2.261889762806981174e-01,-1.135332065466396223e+01,0.000000000000000000e+00
1.900000000000000000e+03,4.963563198145129718e+01,8.693099999999999739e+01,6.000000000000000000e+01,9.671176067770444196e-02,6.111036411701296345e+01,-2.175220861690214114e-01,-1.135392181007035362e+01,0.000000000000000000e+00
1.901000000000000000e+03,4.981747414846311983e+01,8.693099999999999739e+01,6.000000000000000000e+01,1.803543645070473656e-01,6.111145079991857187e+01,-1.198120993912987764e-01,-1.135451891657119816e+01,0.000000000000000000e+00
1.902000000000000000e+03,4.982255859043925739e+01,8.686599999999999966e+01,6.000000000000000000e+01,1.803543645070473656e-01,6.111253748282418030e+01,-1.152212554140704948e-01,-1.135511200147790056e+01,0.000000000000000000e+00
1.903000000000000000e+03,5.017993719209533765e+01,8.689799999999999613e+01,6.000000000000000000e+01,3.502534035354128994e-01,6.111464785252492504e+01,7.073702795153929967e-02,-1.135570109191653287e+01,0.000000000000000000e+00
1.904000000000000000e+03,5.000523024708081721e+01,8.693099999999999739e+01,6.000000000000000000e+01,2.666107997060699897e-01,6.111625425334190709e+01,-2.134859113804173092e-02,-1.135628621482912237e+01,0.000000000000000000e+00
1.905000000000000000e+03,4.982812916654453517e+01,8.693099999999999739e+01,6.000000000000000000e+01,1.803543645070473656e-01,6.111734093624751551e+01,-1.126987372350897187e-01,-1.135686739697493230e+01,0.000000000000000000e+00
1.906000000000000000e+03,4.983295686254932377e+01,8.696299999999999386e+01,6.000000000000000000e+01,1.803543645070473656e-01,6.111842761915312394e+01,-1.083804561791238547e-01,-1.135744466493172311e+01,0.000000000000000000e+00
1.907000000000000000e+03,4.966410122375479119e+01,8.693099999999999739e+01,6.000000000000000000e+01,9.671176067770444196e-02,6.111901033317496967e+01,-1.936028250008671181e-01,-1.135801804509701718e+01,0.000000000000000000e+00
1.908000000000000000e+03,4.984505446359333547e+01,8.689799999999999613e+01,6.000000000000000000e+01,1.803543645070473656e-01,6.112009701608057810e+01,-9.680935330493883884e-02,-1.135858756368934586e+01,0.000000000000000000e+00
1.909000000000000000e+03,5.002822922431634822e+01,8.689799999999999613e+01,6.000000000000000000e+01,2.666107997060699897e-01,6.112170341689756015e+01,-9.317455377957362117e-04,-1.135915324674948756e+01,0.000000000000000000e+00
1.910000000000000000e+03,5.002930945346416536e+01,8.689799999999999613e+01,6.000000000000000000e+01,2.666107997060699897e-01,6.112330981771454219e+01,-8.960438147458057740e-04,-1.135971512014169704e+01,0.000000000000000000e+00
1.911000000000000000e+03,5.003039209860692438e+01,8.693099999999999739e+01,6.000000000000000000e+01,2.666107997060699897e-01,6.112491621853152424e+01,-8.617100757398336907e-04,-1.136027320955493103e+01,0.000000000000000000e+00
1.912000000000000000e+03,4.985253287280191614e+01,8.696299999999999386e+01,6.000000000000000000e+01,1.803543645070473656e-01,6.112600290143713266e+01,-9.299685263821066972e-02,-1.136082754050405264e+01,0.000000000000000000e+00
1.913000000000000000e+03,4.968311056232541034e+01,8.689799999999999613e+01,6.000000000000000000e+01,9.671176067770444196e-02,6.112658561545897840e+01,-1.788086754802296063e-01,-1.136137813833104460e+01,0.000000000000000000e+00
1.914000000000000000e+03,5.004246387683399888e+01,8.693099999999999739e+01,6.000000000000000000e+01,2.666107997060699897e-01,6.112819201627596044e+01,9.586089058160746079e-03,-1.136192502820619588e+01,0.000000000000000000e+00
1.915000000000000000e+03,4.986421544640730019e+01,8.693099999999999739e+01,6.000000000000000000e+01,1.803543645070473656e-01,6.112927869918156887e+01,-8.294938215202461718e-02,-1.136246823512929183e+01,0.000000000000000000e+00
1.916000000000000000e+03,4.986794095459384835e+01,8.686599999999999966e+01,6.000000000000000000e+01,1.803543645070473656e-01,6.113036538208717730e+01,-7.977100806958961621e-02,-1.136300778393078126e+01,0.000000000000000000e+00
1.917000000000000000e+03,5.022401438310494370e+01,8.689799999999999613e+01,6.000000000000000000e+01,3.502534035354128994e-01,6.113247575178792204e+01,1.048289270545696705e-01,-1.136354369927295593e+01,0.000000000000000000e+00
1.918000000000000000e+03,5.004805395425566417e+01,8.693099999999999739e+01,6.000000000000000000e+01,2.666107997060699897e-01,6.113408215260490408e+01,1.143700759578912540e-02,-1.136407600565110343e+01,0.000000000000000000e+00
1.919000000000000000e+03,4.986974908730473999e+01,8.696299999999999386e+01,6.000000000000000000e+01,1.803543645070473656e-01,6.113516883551051251e+01,-8.116938531816390856e-02,-1.136460472739465644e+01,0.000000000000000000e+00
1.920000000000000000e+03,4.969989901994458137e+01,8.696299999999999386e+01,6.000000000000000000e+01,9.671176067770444196e-02,6.113575154953235824e+01,-1.674344015971391819e-01,-1.136512988866833851e+01,0.000000000000000000e+00
1.921000000000000000e+03,4.970637569838876146e+01,8.693099999999999739e+01,6.000000000000000000e+01,9.671176067770444196e-02,6.113633426355420397e+01,-1.610188123698555740e-01,-1.136565151347329738e+01,0.000000000000000000e+00
1.922000000000000000e+03,4.988613182200883500e+01,8.696299999999999386e+01,6.000000000000000000e+01,1.803543645070473656e-01,6.113742094645981240e+01,-6.547386330979620972e-02,-1.136616962564822764e+01,0.000000000000000000e+00
1.923000000000000000e+03,4.971569088689010840e+01,8.689799999999999613e+01,6.000000000000000000e+01,9.671176067770444196e-02,6.113800366048165813e+01,-1.523402853987660399e-01,-1.136668424887049156e+01,0.000000000000000000e+00
1.924000000000000000e+03,5.007406574335264793e+01,8.696299999999999386e+01,6.000000000000000000e+01,2.666107997060699897e-01,6.113961006129864018e+01,3.504028900515746003e-02,-1.136719540665722583e+01,0.000000000000000000e+00
1.925000000000000000e+03,4.972135571588071201e+01,8.696299999999999386e+01,6.000000000000000000e+01,9.671176067770444196e-02,6.114019277532048591e+01,-1.478456977510379800e-01,-1.136770312236644287e+01,0.000000000000000000e+00
1.926000000000000000e+03,4.972709914131735331e+01,8.696299999999999386e+01,6.000000000000000000e+01,9.671176067770444196e-02,6.114077548934233164e+01,-1.421806895045606700e-01,-1.136820741919812505e+01,0.000000000000000000e+00
1.927000000000000000e+03,4.973262889628949779e+01,8.686599999999999966e+01,6.000000000000000000e+01,9.671176067770444196e-02,6.114135820336417737e+01,-1.367327475570750128e-01,-1.136870832019530830e+01,0.000000000000000000e+00
1.928000000000000000e+03,5.026394110685090055e+01,8.693099999999999739e+01,6.000000000000000000e+01,3.502534035354128994e-01,6.114346857306492211e+01,1.394249784957276861e-01,-1.136920584824516034e+01,0.000000000000000000e+00
1.929000000000000000e+03,4.990774887470977461e+01,8.696299999999999386e+01,6.000000000000000000e+01,1.803543645070473656e-01,6.114455525597053054e+01,-4.746071968775480987e-02,-1.136970002608004648e+01,0.000000000000000000e+00
1.930000000000000000e+03,4.973664150242456827e+01,8.693099999999999739e+01,6.000000000000000000e+01,9.671176067770444196e-02,6.114513796999237627e+01,-1.350173519669168321e-01,-1.137019087627860081e+01,0.000000000000000000e+00
1.931000000000000000e+03,4.991543189445610551e+01,8.696299999999999386e+01,6.000000000000000000e+01,1.803543645070473656e-01,6.114622465289798470e+01,-4.046870168215993546e-02,-1.137067842126676709e+01,0.000000000000000000e+00
1.932000000000000000e+03,4.974406319694372769e+01,8.696299999999999386e+01,6.000000000000000000e+01,9.671176067770444196e-02,6.114680736691983043e+01,-1.282932473349523150e-01,-1.137116268331885394e+01,0.000000000000000000e+00
1.933000000000000000e+03,4.974908072611534493e+01,8.696299999999999386e+01,6.000000000000000000e+01,9.671176067770444196e-02,6.114739008094167616e+01,-1.233774309454642032e-01,-1.137164368455857044e+01,0.000000000000000000e+00
1.934000000000000000e+03,4.975391313463413212e+01,8.696299999999999386e+01,6.000000000000000000e+01,9.671176067770444196e-02,6.114797279496352189e+01,-1.186499740470416536e-01,-1.137212144696006177e+01,0.000000000000000000e+00
1.935000000000000000e+03,4.975856761805100348e+01,8.696299999999999386e+01,6.000000000000000000e+01,9.671176067770444196e-02,6.114855550898536762e+01,-1.141036592631466950e-01,-1.137259599234892882e+01,0.000000000000000000e+00
1.936000000000000000e+03,4.976305109551599770e+01,8.696299999999999386e+01,6.000000000000000000e+01,9.671176067770444196e-02,6.114913822300721336e+01,-1.097315457656849458e-01,-1.137306734240324069e+01,0.000000000000000000e+00
1.937000000000000000e+03,4.976737022037372071e+01,8.696299999999999386e+01,6.000000000000000000e+01,9.671176067770444196e-02,6.114972093702905909e+01,-1.055269586784902264e-01,-1.137353551865455259e+01,0.000000000000000000e+00
1.938000000000000000e+03,4.977153139035287666e+01,8.696299999999999386e+01,6.000000000000000000e+01,9.671176067770444196e-02,6.115030365105090482e+01,-1.014834788868361620e-01,-1.137400054248890413e+01,0.000000000000000000e+00
1.939000000000000000e+03,4.977554075736522066e+01,8.696299999999999386e+01,6.000000000000000000e+01,9.671176067770444196e-02,6.115088636507275055e+01,-9.759493323741703918e-02,-1.137446243514781585e+01,0.000000000000000000e+00
1.940000000000000000e+03,4.977940423692919580e+01,8.696299999999999386e+01,6.000000000000000000e+01,9.671176067770444196e-02,6.115146907909459628e+01,-9.385538511383637039e-02,-1.137492121772926978e+01,0.000000000000000000e+00
1.941000000000000000e+03,4.978312751723223073e+01,8.696299999999999386e+01,6.000000000000000000e+01,9.671176067770444196e-02,6.115205179311644201e+01,-9.025912537321463536e-02,-1.137537691118870065e+01,0.000000000000000000e+00
1.942000000000000000e+03,4.978671606784595127e+01,8.696299999999999386e+01,6.000000000000000000e+01,9.671176067770444196e-02,6.115263450713828774e+01,-8.680066363007946095e-02,-1.137582953633996574e+01,0.000000000000000000e+00
1.943000000000000000e+03,4.979017514810730205e+01,8.696299999999999386e+01,6.000000000000000000e+01,9.671176067770444196e-02,6.115321722116013348e+01,-8.347471987423113471e-02,-1.137627911385630597e+01,0.000000000000000000e+00
1.944000000000000000e+03,4.979350981517858798e+01,8.696299999999999386e+01,6.000000000000000000e+01,9.671176067770444196e-02,6.115379993518197921e+01,-8.027621640978668816e-02,-1.137672566427131393e+01,0.000000000000000000e+00
1.945000000000000000e+03,4.979672493179855053e+01,8.696299999999999386e+01,6.000000000000000000e+01,9.671176067770444196e-02,6.115438264920382494e+01,-7.720027010309582494e-02,-1.137716920797988251e+01,0.000000000000000000e+00
1.946000000000000000e+03,4.979982517373653650e+01,8.696299999999999386e+01,6.000000000000000000e+01,9.671176067770444196e-02,6.115496536322567067e+01,-7.424218492769379951e-02,-1.137760976523915346e+01,0.000000000000000000e+00
1.947000000000000000e+03,4.980281503696085821e+01,8.696299999999999386e+01,6.000000000000000000e+01,9.671176067770444196e-02,6.115554807724751640e+01,-7.139744479490947593e-02,-1.137804735616945528e+01,0.000000000000000000e+00
1.948000000000000000e+03,4.980569884453264962e+01,8.696299999999999386e+01,6.000000000000000000e+01,9.671176067770444196e-02,6.115613079126936213e+01,-6.866170665918322480e-02,-1.137848200075523586e+01,0.000000000000000000e+00
1.949000000000000000e+03,4.980848075323535795e+01,8.696299999999999386e+01,6.000000000000000000e+01,9.671176067770444196e-02,6.115671350529120787e+01,-6.603079388756862012e-02,-1.137891371884598790e+01,0.000000000000000000e+00
1.950000000000000000e+03,4.981116475995028736e+01,8.696299999999999386e+01,6.000000000000000000e+01,9.671176067770444196e-02,6.115729621931305360e+01,-6.350068988329506114e-02,-1.137934253015717623e+01,0.000000000000000000e+00
1.951000000000000000e+03,4.981375470778780823e+01,8.696299999999999386e+01,6.000000000000000000e+01,9.671176067770444196e-02,6.115787893333489933e+01,-6.106753195365663411e-02,-1.137976845427114014e+01,0.000000000000000000e+00
1.952000000000000000e+03,4.981625429198358290e+01,8.696299999999999386e+01,6.000000000000000000e+01,9.671176067770444196e-02,6.115846164735674506e+01,-5.872760541286520947e-02,-1.138019151063800827e+01,0.000000000000000000e+00
1.953000000000000000e+03,4.981866706556883884e+01,8.693099999999999739e+01,6.000000000000000000e+01,9.671176067770444196e-02,6.115904436137859079e+01,-5.647733791086472638e-02,-1.138061171857659559e+01,0.000000000000000000e+00
1.954000000000000000e+03,4.999451820370329358e+01,8.693099999999999739e+01,6.000000000000000000e+01,1.803543645070473656e-01,6.116013104428419922e+01,3.506189218734598323e-02,-1.138102909727529521e+01,0.000000000000000000e+00
1.955000000000000000e+03,4.999384685046653232e+01,8.696299999999999386e+01,6.000000000000000000e+01,1.803543645070473656e-01,6.116121772718980765e+01,3.371842456265469745e-02,-1.138144366579297717e+01,0.000000000000000000e+00
1.956000000000000000e+03,4.981970800729186521e+01,8.693099999999999739e+01,6.000000000000000000e+01,9.671176067770444196e-02,6.116180044121165338e+01,-5.694875153764001469e-02,-1.138185544305985530e+01,0.000000000000000000e+00
1.957000000000000000e+03,4.999558558247726126e+01,8.693099999999999739e+01,6.000000000000000000e+01,1.803543645070473656e-01,6.116288712411726181e+01,3.460854173132105888e-02,-1.138226444787837188e+01,0.000000000000000000e+00
1.958000000000000000e+03,4.999493991775614887e+01,8.680200000000000671e+01,6.000000000000000000e+01,1.803543645070473656e-01,6.116397380702287023e+01,3.328244515029889217e-02,-1.138267069892406624e+01,0.000000000000000000e+00
1.959000000000000000e+03,5.069385739082734688e+01,8.676999999999999602e+01,6.000000000000000000e+01,5.175386111940987188e-01,6.116709211449113326e+01,3.923008798885454507e-01,-1.138307421474643100e+01,0.000000000000000000e+00
1.960000000000000000e+03,5.085506485301028334e+01,8.683400000000000318e+01,6.000000000000000000e+01,6.011812150234787655e-01,6.117071439084315188e+01,4.666442609134318076e-01,-1.138347501376978421e+01,0.000000000000000000e+00
1.961000000000000000e+03,5.049336508826934988e+01,8.686599999999999966e+01,6.000000000000000000e+01,4.338960073647558091e-01,6.117332872942765221e+01,2.700134657710350772e-01,-1.138387311429409898e+01,0.000000000000000000e+00
1.962000000000000000e+03,5.031171613331960657e+01,8.693099999999999739e+01,6.000000000000000000e+01,3.502534035354128994e-01,6.117543909912839695e+01,1.702921651516670631e-01,-1.138426853449586851e+01,0.000000000000000000e+00
1.963000000000000000e+03,4.995444258211927036e+01,8.693099999999999739e+01,6.000000000000000000e+01,1.803543645070473656e-01,6.117652578203400537e+01,-1.777627199284970150e-02,-1.138466129242893388e+01,0.000000000000000000e+00
1.964000000000000000e+03,4.995582028540101760e+01,8.696299999999999386e+01,6.000000000000000000e+01,1.803543645070473656e-01,6.117761246493961380e+01,-1.709513802031643534e-02,-1.138505140602532251e+01,0.000000000000000000e+00
1.965000000000000000e+03,4.978365275729668582e+01,8.696299999999999386e+01,6.000000000000000000e+01,9.671176067770444196e-02,6.117819517896145953e+01,-1.058152892464064437e-01,-1.138543889309607238e+01,0.000000000000000000e+00
1.966000000000000000e+03,4.978790512084563602e+01,8.696299999999999386e+01,6.000000000000000000e+01,9.671176067770444196e-02,6.117877789298330526e+01,-1.017607614833213325e-01,-1.138582377133205803e+01,0.000000000000000000e+00
1.967000000000000000e+03,4.979200471819011398e+01,8.689799999999999613e+01,6.000000000000000000e+01,9.671176067770444196e-02,6.117936060700515100e+01,-9.786159118793964773e-02,-1.138620605830480059e+01,0.000000000000000000e+00
1.968000000000000000e+03,5.014842355743894586e+01,8.696299999999999386e+01,6.000000000000000000e+01,2.666107997060699897e-01,6.118096700782213304e+01,8.743152137802528978e-02,-1.138658577146728490e+01,0.000000000000000000e+00
1.969000000000000000e+03,4.979383661249164561e+01,8.683400000000000318e+01,6.000000000000000000e+01,9.671176067770444196e-02,6.118154972184397877e+01,-9.746194187528940678e-02,-1.138696292815475530e+01,0.000000000000000000e+00
1.970000000000000000e+03,5.049728875185670063e+01,8.689799999999999613e+01,6.000000000000000000e+01,4.338960073647558091e-01,6.118416406042847910e+01,2.665662296489934580e-01,-1.138733754558553102e+01,0.000000000000000000e+00
1.971000000000000000e+03,5.014227345080739440e+01,8.693099999999999739e+01,6.000000000000000000e+01,2.666107997060699897e-01,6.118577046124546115e+01,7.760183071764165108e-02,-1.138770964086177706e+01,0.000000000000000000e+00
1.972000000000000000e+03,4.996159247588483510e+01,8.696299999999999386e+01,6.000000000000000000e+01,1.803543645070473656e-01,6.118685714415106958e+01,-1.753980180296658975e-02,-1.138807923097031072e+01,0.000000000000000000e+00
1.973000000000000000e+03,4.978946237123431473e+01,8.696299999999999386e+01,6.000000000000000000e+01,9.671176067770444196e-02,6.118743985817291531e+01,-1.062429148329241402e-01,-1.138844633278338137e+01,0.000000000000000000e+00
1.974000000000000000e+03,4.979375136808621960e+01,8.696299999999999386e+01,6.000000000000000000e+01,9.671176067770444196e-02,6.118802257219476104e+01,-1.021720017268031577e-01,-1.138881096305943785e+01,0.000000000000000000e+00
1.975000000000000000e+03,4.979788683452431286e+01,8.696299999999999386e+01,6.000000000000000000e+01,9.671176067770444196e-02,6.118860528621660677e+01,-9.825707392608959423e-02,-1.138917313844390655e+01,0.000000000000000000e+00
1.976000000000000000e+03,4.980187473090926176e+01,8.696299999999999386e+01,6.000000000000000000e+01,9.671176067770444196e-02,6.118918800023845250e+01,-9.449215453693463052e-02,-1.138953287546996052e+01,0.000000000000000000e+00
1.977000000000000000e+03,4.980572078869640507e+01,8.696299999999999386e+01,6.000000000000000000e+01,9.671176067770444196e-02,6.118977071426029823e+01,-9.087149568231886465e-02,-1.138989019055927976e+01,0.000000000000000000e+00
1.978000000000000000e+03,4.980943051921023823e+01,8.696299999999999386e+01,6.000000000000000000e+01,9.671176067770444196e-02,6.119035342828214397e+01,-8.738956972680725355e-02,-1.139024510002280266e+01,0.000000000000000000e+00
1.979000000000000000e+03,4.981300922208267679e+01,8.696299999999999386e+01,6.000000000000000000e+01,9.671176067770444196e-02,6.119093614230398970e+01,-8.404106083754543655e-02,-1.139059762006147736e+01,0.000000000000000000e+00
1.980000000000000000e+03,4.981646199336791625e+01,8.696299999999999386e+01,6.000000000000000000e+01,9.671176067770444196e-02,6.119151885632583543e+01,-8.082085686861355256e-02,-1.139094776676701137e+01,0.000000000000000000e+00
1.981000000000000000e+03,4.981979373334643668e+01,8.696299999999999386e+01,6.000000000000000000e+01,9.671176067770444196e-02,6.119210157034768116e+01,-7.772404155634760059e-02,-1.139129555612260880e+01,0.000000000000000000e+00
1.982000000000000000e+03,4.982300915402981190e+01,8.696299999999999386e+01,6.000000000000000000e+01,9.671176067770444196e-02,6.119268428436952689e+01,-7.474588701371287502e-02,-1.139164100400370749e+01,0.000000000000000000e+00
1.983000000000000000e+03,4.982611278637810415e+01,8.696299999999999386e+01,6.000000000000000000e+01,9.671176067770444196e-02,6.119326699839137262e+01,-7.188184651227073896e-02,-1.139198412617870559e+01,0.000000000000000000e+00
1.984000000000000000e+03,4.982910898724051663e+01,8.696299999999999386e+01,6.000000000000000000e+01,9.671176067770444196e-02,6.119384971241321836e+01,-6.912754754071902263e-02,-1.139232493830968984e+01,0.000000000000000000e+00
1.985000000000000000e+03,4.983200194603021060e+01,8.696299999999999386e+01,6.000000000000000000e+01,9.671176067770444196e-02,6.119443242643506409e+01,-6.647878512940851026e-02,-1.139266345595315677e+01,0.000000000000000000e+00
1.986000000000000000e+03,4.983479569114324903e+01,8.696299999999999386e+01,6.000000000000000000e+01,9.671176067770444196e-02,6.119501514045690982e+01,-6.393151543064415354e-02,-1.139299969456072148e+01,0.000000000000000000e+00
1.987000000000000000e+03,4.983749409613166392e+01,8.696299999999999386e+01,6.000000000000000000e+01,9.671176067770444196e-02,6.119559785447875555e+01,-6.148184954497012966e-02,-1.139333366947983350e+01,0.000000000000000000e+00
1.988000000000000000e+03,4.984010088563981355e+01,8.696299999999999386e+01,6.000000000000000000e+01,9.671176067770444196e-02,6.119618056850060128e+01,-5.912604758401325544e-02,-1.139366539595448202e+01,0.000000000000000000e+00
1.989000000000000000e+03,4.984261964111344412e+01,8.696299999999999386e+01,6.000000000000000000e+01,9.671176067770444196e-02,6.119676328252244701e+01,-5.686051296082065415e-02,-1.139399488912589220e+01,0.000000000000000000e+00
1.990000000000000000e+03,4.984505380628979765e+01,8.696299999999999386e+01,6.000000000000000000e+01,9.671176067770444196e-02,6.119734599654429275e+01,-5.468178689897475186e-02,-1.139432216403322684e+01,0.000000000000000000e+00
1.991000000000000000e+03,4.984740669247747746e+01,8.696299999999999386e+01,6.000000000000000000e+01,9.671176067770444196e-02,6.119792871056613848e+01,-5.258654315210263552e-02,-1.139464723561426851e+01,0.000000000000000000e+00
1.992000000000000000e+03,4.984968148363385154e+01,8.696299999999999386e+01,6.000000000000000000e+01,9.671176067770444196e-02,6.119851142458798421e+01,-5.057158292571820035e-02,-1.139497011870611942e+01,0.000000000000000000e+00
1.993000000000000000e+03,4.985188124124803721e+01,8.696299999999999386e+01,6.000000000000000000e+01,9.671176067770444196e-02,6.119909413860982994e+01,-4.863382999364417036e-02,-1.139529082804586224e+01,0.000000000000000000e+00
1.994000000000000000e+03,4.985400890903656546e+01,8.696299999999999386e+01,6.000000000000000000e+01,9.671176067770444196e-02,6.119967685263167567e+01,-4.677032600155837244e-02,-1.139560937827125642e+01,0.000000000000000000e+00
1.995000000000000000e+03,4.985606731745933473e+01,8.696299999999999386e+01,6.000000000000000000e+01,9.671176067770444196e-02,6.120025956665352140e+01,-4.497822595049415229e-02,-1.139592578392139899e+01,0.000000000000000000e+00
1.996000000000000000e+03,4.985805918806227055e+01,8.696299999999999386e+01,6.000000000000000000e+01,9.671176067770444196e-02,6.120084228067536714e+01,-4.325479385339966315e-02,-1.139624005943740137e+01,0.000000000000000000e+00
1.997000000000000000e+03,4.985998713765376067e+01,8.696299999999999386e+01,6.000000000000000000e+01,9.671176067770444196e-02,6.120142499469721287e+01,-4.159739855812490117e-02,-1.139655221916303773e+01,0.000000000000000000e+00
1.998000000000000000e+03,4.986185368232089132e+01,8.696299999999999386e+01,6.000000000000000000e+01,9.671176067770444196e-02,6.120200770871905860e+01,-4.000350973045946334e-02,-1.139686227734541468e+01,0.000000000000000000e+00
1.999000000000000000e+03,4.986366124129190069e+01,8.696299999999999386e+01,6.000000000000000000e+01,9.671176067770444196e-02,6.120259042274090433e+01,-3.847069399108839910e-02,-1.139717024813562496e+01,0.000000000000000000e+00
2.000000000000000000e+03,4.986541214065049132e+01,8.696299999999999386e+01,6.000000000000000000e+01,9.671176067770444196e-02,6.120317313676275006e+01,-3.699661120056843555e-02,-1.139747614558939048e+01,0.000000000000000000e+00
2.001000000000000000e+03,4.986710861690794161e+01,8.696299999999999386e+01,6.000000000000000000e+01,9.671176067770444196e-02,6.120375585078459579e+01,-3.557901088665288425e-02,-1.139777998366770895e+01,0.000000000000000000e+00
2.002000000000000000e+03,4.986875282043813229e+01,8.696299999999999386e+01,6.000000000000000000e+01,9.671176067770444196e-02,6.120433856480644152e+01,-3.421572880851084936e-02,-1.139808177623750218e+01,0.000000000000000000e+00
2.003000000000000000e+03,4.987034681878115805e+01,8.696299999999999386e+01,6.000000000000000000e+01,9.671176067770444196e-02,6.120492127882828726e+01,-3.290468365259534983e-02,-1.139838153707223967e+01,0.000000000000000000e+00
2.004000000000000000e+03,4.987189259982014278e+01,8.696299999999999386e+01,6.000000000000000000e+01,9.671176067770444196e-02,6.120550399285013299e+01,-3.164387385511599482e-02,-1.139867927985257978e+01,0.000000000000000000e+00
2.005000000000000000e+03,4.987339207483642411e+01,8.696299999999999386e+01,6.000000000000000000e+01,9.671176067770444196e-02,6.120608670687197872e+01,-3.043137454626504770e-02,-1.139897501816699155e+01,0.000000000000000000e+00
2.006000000000000000e+03,4.987484708144762635e+01,8.696299999999999386e+01,6.000000000000000000e+01,9.671176067770444196e-02,6.120666942089382445e+01,-2.926533461153166954e-02,-1.139926876551237811e+01,0.000000000000000000e+00
2.007000000000000000e+03,4.987625938643306256e+01,8.696299999999999386e+01,6.000000000000000000e+01,9.671176067770444196e-02,6.120725213491567018e+01,-2.814397386561790643e-02,-1.139956053529470026e+01,0.000000000000000000e+00
2.008000000000000000e+03,4.987763068845099212e+01,8.696299999999999386e+01,6.000000000000000000e+01,9.671176067770444196e-02,6.120783484893751591e+01,-2.706558033464180613e-02,-1.139985034082958748e+01,0.000000000000000000e+00
2.009000000000000000e+03,4.987896262065164166e+01,8.696299999999999386e+01,6.000000000000000000e+01,9.671176067770444196e-02,6.120841756295936165e+01,-2.602850764247844131e-02,-1.140013819534294903e+01,0.000000000000000000e+00
2.010000000000000000e+03,4.988025675319008201e+01,8.696299999999999386e+01,6.000000000000000000e+01,9.671176067770444196e-02,6.120900027698120738e+01,-2.503117249724860424e-02,-1.140042411197157790e+01,0.000000000000000000e+00
2.011000000000000000e+03,4.988151459564289070e+01,8.696299999999999386e+01,6.000000000000000000e+01,9.671176067770444196e-02,6.120958299100305311e+01,-2.407205227411777018e-02,-1.140070810376375476e+01,0.000000000000000000e+00
2.012000000000000000e+03,4.988273759933204587e+01,8.696299999999999386e+01,6.000000000000000000e+01,9.671176067770444196e-02,6.121016570502489884e+01,-2.314968269071504547e-02,-1.140099018367984840e+01,0.000000000000000000e+00
2.013000000000000000e+03,4.988392715955992429e+01,8.696299999999999386e+01,6.000000000000000000e+01,9.671176067770444196e-02,6.121074841904674457e+01,-2.226265557162315431e-02,-1.140127036459290366e+01,0.000000000000000000e+00
2.014000000000000000e+03,4.988508461775852965e+01,8.696299999999999386e+01,6.000000000000000000e+01,9.671176067770444196e-02,6.121133113306859030e+01,-2.140961669852653460e-02,-1.140154865928924011e+01,0.000000000000000000e+00
2.015000000000000000e+03,4.988621126355638324e+01,8.696299999999999386e+01,6.000000000000000000e+01,9.671176067770444196e-02,6.121191384709043604e+01,-2.058926374273536974e-02,-1.140182508046902576e+01,0.000000000000000000e+00
2.016000000000000000e+03,4.988730833676618914e+01,8.696299999999999386e+01,6.000000000000000000e+01,9.671176067770444196e-02,6.121249656111228177e+01,-1.980034427692918195e-02,-1.140209964074687043e+01,0.000000000000000000e+00
2.017000000000000000e+03,4.988837702929635043e+01,8.696299999999999386e+01,6.000000000000000000e+01,9.671176067770444196e-02,6.121307927513412750e+01,-1.904165386308448102e-02,-1.140237235265239590e+01,0.000000000000000000e+00
2.018000000000000000e+03,4.988941848698920012e+01,8.696299999999999386e+01,6.000000000000000000e+01,9.671176067770444196e-02,6.121366198915597323e+01,-1.831203421366737333e-02,-1.140264322863081681e+01,0.000000000000000000e+00
2.019000000000000000e+03,4.989043381138874622e+01,8.696299999999999386e+01,6.000000000000000000e+01,9.671176067770444196e-02,6.121424470317781896e+01,-1.761037142328379657e-02,-1.140291228104350019e+01,0.000000000000000000e+00
2.020000000000000000e+03,4.989142406144074471e+01,8.696299999999999386e+01,6.000000000000000000e+01,9.671176067770444196e-02,6.121482741719966469e+01,-1.693559426808767532e-02,-1.140317952216853925e+01,0.000000000000000000e+00
2.021000000000000000e+03,4.989239025512754466e+01,8.696299999999999386e+01,6.000000000000000000e+01,9.671176067770444196e-02,6.121541013122151043e+01,-1.628667257035070620e-02,-1.140344496420131826e+01,0.000000000000000000e+00
2.022000000000000000e+03,4.989333337104029908e+01,8.696299999999999386e+01,6.000000000000000000e+01,9.671176067770444196e-02,6.121599284524335616e+01,-1.566261562569697119e-02,-1.140370861925506318e+01,0.000000000000000000e+00
2.023000000000000000e+03,4.989425434989090746e+01,8.696299999999999386e+01,6.000000000000000000e+01,9.671176067770444196e-02,6.121657555926520189e+01,-1.506247069060125468e-02,-1.140397049936140128e+01,0.000000000000000000e+00
2.024000000000000000e+03,4.989515409596599937e+01,8.696299999999999386e+01,6.000000000000000000e+01,9.671176067770444196e-02,6.121715827328704762e+01,-1.448532152784193575e-02,-1.140423061647090996e+01,0.000000000000000000e+00
2.025000000000000000e+03,4.989603347852524706e+01,8.696299999999999386e+01,6.000000000000000000e+01,9.671176067770444196e-02,6.121774098730889335e+01,-1.393028700768780652e-02,-1.140448898245366571e+01,0.000000000000000000e+00
2.026000000000000000e+03,4.989689333314597519e+01,8.696299999999999386e+01,6.000000000000000000e+01,9.671176067770444196e-02,6.121832370133073908e+01,-1.339651976268325592e-02,-1.140474560909978230e+01,0.000000000000000000e+00
2.027000000000000000e+03,4.989773446301634863e+01,8.696299999999999386e+01,6.000000000000000000e+01,9.671176067770444196e-02,6.121890641535258482e+01,-1.288320489397809521e-02,-1.140500050811995969e+01,0.000000000000000000e+00
2.028000000000000000e+03,4.989855764017890039e+01,8.696299999999999386e+01,6.000000000000000000e+01,9.671176067770444196e-02,6.121948912937443055e+01,-1.238955872722698713e-02,-1.140525369114600807e+01,0.000000000000000000e+00
2.029000000000000000e+03,4.989936360672642479e+01,8.696299999999999386e+01,6.000000000000000000e+01,9.671176067770444196e-02,6.122007184339627628e+01,-1.191482761615911094e-02,-1.140550516973139494e+01,0.000000000000000000e+00
2.030000000000000000e+03,4.990015307595207616e+01,8.696299999999999386e+01,6.000000000000000000e+01,9.671176067770444196e-02,6.122065455741812201e+01,-1.145828679199148263e-02,-1.140575495535175854e+01,0.000000000000000000e+00
2.031000000000000000e+03,4.990092673345529306e+01,8.696299999999999386e+01,6.000000000000000000e+01,9.671176067770444196e-02,6.122123727143996774e+01,-1.101923925692935291e-02,-1.140600305940544601e+01,0.000000000000000000e+00
2.032000000000000000e+03,4.990168523820543101e+01,8.696299999999999386e+01,6.000000000000000000e+01,9.671176067770444196e-02,6.122181998546181347e+01,-1.059701472006437627e-02,-1.140624949321402504e+01,0.000000000000000000e+00
2.033000000000000000e+03,4.990242922356451771e+01,8.696299999999999386e+01,6.000000000000000000e+01,9.671176067770444196e-02,6.122240269948365921e+01,-1.019096857404600334e-02,-1.140649426802280608e+01,0.000000000000000000e+00
2.034000000000000000e+03,4.990315929827089292e+01,8.696299999999999386e+01,6.000000000000000000e+01,9.671176067770444196e-02,6.122298541350550494e+01,-9.800480910963792550e-03,-1.140673739500135575e+01,0.000000000000000000e+00
2.035000000000000000e+03,4.990387604738510419e+01,8.696299999999999386e+01,6.000000000000000000e+01,9.671176067770444196e-02,6.122356812752735067e+01,-9.424955575938184782e-03,-1.140697888524401371e+01,0.000000000000000000e+00
2.036000000000000000e+03,4.990458003319954372e+01,8.696299999999999386e+01,6.000000000000000000e+01,9.671176067770444196e-02,6.122415084154919640e+01,-9.063819256974874408e-03,-1.140721874977038830e+01,0.000000000000000000e+00
2.037000000000000000e+03,4.990527179611317621e+01,8.696299999999999386e+01,6.000000000000000000e+01,9.671176067770444196e-02,6.122473355557104213e+01,-8.716520609693256122e-03,-1.140745699952587522e+01,0.000000000000000000e+00
2.038000000000000000e+03,4.990595185547285695e+01,8.696299999999999386e+01,6.000000000000000000e+01,9.671176067770444196e-02,6.122531626959288786e+01,-8.382529415592681471e-03,-1.140769364538214781e+01,0.000000000000000000e+00
2.039000000000000000e+03,4.990662071038221370e+01,8.696299999999999386e+01,6.000000000000000000e+01,9.671176067770444196e-02,6.122589898361473360e+01,-8.061335772571454061e-03,-1.140792869813765087e+01,0.000000000000000000e+00
2.040000000000000000e+03,4.990727884047971230e+01,8.696299999999999386e+01,6.000000000000000000e+01,9.671176067770444196e-02,6.122648169763657933e+01,-7.752449316462729084e-03,-1.140816216851810871e+01,0.000000000000000000e+00
2.041000000000000000e+03,4.990792670668672315e+01,8.696299999999999386e+01,6.000000000000000000e+01,9.671176067770444196e-02,6.122706441165842506e+01,-7.455398472398852040e-03,-1.140839406717700655e+01,0.000000000000000000e+00
2.042000000000000000e+03,4.990856475192704522e+01,8.696299999999999386e+01,6.000000000000000000e+01,9.671176067770444196e-02,6.122764712568027079e+01,-7.169729734861189814e-03,-1.140862440469607364e+01,0.000000000000000000e+00
2.043000000000000000e+03,4.990919340181873309e+01,8.696299999999999386e+01,6.000000000000000000e+01,9.671176067770444196e-02,6.122822983970211652e+01,-6.895006975316317691e-03,-1.140885319158577893e+01,0.000000000000000000e+00
2.044000000000000000e+03,4.990981306533949180e+01,8.696299999999999386e+01,6.000000000000000000e+01,9.671176067770444196e-02,6.122881255372396225e+01,-6.630810776381531983e-03,-1.140908043828580176e+01,0.000000000000000000e+00
2.045000000000000000e+03,4.991042413546649925e+01,8.696299999999999386e+01,6.000000000000000000e+01,9.671176067770444196e-02,6.122939526774580798e+01,-6.376737791503159399e-03,-1.140930615516551150e+01,0.000000000000000000e+00
2.046000000000000000e+03,4.991102698979174335e+01,8.696299999999999386e+01,6.000000000000000000e+01,9.671176067770444196e-02,6.122997798176765372e+01,-6.132400129170098753e-03,-1.140953035252444714e+01,0.000000000000000000e+00
2.047000000000000000e+03,4.991162199111369802e+01,8.696299999999999386e+01,6.000000000000000000e+01,9.671176067770444196e-02,6.123056069578949945e+01,-5.897424760722468594e-03,-1.140975304059278095e+01,0.000000000000000000e+00
2.048000000000000000e+03,4.991220948800641111e+01,8.696299999999999386e+01,6.000000000000000000e+01,9.671176067770444196e-02,6.123114340981134518e+01,-5.671452950851269686e-03,-1.140997422953179097e+01,0.000000000000000000e+00
2.049000000000000000e+03,4.991278981536665782e+01,8.693099999999999739e+01,6.000000000000000000e+01,9.671176067770444196e-02,6.123172612383319091e+01,-5.454139709919611154e-03,-1.141019392943432287e+01,0.000000000000000000e+00
2.050000000000000000e+03,5.008688505382011869e+01,8.693099999999999739e+01,6.000000000000000000e+01,1.803543645070473656e-01,6.123281280673879934e+01,8.413003289952510066e-02,-1.141041215032525180e+01,0.000000000000000000e+00
2.051000000000000000e+03,5.008453137177481551e+01,8.696299999999999386e+01,6.000000000000000000e+01,1.803543645070473656e-01,6.123389948964440777e+01,8.090641978529858336e-02,-1.141062890216193892e+01,0.000000000000000000e+00
2.052000000000000000e+03,4.990878090929853528e+01,8.693099999999999739e+01,6.000000000000000000e+01,9.671176067770444196e-02,6.123448220366625350e+01,-1.156886021072908721e-02,-1.141084419483469325e+01,0.000000000000000000e+00
2.053000000000000000e+03,5.008311482324797481e+01,8.696299999999999386e+01,6.000000000000000000e+01,1.803543645070473656e-01,6.123556888657186192e+01,7.824961033628781426e-02,-1.141105803816721931e+01,0.000000000000000000e+00
2.054000000000000000e+03,4.990746905074575324e+01,8.696299999999999386e+01,6.000000000000000000e+01,9.671176067770444196e-02,6.123615160059370766e+01,-1.412386860859726756e-02,-1.141127044191706297e+01,0.000000000000000000e+00
2.055000000000000000e+03,4.990838197562589329e+01,8.693099999999999739e+01,6.000000000000000000e+01,9.671176067770444196e-02,6.123673431461555339e+01,-1.358268389130776015e-02,-1.141148141577606090e+01,0.000000000000000000e+00
2.056000000000000000e+03,5.008279734305838105e+01,8.689799999999999613e+01,6.000000000000000000e+01,1.803543645070473656e-01,6.123782099752116181e+01,7.631295040095820159e-02,-1.141169096937078820e+01,0.000000000000000000e+00
2.057000000000000000e+03,5.025969611119821678e+01,8.696299999999999386e+01,6.000000000000000000e+01,2.666107997060699897e-01,6.123942739833814386e+01,1.655570254169856370e-01,-1.141189911226298648e+01,0.000000000000000000e+00
2.058000000000000000e+03,4.990228604385815458e+01,8.696299999999999386e+01,6.000000000000000000e+01,9.671176067770444196e-02,6.124001011235998959e+01,-2.232997522952520630e-02,-1.141210585395001331e+01,0.000000000000000000e+00
2.059000000000000000e+03,4.990351902632728809e+01,8.696299999999999386e+01,6.000000000000000000e+01,9.671176067770444196e-02,6.124059282638183532e+01,-2.147435686698136864e-02,-1.141231120386526854e+01,0.000000000000000000e+00
2.060000000000000000e+03,4.990472060644263763e+01,8.693099999999999739e+01,6.000000000000000000e+01,9.671176067770444196e-02,6.124117554040368105e+01,-2.065152326012119344e-02,-1.141251517137862770e+01,0.000000000000000000e+00
2.061000000000000000e+03,5.007941378999183257e+01,8.689799999999999613e+01,6.000000000000000000e+01,1.803543645070473656e-01,6.124226222330928948e+01,6.951496797236350611e-02,-1.141271776579687014e+01,0.000000000000000000e+00
2.062000000000000000e+03,5.025657994896295833e+01,8.689799999999999613e+01,6.000000000000000000e+01,2.666107997060699897e-01,6.124386862412627153e+01,1.590195214947202063e-01,-1.141291899636410534e+01,0.000000000000000000e+00
2.063000000000000000e+03,5.025189331787986902e+01,8.696299999999999386e+01,6.000000000000000000e+01,2.666107997060699897e-01,6.124547502494325357e+01,1.529263654927415228e-01,-1.141311887226219390e+01,0.000000000000000000e+00
2.064000000000000000e+03,4.989497543127107804e+01,8.693099999999999739e+01,6.000000000000000000e+01,9.671176067770444196e-02,6.124605773896509930e+01,-3.447666576055921639e-02,-1.141331740261116856e+01,0.000000000000000000e+00
2.065000000000000000e+03,5.007020375379964605e+01,8.696299999999999386e+01,6.000000000000000000e+01,1.803543645070473656e-01,6.124714442187070773e+01,5.621956389154179196e-02,-1.141351459646964983e+01,0.000000000000000000e+00
2.066000000000000000e+03,4.989541864466353616e+01,8.696299999999999386e+01,6.000000000000000000e+01,9.671176067770444196e-02,6.124772713589255346e+01,-3.530978907147049040e-02,-1.141371046283525459e+01,0.000000000000000000e+00
2.067000000000000000e+03,4.989715977717300888e+01,8.696299999999999386e+01,6.000000000000000000e+01,9.671176067770444196e-02,6.124830984991439919e+01,-3.395682277408054728e-02,-1.141390501064501883e+01,0.000000000000000000e+00
2.068000000000000000e+03,4.989885037770932996e+01,8.693099999999999739e+01,6.000000000000000000e+01,9.671176067770444196e-02,6.124889256393624493e+01,-3.265569812882191530e-02,-1.141409824877579915e+01,0.000000000000000000e+00
2.069000000000000000e+03,5.007401418275354388e+01,8.693099999999999739e+01,6.000000000000000000e+01,1.803543645070473656e-01,6.124997924684185335e+01,5.797075744931360491e-02,-1.141429018604467061e+01,0.000000000000000000e+00
2.070000000000000000e+03,5.007268895315966972e+01,8.696299999999999386e+01,6.000000000000000000e+01,1.803543645070473656e-01,6.125106592974746178e+01,5.574949011451493797e-02,-1.141448083120935308e+01,0.000000000000000000e+00
2.071000000000000000e+03,4.989792836046161995e+01,8.693099999999999739e+01,6.000000000000000000e+01,9.671176067770444196e-02,6.125164864376930751e+01,-3.576185101681189638e-02,-1.141467019296858254e+01,0.000000000000000000e+00
2.072000000000000000e+03,5.007321503433856691e+01,8.686599999999999966e+01,6.000000000000000000e+01,1.803543645070473656e-01,6.125273532667491594e+01,5.498362311913728567e-02,-1.141485827996252844e+01,0.000000000000000000e+00
2.073000000000000000e+03,5.042447415994354287e+01,8.686599999999999966e+01,6.000000000000000000e+01,3.502534035354128994e-01,6.125484569637566068e+01,2.344201608056475372e-01,-1.141504510077318102e+01,0.000000000000000000e+00
2.074000000000000000e+03,5.041741668182496028e+01,8.683400000000000318e+01,6.000000000000000000e+01,3.502534035354128994e-01,6.125695606607640542e+01,2.254378761378800777e-01,-1.141523066392474206e+01,0.000000000000000000e+00
2.075000000000000000e+03,5.058422638626241508e+01,8.696299999999999386e+01,6.000000000000000000e+01,4.338960073647558091e-01,6.125957040466090575e+01,3.061749521207719482e-01,-1.141541497788402104e+01,0.000000000000000000e+00
2.076000000000000000e+03,4.987541634592417950e+01,8.686599999999999966e+01,6.000000000000000000e+01,9.671176067770444196e-02,6.126015311868275148e+01,-6.585048237546953231e-02,-1.141559805106081349e+01,0.000000000000000000e+00
2.077000000000000000e+03,5.040432824580565807e+01,8.693099999999999739e+01,6.000000000000000000e+01,3.502534035354128994e-01,6.126226348838349622e+01,2.075912456950383678e-01,-1.141577989180828645e+01,0.000000000000000000e+00
2.078000000000000000e+03,5.004583764588207373e+01,8.686599999999999966e+01,6.000000000000000000e+01,1.803543645070473656e-01,6.126335017128910465e+01,1.809361850929339099e-02,-1.141596050842336751e+01,0.000000000000000000e+00
2.079000000000000000e+03,5.039851770703977962e+01,8.693099999999999739e+01,6.000000000000000000e+01,3.502534035354128994e-01,6.126546054098984939e+01,1.989436716616324874e-01,-1.141613990914711430e+01,0.000000000000000000e+00
2.080000000000000000e+03,5.004036088007926253e+01,8.686599999999999966e+01,6.000000000000000000e+01,1.803543645070473656e-01,6.126654722389545782e+01,9.777393841857967560e-03,-1.141631810216510345e+01,0.000000000000000000e+00
2.081000000000000000e+03,5.039336200155992884e+01,8.693099999999999739e+01,6.000000000000000000e+01,3.502534035354128994e-01,6.126865759359620256e+01,1.909461000360996585e-01,-1.141649509560778775e+01,0.000000000000000000e+00
2.082000000000000000e+03,5.003551400887758405e+01,8.680200000000000671e+01,6.000000000000000000e+01,1.803543645070473656e-01,6.126974427650181099e+01,2.086265419608129834e-03,-1.141667089755087794e+01,0.000000000000000000e+00
2.083000000000000000e+03,5.073585572430533119e+01,8.683400000000000318e+01,6.000000000000000000e+01,5.175386111940987188e-01,6.127286258397007401e+01,3.623000451568721969e-01,-1.141684551601571229e+01,0.000000000000000000e+00
2.084000000000000000e+03,5.055139656772497148e+01,8.696299999999999386e+01,6.000000000000000000e+01,4.338960073647558091e-01,6.127547692255457434e+01,2.590425967752587599e-01,-1.141701895896961894e+01,0.000000000000000000e+00
2.085000000000000000e+03,4.984440329714767159e+01,8.693099999999999739e+01,6.000000000000000000e+01,9.671176067770444196e-02,6.127605963657642008e+01,-1.111768657801701643e-01,-1.141719123432628180e+01,0.000000000000000000e+00
2.086000000000000000e+03,5.002259662188920686e+01,8.696299999999999386e+01,6.000000000000000000e+01,1.803543645070473656e-01,6.127714631948202850e+01,-1.754171215376970627e-02,-1.141736234994609944e+01,0.000000000000000000e+00
2.087000000000000000e+03,4.985066372856027783e+01,8.693099999999999739e+01,6.000000000000000000e+01,9.671176067770444196e-02,6.127772903350387423e+01,-1.062447519847554978e-01,-1.141753231363654741e+01,0.000000000000000000e+00
2.088000000000000000e+03,5.002867036544635937e+01,8.696299999999999386e+01,6.000000000000000000e+01,1.803543645070473656e-01,6.127881571640948266e+01,-1.279858231763560117e-02,-1.141770113315253354e+01,0.000000000000000000e+00
2.089000000000000000e+03,4.985655801010868515e+01,8.693099999999999739e+01,6.000000000000000000e+01,9.671176067770444196e-02,6.127939843043132839e+01,-1.016833648035957716e-01,-1.141786881619675320e+01,0.000000000000000000e+00
2.090000000000000000e+03,5.003439213347152048e+01,8.693099999999999739e+01,6.000000000000000000e+01,1.803543645070473656e-01,6.128048511333693682e+01,-8.411973952428708490e-03,-1.141803537042003569e+01,0.000000000000000000e+00
2.091000000000000000e+03,5.003563570524572413e+01,8.693099999999999739e+01,6.000000000000000000e+01,1.803543645070473656e-01,6.128157179624254525e+01,-8.089652082164300664e-03,-1.141820080342170129e+01,0.000000000000000000e+00
2.092000000000000000e+03,5.003686804027616120e+01,8.689799999999999613e+01,6.000000000000000000e+01,1.803543645070473656e-01,6.128265847914815367e+01,-7.779680629131124556e-03,-1.141836512274990234e+01,0.000000000000000000e+00
2.093000000000000000e+03,5.021703391814175177e+01,8.693099999999999739e+01,6.000000000000000000e+01,2.666107997060699897e-01,6.128426487996513572e+01,8.468657437251639331e-02,-1.141852833590197136e+01,0.000000000000000000e+00
2.094000000000000000e+03,5.003628895255969411e+01,8.693099999999999739e+01,6.000000000000000000e+01,1.803543645070473656e-01,6.128535156287074415e+01,-1.072652449333937053e-02,-1.141869045032476038e+01,0.000000000000000000e+00
2.095000000000000000e+03,5.003762562095114674e+01,8.686599999999999966e+01,6.000000000000000000e+01,1.803543645070473656e-01,6.128643824577635257e+01,-1.031551591726883807e-02,-1.141885147341498374e+01,0.000000000000000000e+00
2.096000000000000000e+03,5.039141369742453946e+01,8.693099999999999739e+01,6.000000000000000000e+01,3.502534035354128994e-01,6.128854861547709731e+01,1.716230909315921982e-01,-1.141901141251955565e+01,0.000000000000000000e+00
2.097000000000000000e+03,5.003432304461596658e+01,8.680200000000000671e+01,6.000000000000000000e+01,1.803543645070473656e-01,6.128963529838270574e+01,-1.649634333785560125e-02,-1.141917027493592762e+01,0.000000000000000000e+00
2.098000000000000000e+03,5.073539361593574881e+01,8.689799999999999613e+01,6.000000000000000000e+01,5.175386111940987188e-01,6.129275360585096877e+01,3.444294668030889461e-01,-1.141932806791241006e+01,0.000000000000000000e+00
2.099000000000000000e+03,5.020459240132571210e+01,8.686599999999999966e+01,6.000000000000000000e+01,2.666107997060699897e-01,6.129436000666795081e+01,6.310639360021513822e-02,-1.141948479864852395e+01,0.000000000000000000e+00
2.100000000000000000e+03,5.037714683570924024e+01,8.686599999999999966e+01,6.000000000000000000e+01,3.502534035354128994e-01,6.129647037636869555e+01,1.500635301004399069e-01,-1.141964047429530638e+01,0.000000000000000000e+00
2.101000000000000000e+03,5.037335258875133803e+01,8.686599999999999966e+01,6.000000000000000000e+01,3.502534035354128994e-01,6.129858074606944029e+01,1.443135411021397030e-01,-1.141979510195565517e+01,0.000000000000000000e+00
2.102000000000000000e+03,5.036977970523392401e+01,8.689799999999999613e+01,6.000000000000000000e+01,3.502534035354128994e-01,6.130069111577018504e+01,1.387838746129690937e-01,-1.141994868868464330e+01,0.000000000000000000e+00
2.103000000000000000e+03,5.019289797716502477e+01,8.686599999999999966e+01,6.000000000000000000e+01,2.666107997060699897e-01,6.130229751658716708e+01,4.409090236162810372e-02,-1.142010124148984573e+01,0.000000000000000000e+00
2.104000000000000000e+03,5.036618517852883770e+01,8.686599999999999966e+01,6.000000000000000000e+01,3.502534035354128994e-01,6.130440788628791182e+01,1.317766560371649853e-01,-1.142025276733165740e+01,0.000000000000000000e+00
2.105000000000000000e+03,5.036309575216742473e+01,8.696299999999999386e+01,6.000000000000000000e+01,3.502534035354128994e-01,6.130651825598865656e+01,1.267273657669751585e-01,-1.142040327312361470e+01,0.000000000000000000e+00
2.106000000000000000e+03,4.983421298119813514e+01,8.683400000000000318e+01,6.000000000000000000e+01,9.671176067770444196e-02,6.130710097001050229e+01,-1.490469837573774881e-01,-1.142055276573269751e+01,0.000000000000000000e+00
2.107000000000000000e+03,5.053986783741775213e+01,8.693099999999999739e+01,6.000000000000000000e+01,4.338960073647558091e-01,6.130971530859500263e+01,2.169577734376565425e-01,-1.142070125197966313e+01,0.000000000000000000e+00
2.108000000000000000e+03,5.000803367991559156e+01,8.693099999999999739e+01,6.000000000000000000e+01,1.803543645070473656e-01,6.131080199150061105e+01,-6.227393745272091774e-02,-1.142084873863934114e+01,0.000000000000000000e+00
2.109000000000000000e+03,5.001136002143780246e+01,8.686599999999999966e+01,6.000000000000000000e+01,1.803543645070473656e-01,6.131188867440621948e+01,-5.988778503451300250e-02,-1.142099523244095138e+01,0.000000000000000000e+00
2.110000000000000000e+03,5.036706199158178521e+01,8.689799999999999613e+01,6.000000000000000000e+01,3.502534035354128994e-01,6.131399904410696422e+01,1.239502840078213486e-01,-1.142114074006840951e+01,0.000000000000000000e+00
2.111000000000000000e+03,5.019075666738319796e+01,8.689799999999999613e+01,6.000000000000000000e+01,2.666107997060699897e-01,6.131560544492394627e+01,2.982569091381326309e-02,-1.142128526816062717e+01,0.000000000000000000e+00
2.112000000000000000e+03,5.019107668111303155e+01,8.683400000000000318e+01,6.000000000000000000e+01,2.666107997060699897e-01,6.131721184574092831e+01,2.868285897785691901e-02,-1.142142882331182463e+01,0.000000000000000000e+00
2.113000000000000000e+03,5.053848496892105402e+01,8.693099999999999739e+01,6.000000000000000000e+01,4.338960073647558091e-01,6.131982618432542864e+01,2.063341893026907070e-01,-1.142157141207182391e+01,0.000000000000000000e+00
2.114000000000000000e+03,5.000706373341117228e+01,8.696299999999999386e+01,6.000000000000000000e+01,1.803543645070473656e-01,6.132091286723103707e+01,-7.249045738056270061e-02,-1.142171304094634898e+01,0.000000000000000000e+00
2.115000000000000000e+03,4.983726560111922765e+01,8.693099999999999739e+01,6.000000000000000000e+01,9.671176067770444196e-02,6.132149558125288280e+01,-1.590880244140407407e-01,-1.142185371639732416e+01,0.000000000000000000e+00
2.116000000000000000e+03,5.001732612640560660e+01,8.696299999999999386e+01,6.000000000000000000e+01,1.803543645070473656e-01,6.132258226415849123e+01,-6.361705741675541259e-02,-1.142199344484317258e+01,0.000000000000000000e+00
2.117000000000000000e+03,4.984718987940346580e+01,8.696299999999999386e+01,6.000000000000000000e+01,9.671176067770444196e-02,6.132316497818033696e+01,-1.505546267954752382e-01,-1.142213223265910216e+01,0.000000000000000000e+00
2.118000000000000000e+03,4.985340354627280846e+01,8.696299999999999386e+01,6.000000000000000000e+01,9.671176067770444196e-02,6.132374769220218269e+01,-1.447858204296796347e-01,-1.142227008617740047e+01,0.000000000000000000e+00
2.119000000000000000e+03,4.985939709761533578e+01,8.696299999999999386e+01,6.000000000000000000e+01,9.671176067770444196e-02,6.132433040622402842e+01,-1.392380575986752467e-01,-1.142240701168772254e+01,0.000000000000000000e+00
2.120000000000000000e+03,4.986517899691580880e+01,8.696299999999999386e+01,6.000000000000000000e+01,9.671176067770444196e-02,6.132491312024587415e+01,-1.339028685703936294e-01,-1.142254301543737860e+01,0.000000000000000000e+00
2.121000000000000000e+03,4.987075738316605111e+01,8.696299999999999386e+01,6.000000000000000000e+01,9.671176067770444196e-02,6.132549583426771989e+01,-1.287721081477561647e-01,-1.142267810363162184e+01,0.000000000000000000e+00
2.122000000000000000e+03,4.987614008329989446e+01,8.696299999999999386e+01,6.000000000000000000e+01,9.671176067770444196e-02,6.132607854828956562e+01,-1.238379432334566210e-01,-1.142281228243392377e+01,0.000000000000000000e+00
2.123000000000000000e+03,4.988133462415162001e+01,8.696299999999999386e+01,6.000000000000000000e+01,9.671176067770444196e-02,6.132666126231141135e+01,-1.190928408712244035e-01,-1.142294555796626909e+01,0.000000000000000000e+00
2.124000000000000000e+03,4.988634824395623468e+01,8.696299999999999386e+01,6.000000000000000000e+01,9.671176067770444196e-02,6.132724397633325708e+01,-1.145295567453110397e-01,-1.142307793630942037e+01,0.000000000000000000e+00
2.125000000000000000e+03,4.989118790340896226e+01,8.696299999999999386e+01,6.000000000000000000e+01,9.671176067770444196e-02,6.132782669035510281e+01,-1.101411241206422392e-01,-1.142320942350320578e+01,0.000000000000000000e+00
2.126000000000000000e+03,4.989586029630111597e+01,8.696299999999999386e+01,6.000000000000000000e+01,9.671176067770444196e-02,6.132840940437694854e+01,-1.059208432067504507e-01,-1.142334002554678740e+01,0.000000000000000000e+00
2.127000000000000000e+03,4.990037185974830436e+01,8.696299999999999386e+01,6.000000000000000000e+01,9.671176067770444196e-02,6.132899211839879428e+01,-1.018622709292500150e-01,-1.142346974839894003e+01,0.000000000000000000e+00
2.128000000000000000e+03,4.990472878402677992e+01,8.696299999999999386e+01,6.000000000000000000e+01,9.671176067770444196e-02,6.132957483242064001e+01,-9.795921109323894871e-02,-1.142359859797832833e+01,0.000000000000000000e+00
2.129000000000000000e+03,4.990893702203282345e+01,8.696299999999999386e+01,6.000000000000000000e+01,9.671176067770444196e-02,6.133015754644248574e+01,-9.420570492361005077e-02,-1.142372658016376086e+01,0.000000000000000000e+00
2.130000000000000000e+03,4.991300229837973745e+01,8.696299999999999386e+01,6.000000000000000000e+01,9.671176067770444196e-02,6.133074026046433147e+01,-9.059602196782913508e-02,-1.142385370079447426e+01,0.000000000000000000e+00
2.131000000000000000e+03,4.991693011814620462e+01,8.696299999999999386e+01,6.000000000000000000e+01,9.671176067770444196e-02,6.133132297448617720e+01,-8.712465134729183158e-02,-1.142397996567039087e+01,0.000000000000000000e+00
2.132000000000000000e+03,4.992072577528944066e+01,8.696299999999999386e+01,6.000000000000000000e+01,9.671176067770444196e-02,6.133190568850802293e+01,-8.378629334390243211e-02,-1.142410538055238334e+01,0.000000000000000000e+00
2.133000000000000000e+03,4.992439436073599524e+01,8.696299999999999386e+01,6.000000000000000000e+01,9.671176067770444196e-02,6.133248840252986867e+01,-8.057585130903001380e-02,-1.142422995116255002e+01,0.000000000000000000e+00
2.134000000000000000e+03,4.992794077016247201e+01,8.696299999999999386e+01,6.000000000000000000e+01,9.671176067770444196e-02,6.133307111655171440e+01,-7.748842388248942947e-02,-1.142435368318445832e+01,0.000000000000000000e+00
2.135000000000000000e+03,4.993136971147818315e+01,8.696299999999999386e+01,6.000000000000000000e+01,9.671176067770444196e-02,6.133365383057356013e+01,-7.451929750966773680e-02,-1.142447658226341645e+01,0.000000000000000000e+00
2.136000000000000000e+03,4.993468571202101458e+01,8.696299999999999386e+01,6.000000000000000000e+01,9.671176067770444196e-02,6.133423654459540586e+01,-7.166393924537221849e-02,-1.142459865400672392e+01,0.000000000000000000e+00
2.137000000000000000e+03,4.993789312547761483e+01,8.696299999999999386e+01,6.000000000000000000e+01,9.671176067770444196e-02,6.133481925861725159e+01,-6.891798983341354545e-02,-1.142471990398393089e+01,0.000000000000000000e+00
2.138000000000000000e+03,4.994099613853834541e+01,8.696299999999999386e+01,6.000000000000000000e+01,9.671176067770444196e-02,6.133540197263909732e+01,-6.627725705135877055e-02,-1.142484033772709573e+01,0.000000000000000000e+00
2.139000000000000000e+03,4.994399877729732395e+01,8.696299999999999386e+01,6.000000000000000000e+01,9.671176067770444196e-02,6.133598468666094305e+01,-6.373770931029365538e-02,-1.142495996073102837e+01,0.000000000000000000e+00
2.140000000000000000e+03,4.994690491340711702e+01,8.696299999999999386e+01,6.000000000000000000e+01,9.671176067770444196e-02,6.133656740068278879e+01,-6.129546949982306314e-02,-1.142507877845355146e+01,0.000000000000000000e+00
2.141000000000000000e+03,4.994971826999768894e+01,8.696299999999999386e+01,6.000000000000000000e+01,9.671176067770444196e-02,6.133715011470463452e+01,-5.894680906891270472e-02,-1.142519679631573837e+01,0.000000000000000000e+00
2.142000000000000000e+03,4.995244242736848150e+01,8.696299999999999386e+01,6.000000000000000000e+01,9.671176067770444196e-02,6.133773282872648025e+01,-5.668814233353541843e-02,-1.142531401970217075e+01,0.000000000000000000e+00
2.143000000000000000e+03,4.995508082846241393e+01,8.696299999999999386e+01,6.000000000000000000e+01,9.671176067770444196e-02,6.133831554274832598e+01,-5.451602100243160137e-02,-1.142543045396118373e+01,0.000000000000000000e+00
2.144000000000000000e+03,4.995763678413015896e+01,8.696299999999999386e+01,6.000000000000000000e+01,9.671176067770444196e-02,6.133889825677017171e+01,-5.242712891262618635e-02,-1.142554610440509677e+01,0.000000000000000000e+00
2.145000000000000000e+03,4.996011347819258219e+01,8.696299999999999386e+01,6.000000000000000000e+01,9.671176067770444196e-02,6.133948097079201744e+01,-5.041827696666503766e-02,-1.142566097631047484e+01,0.000000000000000000e+00
2.146000000000000000e+03,4.996251397230937386e+01,8.696299999999999386e+01,6.000000000000000000e+01,9.671176067770444196e-02,6.134006368481386318e+01,-4.848639826384137930e-02,-1.142577507491835753e+01,0.000000000000000000e+00
2.147000000000000000e+03,4.996484121066093564e+01,8.696299999999999386e+01,6.000000000000000000e+01,9.671176067770444196e-02,6.134064639883570891e+01,-4.662854341797918051e-02,-1.142588840543449891e+01,0.000000000000000000e+00
2.148000000000000000e+03,4.996709802445103321e+01,8.696299999999999386e+01,6.000000000000000000e+01,9.671176067770444196e-02,6.134122911285755464e+01,-4.484187605462519599e-02,-1.142600097302960549e+01,0.000000000000000000e+00
2.149000000000000000e+03,4.996928713623675833e+01,8.696299999999999386e+01,6.000000000000000000e+01,9.671176067770444196e-02,6.134181182687940037e+01,-4.312366848077523601e-02,-1.142611278283957610e+01,0.000000000000000000e+00
2.150000000000000000e+03,4.997141116409268591e+01,8.696299999999999386e+01,6.000000000000000000e+01,9.671176067770444196e-02,6.134239454090124610e+01,-4.147129752052367002e-02,-1.142622383996573987e+01,0.000000000000000000e+00
2.151000000000000000e+03,4.997347262561544312e+01,8.696299999999999386e+01,6.000000000000000000e+01,9.671176067770444196e-02,6.134297725492309183e+01,-3.988224051027846467e-02,-1.142633414947507298e+01,0.000000000000000000e+00
2.152000000000000000e+03,4.997547394177477287e+01,8.696299999999999386e+01,6.000000000000000000e+01,9.671176067770444196e-02,6.134355996894493757e+01,-3.835407144742771640e-02,-1.142644371640044376e+01,0.000000000000000000e+00
2.153000000000000000e+03,4.997741744061707436e+01,8.696299999999999386e+01,6.000000000000000000e+01,9.671176067770444196e-02,6.134414268296678330e+01,-3.688445728657782641e-02,-1.142655254574084189e+01,0.000000000000000000e+00
2.154000000000000000e+03,4.997930536082702702e+01,8.696299999999999386e+01,6.000000000000000000e+01,9.671176067770444196e-02,6.134472539698862903e+01,-3.547115437770886198e-02,-1.142666064246160218e+01,0.000000000000000000e+00
2.155000000000000000e+03,4.998113985515274038e+01,8.696299999999999386e+01,6.000000000000000000e+01,9.671176067770444196e-02,6.134530811101047476e+01,-3.411200504080920404e-02,-1.142676801149463017e+01,0.000000000000000000e+00
2.156000000000000000e+03,4.998292299369964553e+01,8.696299999999999386e+01,6.000000000000000000e+01,9.671176067770444196e-02,6.134589082503232049e+01,-3.280493427176003896e-02,-1.142687465773862598e+01,0.000000000000000000e+00
2.157000000000000000e+03,4.998465676709811589e+01,8.696299999999999386e+01,6.000000000000000000e+01,9.671176067770444196e-02,6.134647353905416622e+01,-3.154794657444057182e-02,-1.142698058605931877e+01,0.000000000000000000e+00
2.158000000000000000e+03,4.998634308954981975e+01,8.696299999999999386e+01,6.000000000000000000e+01,9.671176067770444196e-02,6.134705625307601196e+01,-3.033912291421758320e-02,-1.142708580128967810e+01,0.000000000000000000e+00
2.159000000000000000e+03,4.998798380175725953e+01,8.696299999999999386e+01,6.000000000000000000e+01,9.671176067770444196e-02,6.134763896709785769e+01,-2.917661778816818888e-02,-1.142719030823013604e+01,0.000000000000000000e+00
2.160000000000000000e+03,4.998958067374103820e+01,8.696299999999999386e+01,6.000000000000000000e+01,9.671176067770444196e-02,6.134822168111970342e+01,-2.805865640756299156e-02,-1.142729411164880737e+01,0.000000000000000000e+00
2.161000000000000000e+03,4.999113540754923690e+01,8.696299999999999386e+01,6.000000000000000000e+01,9.671176067770444196e-02,6.134880439514154915e+01,-2.698353198830810706e-02,-1.142739721628170813e+01,0.000000000000000000e+00
2.162000000000000000e+03,4.999264963986291832e+01,8.696299999999999386e+01,6.000000000000000000e+01,9.671176067770444196e-02,6.134938710916339488e+01,-2.594960314520941558e-02,-1.142749962683297404e+01,0.000000000000000000e+00
2.163000000000000000e+03,4.999412494450179878e+01,8.696299999999999386e+01,6.000000000000000000e+01,9.671176067770444196e-02,6.134996982318524061e+01,-2.495529138608084882e-02,-1.142760134797507021e+01,0.000000000000000000e+00
2.164000000000000000e+03,4.999556283483391894e+01,8.696299999999999386e+01,6.000000000000000000e+01,9.671176067770444196e-02,6.135055253720708635e+01,-2.399907870187104053e-02,-1.142770238434900776e+01,0.000000000000000000e+00
2.165000000000000000e+03,4.999696476609295814e+01,8.696299999999999386e+01,6.000000000000000000e+01,9.671176067770444196e-02,6.135113525122893208e+01,-2.307950524912914109e-02,-1.142780274056454992e+01,0.000000000000000000e+00
2.166000000000000000e+03,4.999833213760678063e+01,8.696299999999999386e+01,6.000000000000000000e+01,9.671176067770444196e-02,6.135171796525077781e+01,-2.219516712127168195e-02,-1.142790242120042876e+01,0.000000000000000000e+00
2.167000000000000000e+03,4.999966629494052484e+01,8.696299999999999386e+01,6.000000000000000000e+01,9.671176067770444196e-02,6.135230067927262354e+01,-2.134471420524786459e-02,-1.142800143080455477e+01,0.000000000000000000e+00
2.168000000000000000e+03,5.000096853195762492e+01,8.696299999999999386e+01,6.000000000000000000e+01,9.671176067770444196e-02,6.135288339329446927e+01,-2.052684812033108916e-02,-1.142809977389422116e+01,0.000000000000000000e+00
2.169000000000000000e+03,5.000224009280182003e+01,8.696299999999999386e+01,6.000000000000000000e+01,9.671176067770444196e-02,6.135346610731631500e+01,-1.974032023588984802e-02,-1.142819745495631167e+01,0.000000000000000000e+00
2.170000000000000000e+03,5.000348217380325622e+01,8.696299999999999386e+01,6.000000000000000000e+01,9.671176067770444196e-02,6.135404882133816074e+01,-1.898392976511178651e-02,-1.142829447844749780e+01,0.000000000000000000e+00
2.171000000000000000e+03,5.000469592531149488e+01,8.696299999999999386e+01,6.000000000000000000e+01,9.671176067770444196e-02,6.135463153536000647e+01,-1.825652193177056126e-02,-1.142839084879445366e+01,0.000000000000000000e+00
2.172000000000000000e+03,5.000588245345826977e+01,8.696299999999999386e+01,6.000000000000000000e+01,9.671176067770444196e-02,6.135521424938185220e+01,-1.755698620723678341e-02,-1.142848657039405325e+01,0.000000000000000000e+00
2.173000000000000000e+03,5.000704282185279226e+01,8.696299999999999386e+01,6.000000000000000000e+01,9.671176067770444196e-02,6.135579696340369793e+01,-1.688425461504145658e-02,-1.142858164761356754e+01,0.000000000000000000e+00
2.174000000000000000e+03,5.000817805321197085e+01,8.696299999999999386e+01,6.000000000000000000e+01,9.671176067770444196e-02,6.135637967742554366e+01,-1.623730010040350460e-02,-1.142867608479087238e+01,0.000000000000000000e+00
2.175000000000000000e+03,5.000928913092823080e+01,8.696299999999999386e+01,6.000000000000000000e+01,9.671176067770444196e-02,6.135696239144738939e+01,-1.561513496223216474e-02,-1.142876988623463497e+01,0.000000000000000000e+00
2.176000000000000000e+03,5.001037700057720770e+01,8.696299999999999386e+01,6.000000000000000000e+01,9.671176067770444196e-02,6.135754510546923512e+01,-1.501680934521041309e-02,-1.142886305622451815e+01,0.000000000000000000e+00
2.177000000000000000e+03,5.001144257136775195e+01,8.696299999999999386e+01,6.000000000000000000e+01,9.671176067770444196e-02,6.135812781949108086e+01,-1.444140978965724985e-02,-1.142895559901137936e+01,0.000000000000000000e+00
2.178000000000000000e+03,5.001248671753621977e+01,8.696299999999999386e+01,6.000000000000000000e+01,9.671176067770444196e-02,6.135871053351292659e+01,-1.388805783695497981e-02,-1.142904751881745185e+01,0.000000000000000000e+00
2.179000000000000000e+03,5.001351027968752305e+01,8.696299999999999386e+01,6.000000000000000000e+01,9.671176067770444196e-02,6.135929324753477232e+01,-1.335590868841236498e-02,-1.142913881983654889e+01,0.000000000000000000e+00
2.180000000000000000e+03,5.001451406608455841e+01,8.696299999999999386e+01,6.000000000000000000e+01,9.671176067770444196e-02,6.135987596155661805e+01,-1.284414991551616377e-02,-1.142922950623424683e+01,0.000000000000000000e+00
2.181000000000000000e+03,5.001549885388848082e+01,8.696299999999999386e+01,6.000000000000000000e+01,9.671176067770444196e-02,6.136045867557846378e+01,-1.235200021960200512e-02,-1.142931958214808752e+01,0.000000000000000000e+00
2.182000000000000000e+03,5.001646539035121464e+01,8.696299999999999386e+01,6.000000000000000000e+01,9.671176067770444196e-02,6.136104138960030951e+01,-1.187870823905099425e-02,-1.142940905168775068e+01,0.000000000000000000e+00
2.183000000000000000e+03,5.001741439396241873e+01,8.696299999999999386e+01,6.000000000000000000e+01,9.671176067770444196e-02,6.136162410362215525e+01,-1.142355140219099632e-02,-1.142949791893525457e+01,0.000000000000000000e+00
2.184000000000000000e+03,5.001834655555241227e+01,8.696299999999999386e+01,6.000000000000000000e+01,9.671176067770444196e-02,6.136220681764400098e+01,-1.098583482415134253e-02,-1.142958618794513903e+01,0.000000000000000000e+00
2.185000000000000000e+03,5.001926253935292266e+01,8.696299999999999386e+01,6.000000000000000000e+01,9.671176067770444196e-02,6.136278953166584671e+01,-1.056489024598678862e-02,-1.142967386274464303e+01,0.000000000000000000e+00
2.186000000000000000e+03,5.002016298401704830e+01,8.696299999999999386e+01,6.000000000000000000e+01,9.671176067770444196e-02,6.136337224568769244e+01,-1.016007501445109415e-02,-1.142976094733389658e+01,0.000000000000000000e+00
2.187000000000000000e+03,5.002104850360028365e+01,8.696299999999999386e+01,6.000000000000000000e+01,9.671176067770444196e-02,6.136395495970953817e+01,-9.770771100862649106e-03,-1.142984744568610189e+01,0.000000000000000000e+00
2.188000000000000000e+03,5.002191968850381443e+01,8.696299999999999386e+01,6.000000000000000000e+01,9.671176067770444196e-02,6.136453767373138390e+01,-9.396384157564257461e-03,-1.142993336174771279e+01,0.000000000000000000e+00
2.189000000000000000e+03,5.002277710638178121e+01,8.696299999999999386e+01,6.000000000000000000e+01,9.671176067770444196e-02,6.136512038775322964e+01,-9.036342610536578918e-03,-1.143001869943861770e+01,0.000000000000000000e+00
2.190000000000000000e+03,5.002362130301369092e+01,8.696299999999999386e+01,6.000000000000000000e+01,9.671176067770444196e-02,6.136570310177507537e+01,-8.690096786779934190e-03,-1.143010346265231370e+01,0.000000000000000000e+00
2.191000000000000000e+03,5.002445280314340437e+01,8.696299999999999386e+01,6.000000000000000000e+01,9.671176067770444196e-02,6.136628581579692110e+01,-8.357118075132244361e-03,-1.143018765525609126e+01,0.000000000000000000e+00
2.192000000000000000e+03,5.002527211128602858e+01,8.696299999999999386e+01,6.000000000000000000e+01,9.671176067770444196e-02,6.136686852981876683e+01,-8.036898119241939892e-03,-1.143027128109120127e+01,0.000000000000000000e+00
2.193000000000000000e+03,5.002607971250381524e+01,8.696299999999999386e+01,6.000000000000000000e+01,9.671176067770444196e-02,6.136745124384061256e+01,-7.728948041463745873e-03,-1.143035434397303973e+01,0.000000000000000000e+00
2.194000000000000000e+03,5.002687607315235141e+01,8.696299999999999386e+01,6.000000000000000000e+01,9.671176067770444196e-02,6.136803395786245829e+01,-7.432797696492484014e-03,-1.143043684769131474e+01,0.000000000000000000e+00
2.195000000000000000e+03,5.002766164159818629e+01,8.696299999999999386e+01,6.000000000000000000e+01,9.671176067770444196e-02,6.136861667188430403e+01,-7.147994953595409630e-03,-1.143051879601022414e+01,0.000000000000000000e+00
2.196000000000000000e+03,5.002843684890888198e+01,8.696299999999999386e+01,6.000000000000000000e+01,9.671176067770444196e-02,6.136919938590614976e+01,-6.874105006347270078e-03,-1.143060019266862604e+01,0.000000000000000000e+00
2.197000000000000000e+03,5.002920210951668167e+01,8.696299999999999386e+01,6.000000000000000000e+01,9.671176067770444196e-02,6.136978209992799549e+01,-6.610709708814273104e-03,-1.143068104138020402e+01,0.000000000000000000e+00
2.198000000000000000e+03,5.002995782185672624e+01,8.696299999999999386e+01,6.000000000000000000e+01,9.671176067770444196e-02,6.137036481394984122e+01,-6.357406937173510145e-03,-1.143076134583364656e+01,0.000000000000000000e+00
2.199000000000000000e+03,5.003070436898079265e+01,8.696299999999999386e+01,6.000000000000000000e+01,9.671176067770444196e-02,6.137094752797168695e+01,-6.113809975793231370e-03,-1.143084110969280864e+01,0.000000000000000000e+00
2.200000000000000000e+03,5.003144211914752759e+01,8.696299999999999386e+01,6.000000000000000000e+01,9.671176067770444196e-02,6.137153024199353268e+01,-5.879546926836700521e-03,-1.143092033659687878e+01,0.000000000000000000e+00
2.201000000000000000e+03,5.003217142639005033e+01,8.696299999999999386e+01,6.000000000000000000e+01,9.671176067770444196e-02,6.137211295601537842e+01,-5.654260142488277616e-03,-1.143099903016054952e+01,0.000000000000000000e+00
2.202000000000000000e+03,5.003289263106181295e+01,8.696299999999999386e+01,6.000000000000000000e+01,9.671176067770444196e-02,6.137269567003722415e+01,-5.437605678934912500e-03,-1.143107719397417910e+01,0.000000000000000000e+00
2.203000000000000000e+03,5.003360606036154934e+01,8.696299999999999386e+01,6.000000000000000000e+01,9.671176067770444196e-02,6.137327838405906988e+01,-5.229252771269448687e-03,-1.143115483160395485e+01,0.000000000000000000e+00
2.204000000000000000e+03,5.003431202883805184e+01,8.696299999999999386e+01,6.000000000000000000e+01,9.671176067770444196e-02,6.137386109808091561e+01,-5.028883328514068864e-03,-1.143123194659205488e+01,0.000000000000000000e+00
2.205000000000000000e+03,5.003501083887565670e+01,8.696299999999999386e+01,6.000000000000000000e+01,9.671176067770444196e-02,6.137444381210276134e+01,-4.836191447992950129e-03,-1.143130854245681682e+01,0.000000000000000000e+00
2.206000000000000000e+03,5.003570278116111325e+01,8.696299999999999386e+01,6.000000000000000000e+01,9.671176067770444196e-02,6.137502652612460707e+01,-4.650882948312709889e-03,-1.143138462269288880e+01,0.000000000000000000e+00
2.207000000000000000e+03,5.003638813513252614e+01,8.696299999999999386e+01,6.000000000000000000e+01,9.671176067770444196e-02,6.137560924014645281e+01,-4.472674920237660647e-03,-1.143146019077139641e+01,0.000000000000000000e+00
2.208000000000000000e+03,5.003706716941113797e+01,8.696299999999999386e+01,6.000000000000000000e+01,9.671176067770444196e-02,6.137619195416829854e+01,-4.301295294774188684e-03,-1.143153525014009197e+01,0.000000000000000000e+00
2.209000000000000000e+03,5.003774014221652067e+01,8.696299999999999386e+01,6.000000000000000000e+01,9.671176067770444196e-02,6.137677466819014427e+01,-4.136482427804856997e-03,-1.143160980422352324e+01,0.000000000000000000e+00
2.210000000000000000e+03,5.003840730176587215e+01,8.696299999999999386e+01,6.000000000000000000e+01,9.671176067770444196e-02,6.137735738221199000e+01,-3.977984700638099134e-03,-1.143168385642318619e+01,0.000000000000000000e+00
2.211000000000000000e+03,5.003906888665800778e+01,8.696299999999999386e+01,6.000000000000000000e+01,9.671176067770444196e-02,6.137794009623383573e+01,-3.825560135863658850e-03,-1.143175741011767066e+01,0.000000000000000000e+00
2.212000000000000000e+03,5.003972512624262947e+01,8.696299999999999386e+01,6.000000000000000000e+01,9.671176067770444196e-02,6.137852281025568146e+01,-3.678976027927313274e-03,-1.143183046866282915e+01,0.000000000000000000e+00
2.213000000000000000e+03,5.004037624097545489e+01,8.696299999999999386e+01,6.000000000000000000e+01,9.671176067770444196e-02,6.137910552427752719e+01,-3.538008587860872432e-03,-1.143190303539192065e+01,0.000000000000000000e+00
2.214000000000000000e+03,5.004102244275969014e+01,8.696299999999999386e+01,6.000000000000000000e+01,9.671176067770444196e-02,6.137968823829937293e+01,-3.402442601625072990e-03,-1.143197511361576346e+01,0.000000000000000000e+00
2.215000000000000000e+03,5.004166393527449230e+01,8.696299999999999386e+01,6.000000000000000000e+01,9.671176067770444196e-02,6.138027095232121866e+01,-3.272071101543756570e-03,-1.143204670662288969e+01,0.000000000000000000e+00
2.216000000000000000e+03,5.004230091429074889e+01,8.696299999999999386e+01,6.000000000000000000e+01,9.671176067770444196e-02,6.138085366634306439e+01,-3.146695050327715654e-03,-1.143211781767969271e+01,0.000000000000000000e+00
2.217000000000000000e+03,5.004293356797482772e+01,8.696299999999999386e+01,6.000000000000000000e+01,9.671176067770444196e-02,6.138143638036491012e+01,-3.026123037205807366e-03,-1.143218845003057815e+01,0.000000000000000000e+00
2.218000000000000000e+03,5.004356207718065264e+01,8.696299999999999386e+01,6.000000000000000000e+01,9.671176067770444196e-02,6.138201909438675585e+01,-2.910170985699421942e-03,-1.143225860689810602e+01,0.000000000000000000e+00
2.219000000000000000e+03,5.004418661573056681e+01,8.696299999999999386e+01,6.000000000000000000e+01,9.671176067770444196e-02,6.138260180840860158e+01,-2.798661872594164490e-03,-1.143232829148314877e+01,0.000000000000000000e+00
2.220000000000000000e+03,5.004480735068545272e+01,8.696299999999999386e+01,6.000000000000000000e+01,9.671176067770444196e-02,6.138318452243044732e+01,-2.691425457679708696e-03,-1.143239750696502632e+01,0.000000000000000000e+00
2.221000000000000000e+03,5.004542444260449940e+01,8.696299999999999386e+01,6.000000000000000000e+01,9.671176067770444196e-02,6.138376723645229305e+01,-2.588298023845216327e-03,-1.143246625650165882e+01,0.000000000000000000e+00
2.222000000000000000e+03,5.004603804579500803e+01,8.689799999999999613e+01,6.000000000000000000e+01,9.671176067770444196e-02,6.138434995047413878e+01,-2.489122127133530562e-03,-1.143253454322970697e+01,0.000000000000000000e+00
2.223000000000000000e+03,5.039911438127742116e+01,8.689799999999999613e+01,6.000000000000000000e+01,2.666107997060699897e-01,6.138595635129112082e+01,1.791496005449423612e-01,-1.143260237026471238e+01,0.000000000000000000e+00
2.224000000000000000e+03,5.039378893078437471e+01,8.689799999999999613e+01,6.000000000000000000e+01,2.666107997060699897e-01,6.138756275210810287e+01,1.722851196714494382e-01,-1.143266974070125030e+01,0.000000000000000000e+00
2.225000000000000000e+03,5.038872696034538734e+01,8.696299999999999386e+01,6.000000000000000000e+01,2.666107997060699897e-01,6.138916915292508492e+01,1.656836653272885374e-01,-1.143273665761305757e+01,0.000000000000000000e+00
2.226000000000000000e+03,5.003145231578681518e+01,8.696299999999999386e+01,6.000000000000000000e+01,9.671176067770444196e-02,6.138975186694693065e+01,-2.220818778464478394e-02,-1.143280312405318000e+01,0.000000000000000000e+00
2.227000000000000000e+03,5.003281996263691411e+01,8.696299999999999386e+01,6.000000000000000000e+01,9.671176067770444196e-02,6.139033458096877638e+01,-2.135723595545335404e-02,-1.143286914305411095e+01,0.000000000000000000e+00
2.228000000000000000e+03,5.003415544796615677e+01,8.696299999999999386e+01,6.000000000000000000e+01,9.671176067770444196e-02,6.139091729499062211e+01,-2.053889007424048244e-02,-1.143293471762793168e+01,0.000000000000000000e+00
2.229000000000000000e+03,5.003546001814586219e+01,8.696299999999999386e+01,6.000000000000000000e+01,9.671176067770444196e-02,6.139150000901246784e+01,-1.975190077787290430e-02,-1.143299985076644276e+01,0.000000000000000000e+00
2.230000000000000000e+03,5.003673487169560730e+01,8.696299999999999386e+01,6.000000000000000000e+01,9.671176067770444196e-02,6.139208272303431357e+01,-1.899506657510378199e-02,-1.143306454544130979e+01,0.000000000000000000e+00
2.231000000000000000e+03,5.003798116111741479e+01,8.696299999999999386e+01,6.000000000000000000e+01,9.671176067770444196e-02,6.139266543705615931e+01,-1.826723201226414239e-02,-1.143312880460418945e+01,0.000000000000000000e+00
2.232000000000000000e+03,5.003919999465960444e+01,8.693099999999999739e+01,6.000000000000000000e+01,9.671176067770444196e-02,6.139324815107800504e+01,-1.756728590923955016e-02,-1.143319263118686813e+01,0.000000000000000000e+00
2.233000000000000000e+03,5.021391419689302182e+01,8.696299999999999386e+01,6.000000000000000000e+01,1.803543645070473656e-01,6.139433483398361346e+01,7.248102650375552736e-02,-1.143325602810139685e+01,0.000000000000000000e+00
2.234000000000000000e+03,5.003863889300978940e+01,8.696299999999999386e+01,6.000000000000000000e+01,9.671176067770444196e-02,6.139491754800545920e+01,-1.967141743315238556e-02,-1.143331899824022280e+01,0.000000000000000000e+00
2.235000000000000000e+03,5.003991281111546385e+01,8.696299999999999386e+01,6.000000000000000000e+01,9.671176067770444196e-02,6.139550026202730493e+01,-1.891766711323194378e-02,-1.143338154447632071e+01,0.000000000000000000e+00
2.236000000000000000e+03,5.004115826879552031e+01,8.696299999999999386e+01,6.000000000000000000e+01,9.671176067770444196e-02,6.139608297604915066e+01,-1.819279826800496852e-02,-1.143344366966333148e+01,0.000000000000000000e+00
2.237000000000000000e+03,5.004237636986793092e+01,8.696299999999999386e+01,6.000000000000000000e+01,9.671176067770444196e-02,6.139666569007099639e+01,-1.749570424509808500e-02,-1.143350537663567401e+01,0.000000000000000000e+00
2.238000000000000000e+03,5.004356817576608307e+01,8.696299999999999386e+01,6.000000000000000000e+01,9.671176067770444196e-02,6.139724840409284212e+01,-1.682532079577168938e-02,-1.143356666820869272e+01,0.000000000000000000e+00
2.239000000000000000e+03,5.004473470716347805e+01,8.696299999999999386e+01,6.000000000000000000e+01,9.671176067770444196e-02,6.139783111811468785e+01,-1.618062445013856987e-02,-1.143362754717878005e+01,0.000000000000000000e+00
2.240000000000000000e+03,5.004587694553609367e+01,8.696299999999999386e+01,6.000000000000000000e+01,9.671176067770444196e-02,6.139841383213653359e+01,-1.556063095463934912e-02,-1.143368801632350440e+01,0.000000000000000000e+00
2.241000000000000000e+03,5.004699583466496193e+01,8.696299999999999386e+01,6.000000000000000000e+01,9.671176067770444196e-02,6.139899654615837932e+01,-1.496439376938920804e-02,-1.143374807840173268e+01,0.000000000000000000e+00
2.242000000000000000e+03,5.004809228208107186e+01,8.696299999999999386e+01,6.000000000000000000e+01,9.671176067770444196e-02,6.139957926018022505e+01,-1.439100262310183918e-02,-1.143380773615376178e+01,0.000000000000000000e+00
2.243000000000000000e+03,5.004916716045495662e+01,8.696299999999999386e+01,6.000000000000000000e+01,9.671176067770444196e-02,6.140016197420207078e+01,-1.383958212338441685e-02,-1.143386699230144110e+01,0.000000000000000000e+00
2.244000000000000000e+03,5.005022130893304677e+01,8.696299999999999386e+01,6.000000000000000000e+01,9.671176067770444196e-02,6.140074468822391651e+01,-1.330929042028193565e-02,-1.143392584954829339e+01,0.000000000000000000e+00
2.245000000000000000e+03,5.005125553442279340e+01,8.696299999999999386e+01,6.000000000000000000e+01,9.671176067770444196e-02,6.140132740224576224e+01,-1.279931792103057228e-02,-1.143398431057964970e+01,0.000000000000000000e+00
2.246000000000000000e+03,5.005227061282850087e+01,8.696299999999999386e+01,6.000000000000000000e+01,9.671176067770444196e-02,6.140191011626760798e+01,-1.230888605405787255e-02,-1.143404237806275603e+01,0.000000000000000000e+00
2.247000000000000000e+03,5.005326729023991561e+01,8.696299999999999386e+01,6.000000000000000000e+01,9.671176067770444196e-02,6.140249283028945371e+01,-1.183724608034279237e-02,-1.143410005464690649e+01,0.000000000000000000e+00
2.248000000000000000e+03,5.005424628407511989e+01,8.696299999999999386e+01,6.000000000000000000e+01,9.671176067770444196e-02,6.140307554431129944e+01,-1.138367795032088105e-02,-1.143415734296356234e+01,0.000000000000000000e+00
2.249000000000000000e+03,5.005520828417979828e+01,8.696299999999999386e+01,6.000000000000000000e+01,9.671176067770444196e-02,6.140365825833314517e+01,-1.094748920458947679e-02,-1.143421424562646393e+01,0.000000000000000000e+00
2.250000000000000000e+03,5.005615395388420552e+01,8.696299999999999386e+01,6.000000000000000000e+01,9.671176067770444196e-02,6.140424097235499090e+01,-1.052801391673460762e-02,-1.143427076523176211e+01,0.000000000000000000e+00
2.251000000000000000e+03,5.005708393101974707e+01,8.696299999999999386e+01,6.000000000000000000e+01,9.671176067770444196e-02,6.140482368637683663e+01,-1.012461167666563189e-02,-1.143432690435812837e+01,0.000000000000000000e+00
2.252000000000000000e+03,5.005799882889661490e+01,8.696299999999999386e+01,6.000000000000000000e+01,9.671176067770444196e-02,6.140540640039868236e+01,-9.736666612905476095e-03,-1.143438266556687388e+01,0.000000000000000000e+00
2.253000000000000000e+03,5.005889923724382129e+01,8.696299999999999386e+01,6.000000000000000000e+01,9.671176067770444196e-02,6.140598911442052810e+01,-9.363586452343803171e-03,-1.143443805140206848e+01,0.000000000000000000e+00
2.254000000000000000e+03,5.005978572311340713e+01,8.696299999999999386e+01,6.000000000000000000e+01,9.671176067770444196e-02,6.140657182844237383e+01,-9.004801616017658536e-03,-1.143449306439066149e+01,0.000000000000000000e+00
2.255000000000000000e+03,5.006065883174980513e+01,8.696299999999999386e+01,6.000000000000000000e+01,9.671176067770444196e-02,6.140715454246421956e+01,-8.659764349539108078e-03,-1.143454770704257939e+01,0.000000000000000000e+00
2.256000000000000000e+03,5.006151908742606338e+01,8.696299999999999386e+01,6.000000000000000000e+01,9.671176067770444196e-02,6.140773725648606529e+01,-8.327947886842310132e-03,-1.143460198185086441e+01,0.000000000000000000e+00
2.257000000000000000e+03,5.006236699424787417e+01,8.696299999999999386e+01,6.000000000000000000e+01,9.671176067770444196e-02,6.140831997050791102e+01,-8.008845645973323990e-03,-1.143465589129176863e+01,0.000000000000000000e+00
2.258000000000000000e+03,5.006320303692689322e+01,8.696299999999999386e+01,6.000000000000000000e+01,9.671176067770444196e-02,6.140890268452975675e+01,-7.701970455694854938e-03,-1.143470943782487481e+01,0.000000000000000000e+00
2.259000000000000000e+03,5.006402768152437233e+01,8.696299999999999386e+01,6.000000000000000000e+01,9.671176067770444196e-02,6.140948539855160249e+01,-7.406853811725216258e-03,-1.143476262389321185e+01,0.000000000000000000e+00
2.260000000000000000e+03,5.006484137616632069e+01,8.696299999999999386e+01,6.000000000000000000e+01,9.671176067770444196e-02,6.141006811257344822e+01,-7.123045161476003299e-03,-1.143481545192335780e+01,0.000000000000000000e+00
2.261000000000000000e+03,5.006564455173124628e+01,8.696299999999999386e+01,6.000000000000000000e+01,9.671176067770444196e-02,6.141065082659529395e+01,-6.850111216196499812e-03,-1.143486792432556065e+01,0.000000000000000000e+00
2.262000000000000000e+03,5.006643762251152907e+01,8.696299999999999386e+01,6.000000000000000000e+01,9.671176067770444196e-02,6.141123354061713968e+01,-6.587635289474666131e-03,-1.143492004349383784e+01,0.000000000000000000e+00
2.263000000000000000e+03,5.006722098684951305e+01,8.696299999999999386e+01,6.000000000000000000e+01,9.671176067770444196e-02,6.141181625463898541e+01,-6.335216661084805238e-03,-1.143497181180609523e+01,0.000000000000000000e+00
2.264000000000000000e+03,5.006799502774909882e+01,8.696299999999999386e+01,6.000000000000000000e+01,9.671176067770444196e-02,6.141239896866083114e+01,-6.092469965210701825e-03,-1.143502323162422840e+01,0.000000000000000000e+00
2.265000000000000000e+03,5.006876011346403743e+01,8.696299999999999386e+01,6.000000000000000000e+01,9.671176067770444196e-02,6.141298168268267688e+01,-5.859024602110227999e-03,-1.143507430529423274e+01,0.000000000000000000e+00
2.266000000000000000e+03,5.006951659806359345e+01,8.696299999999999386e+01,6.000000000000000000e+01,9.671176067770444196e-02,6.141356439670452261e+01,-5.634524172323221794e-03,-1.143512503514631184e+01,0.000000000000000000e+00
2.267000000000000000e+03,5.007026482197653650e+01,8.696299999999999386e+01,6.000000000000000000e+01,9.671176067770444196e-02,6.141414711072636834e+01,-5.418625932558833805e-03,-1.143517542349498406e+01,0.000000000000000000e+00
2.268000000000000000e+03,5.007100511251430675e+01,8.696299999999999386e+01,6.000000000000000000e+01,9.671176067770444196e-02,6.141472982474821407e+01,-5.211000272431661785e-03,-1.143522547263918376e+01,0.000000000000000000e+00
2.269000000000000000e+03,5.007173778437415024e+01,8.696299999999999386e+01,6.000000000000000000e+01,9.671176067770444196e-02,6.141531253877005980e+01,-5.011330211247797504e-03,-1.143527518486237149e+01,0.000000000000000000e+00
2.270000000000000000e+03,5.007246314012290611e+01,8.696299999999999386e+01,6.000000000000000000e+01,9.671176067770444196e-02,6.141589525279190553e+01,-4.819310914072541877e-03,-1.143532456243263340e+01,0.000000000000000000e+00
2.271000000000000000e+03,5.007318147066232683e+01,8.696299999999999386e+01,6.000000000000000000e+01,9.671176067770444196e-02,6.141647796681375127e+01,-4.634649226340966169e-03,-1.143537360760279142e+01,0.000000000000000000e+00
2.272000000000000000e+03,5.007389305567650695e+01,8.696299999999999386e+01,6.000000000000000000e+01,9.671176067770444196e-02,6.141706068083559700e+01,-4.457063226300819921e-03,-1.143542232261049563e+01,0.000000000000000000e+00
2.273000000000000000e+03,5.007459816406220199e+01,8.696299999999999386e+01,6.000000000000000000e+01,9.671176067770444196e-02,6.141764339485744273e+01,-4.286281794604491872e-03,-1.143547070967833967e+01,0.000000000000000000e+00
2.274000000000000000e+03,5.007529705434264855e+01,8.696299999999999386e+01,6.000000000000000000e+01,9.671176067770444196e-02,6.141822610887928846e+01,-4.122044200392931471e-03,-1.143551877101395320e+01,0.000000000000000000e+00
2.275000000000000000e+03,5.007598997506550376e+01,8.699500000000000455e+01,6.000000000000000000e+01,9.671176067770444196e-02,6.141880882290113419e+01,-3.964099703239608481e-03,-1.143556650881009951e+01,0.000000000000000000e+00
2.276000000000000000e+03,4.990315540630557933e+01,8.696299999999999386e+01,6.000000000000000000e+01,1.306915684832438314e-02,6.141888756803922433e+01,-9.318739333718094320e-02,-1.143561392524478570e+01,0.000000000000000000e+00
2.277000000000000000e+03,5.008027947736579932e+01,8.696299999999999386e+01,6.000000000000000000e+01,9.671176067770444196e-02,6.141947028206107007e+01,-2.415428916214545918e-04,-1.143566102248135685e+01,0.000000000000000000e+00
2.278000000000000000e+03,5.008082466640698271e+01,8.696299999999999386e+01,6.000000000000000000e+01,9.671176067770444196e-02,6.142005299608291580e+01,-2.322876850532005209e-04,-1.143570780266859188e+01,0.000000000000000000e+00
2.279000000000000000e+03,5.008136981573113644e+01,8.696299999999999386e+01,6.000000000000000000e+01,9.671176067770444196e-02,6.142063571010476153e+01,-2.233871105258482877e-04,-1.143575426794080485e+01,0.000000000000000000e+00
2.280000000000000000e+03,5.008191493680677553e+01,8.699500000000000455e+01,6.000000000000000000e+01,9.671176067770444196e-02,6.142121842412660726e+01,-2.148275795923430950e-04,-1.143580042041794798e+01,0.000000000000000000e+00
2.281000000000000000e+03,4.990893828171601854e+01,8.699500000000000455e+01,6.000000000000000000e+01,1.306915684832438314e-02,6.142129716926469740e+01,-8.958178219130873143e-02,-1.143584626220569334e+01,0.000000000000000000e+00
2.282000000000000000e+03,4.991240400162741508e+01,8.699500000000000455e+01,6.000000000000000000e+01,1.306915684832438314e-02,6.142137591440278754e+01,-8.614927422815878144e-02,-1.143589179539554301e+01,0.000000000000000000e+00
2.283000000000000000e+03,4.991573850454378913e+01,8.696299999999999386e+01,6.000000000000000000e+01,1.306915684832438314e-02,6.142145465954087769e+01,-8.284828978049244008e-02,-1.143593702206491969e+01,0.000000000000000000e+00
2.284000000000000000e+03,5.009246858687237136e+01,8.699500000000000455e+01,6.000000000000000000e+01,9.671176067770444196e-02,6.142203737356272342e+01,9.701396909200091234e-03,-1.143598194427726078e+01,0.000000000000000000e+00
2.285000000000000000e+03,4.991911319347918408e+01,8.696299999999999386e+01,6.000000000000000000e+01,1.306915684832438314e-02,6.142211611870081356e+01,-8.004551798785057570e-02,-1.143602656408210727e+01,0.000000000000000000e+00
2.286000000000000000e+03,5.009573648469214646e+01,8.699500000000000455e+01,6.000000000000000000e+01,9.671176067770444196e-02,6.142269883272265929e+01,1.239677480699187540e-02,-1.143607088351521206e+01,0.000000000000000000e+00
2.287000000000000000e+03,4.992227841114078757e+01,8.696299999999999386e+01,6.000000000000000000e+01,1.306915684832438314e-02,6.142277757786074943e+01,-7.745341896966526085e-02,-1.143611490459861990e+01,0.000000000000000000e+00
2.288000000000000000e+03,5.009880297550518691e+01,8.696299999999999386e+01,6.000000000000000000e+01,9.671176067770444196e-02,6.142336029188259516e+01,1.488955228564593780e-02,-1.143615862934076155e+01,0.000000000000000000e+00
2.289000000000000000e+03,5.009877173568843745e+01,8.696299999999999386e+01,6.000000000000000000e+01,9.671176067770444196e-02,6.142394300590444089e+01,1.431902884284290238e-02,-1.143620205973655146e+01,0.000000000000000000e+00
2.290000000000000000e+03,5.009876264900125165e+01,8.696299999999999386e+01,6.000000000000000000e+01,9.671176067770444196e-02,6.142452571992628663e+01,1.377036616472529160e-02,-1.143624519776747128e+01,0.000000000000000000e+00
2.291000000000000000e+03,5.009877487583585776e+01,8.696299999999999386e+01,6.000000000000000000e+01,9.671176067770444196e-02,6.142510843394813236e+01,1.324272661168572271e-02,-1.143628804540166399e+01,0.000000000000000000e+00
2.292000000000000000e+03,5.009880760869364025e+01,8.696299999999999386e+01,6.000000000000000000e+01,9.671176067770444196e-02,6.142569114796997809e+01,1.273530463997997290e-02,-1.143633060459402451e+01,0.000000000000000000e+00
2.293000000000000000e+03,5.009886007095514771e+01,8.696299999999999386e+01,6.000000000000000000e+01,9.671176067770444196e-02,6.142627386199182382e+01,1.224732557190877716e-02,-1.143637287728629026e+01,0.000000000000000000e+00
2.294000000000000000e+03,5.009893151569737313e+01,8.696299999999999386e+01,6.000000000000000000e+01,9.671176067770444196e-02,6.142685657601366955e+01,1.177804441312261564e-02,-1.143641486540711938e+01,0.000000000000000000e+00
2.295000000000000000e+03,5.009902122455626738e+01,8.696299999999999386e+01,6.000000000000000000e+01,9.671176067770444196e-02,6.142743929003551528e+01,1.132674471524387078e-02,-1.143645657087219725e+01,0.000000000000000000e+00
2.296000000000000000e+03,5.009912850663283024e+01,8.696299999999999386e+01,6.000000000000000000e+01,9.671176067770444196e-02,6.142802200405736102e+01,1.089273748206992347e-02,-1.143649799558430225e+01,0.000000000000000000e+00
2.297000000000000000e+03,5.009925269744118737e+01,8.696299999999999386e+01,6.000000000000000000e+01,9.671176067770444196e-02,6.142860471807920675e+01,1.047536011768729694e-02,-1.143653914143341233e+01,0.000000000000000000e+00
2.298000000000000000e+03,5.009939315789686987e+01,8.696299999999999386e+01,6.000000000000000000e+01,9.671176067770444196e-02,6.142918743210105248e+01,1.007397541489095556e-02,-1.143658001029677962e+01,0.000000000000000000e+00
2.299000000000000000e+03,5.009954927334395336e+01,8.696299999999999386e+01,6.000000000000000000e+01,9.671176067770444196e-02,6.142977014612289821e+01,9.687970582364360470e-03,-1.143662060403901393e+01,0.000000000000000000e+00
2.300000000000000000e+03,5.009972045261940821e+01,8.696299999999999386e+01,6.000000000000000000e+01,9.671176067770444196e-02,6.143035286014474394e+01,9.316756309135105357e-03,-1.143666092451217864e+01,0.000000000000000000e+00
2.301000000000000000e+03,5.009990612715330371e+01,8.696299999999999386e+01,6.000000000000000000e+01,9.671176067770444196e-02,6.143093557416658967e+01,8.959765864877830555e-03,-1.143670097355587068e+01,0.000000000000000000e+00
2.302000000000000000e+03,5.010010575010353762e+01,8.696299999999999386e+01,6.000000000000000000e+01,9.671176067770444196e-02,6.143151828818843541e+01,8.616454234690861316e-03,-1.143674075299729864e+01,0.000000000000000000e+00
2.303000000000000000e+03,5.010031879552364131e+01,8.696299999999999386e+01,6.000000000000000000e+01,9.671176067770444196e-02,6.143210100221028114e+01,8.286297287025637393e-03,-1.143678026465137521e+01,0.000000000000000000e+00
2.304000000000000000e+03,5.010054475756254533e+01,8.696299999999999386e+01,6.000000000000000000e+01,9.671176067770444196e-02,6.143268371623212687e+01,7.968790973498613220e-03,-1.143681951032078814e+01,0.000000000000000000e+00
2.305000000000000000e+03,5.010078314969494784e+01,8.696299999999999386e+01,6.000000000000000000e+01,9.671176067770444196e-02,6.143326643025397260e+01,7.663450559363994830e-03,-1.143685849179609626e+01,0.000000000000000000e+00
2.306000000000000000e+03,5.010103350398119204e+01,8.696299999999999386e+01,6.000000000000000000e+01,9.671176067770444196e-02,6.143384914427581833e+01,7.369809883472474600e-03,-1.143689721085580580e+01,0.000000000000000000e+00
2.307000000000000000e+03,5.010129537035551550e+01,8.696299999999999386e+01,6.000000000000000000e+01,9.671176067770444196e-02,6.143443185829766406e+01,7.087420646586152333e-03,-1.143693566926644323e+01,0.000000000000000000e+00
2.308000000000000000e+03,5.010156831594152749e+01,8.696299999999999386e+01,6.000000000000000000e+01,9.671176067770444196e-02,6.143501457231950980e+01,6.815851726963110743e-03,-1.143697386878265121e+01,0.000000000000000000e+00
2.309000000000000000e+03,5.010185192439396928e+01,8.696299999999999386e+01,6.000000000000000000e+01,9.671176067770444196e-02,6.143559728634135553e+01,6.554688522166767645e-03,-1.143701181114725429e+01,0.000000000000000000e+00
2.310000000000000000e+03,5.010214579526565615e+01,8.696299999999999386e+01,6.000000000000000000e+01,9.671176067770444196e-02,6.143618000036320126e+01,6.303532316095128950e-03,-1.143704949809134774e+01,0.000000000000000000e+00
2.311000000000000000e+03,5.010244954339864876e+01,8.696299999999999386e+01,6.000000000000000000e+01,9.671176067770444196e-02,6.143676271438504699e+01,6.061999670263611313e-03,-1.143708693133437038e+01,0.000000000000000000e+00
2.312000000000000000e+03,5.010276279833882285e+01,8.696299999999999386e+01,6.000000000000000000e+01,9.671176067770444196e-02,6.143734542840689272e+01,5.829721838412092738e-03,-1.143712411258418804e+01,0.000000000000000000e+00
2.313000000000000000e+03,5.010308520377281383e+01,8.696299999999999386e+01,6.000000000000000000e+01,9.671176067770444196e-02,6.143792814242873845e+01,5.606344203542487636e-03,-1.143716104353717355e+01,0.000000000000000000e+00
2.314000000000000000e+03,5.010341641698654769e+01,8.696299999999999386e+01,6.000000000000000000e+01,9.671176067770444196e-02,6.143851085645058419e+01,5.391525736527369786e-03,-1.143719772587827421e+01,0.000000000000000000e+00
2.315000000000000000e+03,5.010375610834450555e+01,8.702700000000000102e+01,6.000000000000000000e+01,9.671176067770444196e-02,6.143909357047242992e+01,5.184938475463103831e-03,-1.143723416128109882e+01,0.000000000000000000e+00
2.316000000000000000e+03,4.975706044302910414e+01,8.696299999999999386e+01,6.000000000000000000e+01,-7.057344698101852831e-02,6.143866834672675736e+01,-1.737641053086559917e-01,-1.143727035140798343e+01,0.000000000000000000e+00
2.317000000000000000e+03,5.011030091522449936e+01,8.702700000000000102e+01,6.000000000000000000e+01,9.671176067770444196e-02,6.143925106074860309e+01,1.164439170826850334e-02,-1.143730629791008013e+01,0.000000000000000000e+00
2.318000000000000000e+03,4.976335822844613688e+01,8.702700000000000102e+01,6.000000000000000000e+01,-7.057344698101852831e-02,6.143882583700293054e+01,-1.675521591483472017e-01,-1.143734200242742460e+01,0.000000000000000000e+00
2.319000000000000000e+03,4.976931764188595508e+01,8.696299999999999386e+01,6.000000000000000000e+01,-7.057344698101852831e-02,6.143840061325725799e+01,-1.611320578012736815e-01,-1.143737746658901244e+01,0.000000000000000000e+00
2.320000000000000000e+03,5.012207481259831354e+01,8.696299999999999386e+01,6.000000000000000000e+01,9.671176067770444196e-02,6.143898332727910372e+01,2.379241665437401010e-02,-1.143741269201286848e+01,0.000000000000000000e+00
2.321000000000000000e+03,5.012171088355032822e+01,8.696299999999999386e+01,6.000000000000000000e+01,9.671176067770444196e-02,6.143956604130094945e+01,2.288076187779998841e-02,-1.143744768030612846e+01,0.000000000000000000e+00
2.322000000000000000e+03,5.012138212194133757e+01,8.702700000000000102e+01,6.000000000000000000e+01,9.671176067770444196e-02,6.144014875532279518e+01,2.200403900594685366e-02,-1.143748243306511014e+01,0.000000000000000000e+00
2.323000000000000000e+03,4.977404366993901874e+01,8.696299999999999386e+01,6.000000000000000000e+01,-7.057344698101852831e-02,6.143972353157712263e+01,-1.575894627817048532e-01,-1.143751695187538253e+01,0.000000000000000000e+00
2.324000000000000000e+03,5.012666603791409159e+01,8.696299999999999386e+01,6.000000000000000000e+01,9.671176067770444196e-02,6.144030624559896836e+01,2.719926994925916941e-02,-1.143755123831184406e+01,0.000000000000000000e+00
2.325000000000000000e+03,5.012617250102766064e+01,8.696299999999999386e+01,6.000000000000000000e+01,9.671176067770444196e-02,6.144088895962081409e+01,2.615707466793158742e-02,-1.143758529393879009e+01,0.000000000000000000e+00
2.326000000000000000e+03,5.012571912722633272e+01,8.696299999999999386e+01,6.000000000000000000e+01,9.671176067770444196e-02,6.144147167364265982e+01,2.515481321594750450e-02,-1.143761912030998396e+01,0.000000000000000000e+00
2.327000000000000000e+03,5.012530438482099981e+01,8.696299999999999386e+01,6.000000000000000000e+01,9.671176067770444196e-02,6.144205438766450555e+01,2.419095544751312735e-02,-1.143765271896872981e+01,0.000000000000000000e+00
2.328000000000000000e+03,5.012492680076359619e+01,8.696299999999999386e+01,6.000000000000000000e+01,9.671176067770444196e-02,6.144263710168635129e+01,2.326402984747912364e-02,-1.143768609144794368e+01,0.000000000000000000e+00
2.329000000000000000e+03,5.012458495840046879e+01,8.696299999999999386e+01,6.000000000000000000e+01,9.671176067770444196e-02,6.144321981570819702e+01,2.237262128478837570e-02,-1.143771923927022094e+01,0.000000000000000000e+00
2.330000000000000000e+03,5.012427749531184418e+01,8.696299999999999386e+01,6.000000000000000000e+01,9.671176067770444196e-02,6.144380252973004275e+01,2.151536885200495269e-02,-1.143775216394791272e+01,0.000000000000000000e+00
2.331000000000000000e+03,5.012400310123404523e+01,8.696299999999999386e+01,6.000000000000000000e+01,9.671176067770444196e-02,6.144438524375188848e+01,2.069096378762590865e-02,-1.143778486698318098e+01,0.000000000000000000e+00
2.332000000000000000e+03,5.012376051606136684e+01,8.696299999999999386e+01,6.000000000000000000e+01,9.671176067770444196e-02,6.144496795777373421e+01,1.989814747800393302e-02,-1.143781734986807841e+01,0.000000000000000000e+00
2.333000000000000000e+03,5.012354852792449833e+01,8.696299999999999386e+01,6.000000000000000000e+01,9.671176067770444196e-02,6.144555067179557994e+01,1.913570953583038428e-02,-1.143784961408461598e+01,0.000000000000000000e+00
2.334000000000000000e+03,5.012336597134255101e+01,8.696299999999999386e+01,6.000000000000000000e+01,9.671176067770444196e-02,6.144613338581742568e+01,1.840248595224516434e-02,-1.143788166110482507e+01,0.000000000000000000e+00
2.335000000000000000e+03,5.012321172544590553e+01,8.696299999999999386e+01,6.000000000000000000e+01,9.671176067770444196e-02,6.144671609983927141e+01,1.769735731975223894e-02,-1.143791349239082678e+01,0.000000000000000000e+00
2.336000000000000000e+03,5.012308471226714346e+01,8.696299999999999386e+01,6.000000000000000000e+01,9.671176067770444196e-02,6.144729881386111714e+01,1.701924712322777991e-02,-1.143794510939490650e+01,0.000000000000000000e+00
2.337000000000000000e+03,5.012298389509751928e+01,8.699500000000000455e+01,6.000000000000000000e+01,9.671176067770444196e-02,6.144788152788296287e+01,1.636712009641178717e-02,-1.143797651355956546e+01,0.000000000000000000e+00
2.338000000000000000e+03,4.994938651802631568e+01,8.696299999999999386e+01,6.000000000000000000e+01,1.306915684832438314e-02,6.144796027302105301e+01,-7.363520552546008735e-02,-1.143800770631759711e+01,0.000000000000000000e+00
2.339000000000000000e+03,5.012577752175378976e+01,8.702700000000000102e+01,6.000000000000000000e+01,9.671176067770444196e-02,6.144854298704289874e+01,1.856146312532989950e-02,-1.143803868909214749e+01,0.000000000000000000e+00
2.340000000000000000e+03,4.977857472364529912e+01,8.696299999999999386e+01,6.000000000000000000e+01,-7.057344698101852831e-02,6.144811776329722619e+01,-1.609001293741282590e-01,-1.143806946329678631e+01,0.000000000000000000e+00
2.341000000000000000e+03,5.013132766593390244e+01,8.696299999999999386e+01,6.000000000000000000e+01,9.671176067770444196e-02,6.144870047731907192e+01,2.401545827268861122e-02,-1.143810003033556200e+01,0.000000000000000000e+00
2.342000000000000000e+03,5.013095981761895814e+01,8.696299999999999386e+01,6.000000000000000000e+01,9.671176067770444196e-02,6.144928319134091765e+01,2.309525720341699950e-02,-1.143813039160307810e+01,0.000000000000000000e+00
2.343000000000000000e+03,5.013062743306335278e+01,8.696299999999999386e+01,6.000000000000000000e+01,9.671176067770444196e-02,6.144986590536276339e+01,2.221031550743211846e-02,-1.143816054848454833e+01,0.000000000000000000e+00
2.344000000000000000e+03,5.013032915985668581e+01,8.696299999999999386e+01,6.000000000000000000e+01,9.671176067770444196e-02,6.145044861938460912e+01,2.135928215021978480e-02,-1.143819050235585344e+01,0.000000000000000000e+00
2.345000000000000000e+03,5.013006369736543633e+01,8.696299999999999386e+01,6.000000000000000000e+01,9.671176067770444196e-02,6.145103133340645485e+01,2.054085786489774981e-02,-1.143822025458361935e+01,0.000000000000000000e+00
2.346000000000000000e+03,5.012982979474936940e+01,8.696299999999999386e+01,6.000000000000000000e+01,9.671176067770444196e-02,6.145161404742830058e+01,1.975379316863372023e-02,-1.143824980652527401e+01,0.000000000000000000e+00
2.347000000000000000e+03,5.012962624905382114e+01,8.696299999999999386e+01,6.000000000000000000e+01,9.671176067770444196e-02,6.145219676145014631e+01,1.899688645506835208e-02,-1.143827915952910068e+01,0.000000000000000000e+00
2.348000000000000000e+03,5.012945190337521240e+01,8.696299999999999386e+01,6.000000000000000000e+01,9.671176067770444196e-02,6.145277947547199204e+01,1.826898215983092238e-02,-1.143830831493431432e+01,0.000000000000000000e+00
2.349000000000000000e+03,5.012930564509679243e+01,8.696299999999999386e+01,6.000000000000000000e+01,9.671176067770444196e-02,6.145336218949383777e+01,1.756896899634701956e-02,-1.143833727407110601e+01,0.000000000000000000e+00
2.350000000000000000e+03,5.012918640419191973e+01,8.696299999999999386e+01,6.000000000000000000e+01,9.671176067770444196e-02,6.145394490351568351e+01,1.689577825924482024e-02,-1.143836603826071574e+01,0.000000000000000000e+00
2.351000000000000000e+03,5.012909315159251378e+01,8.696299999999999386e+01,6.000000000000000000e+01,9.671176067770444196e-02,6.145452761753752924e+01,1.624838219276981965e-02,-1.143839460881549108e+01,0.000000000000000000e+00
2.352000000000000000e+03,5.012902489761985692e+01,8.696299999999999386e+01,6.000000000000000000e+01,9.671176067770444196e-02,6.145511033155937497e+01,1.562579242171704616e-02,-1.143842298703894400e+01,0.000000000000000000e+00
2.353000000000000000e+03,5.012898069047560057e+01,8.696299999999999386e+01,6.000000000000000000e+01,9.671176067770444196e-02,6.145569304558122070e+01,1.502705844248532208e-02,-1.143845117422581126e+01,0.000000000000000000e+00
2.354000000000000000e+03,5.012895961479061668e+01,8.696299999999999386e+01,6.000000000000000000e+01,9.671176067770444196e-02,6.145627575960306643e+01,1.445126617194981977e-02,-1.143847917166211126e+01,0.000000000000000000e+00
2.355000000000000000e+03,5.012896079022934970e+01,8.699500000000000455e+01,6.000000000000000000e+01,9.671176067770444196e-02,6.145685847362491216e+01,1.389753655193752893e-02,-1.143850698062520799e+01,0.000000000000000000e+00
2.356000000000000000e+03,4.995546161126780049e+01,8.696299999999999386e+01,6.000000000000000000e+01,1.306915684832438314e-02,6.145693721876300231e+01,-7.601016195965908107e-02,-1.143853460238386788e+01,0.000000000000000000e+00
2.357000000000000000e+03,5.013194716323568656e+01,8.699500000000000455e+01,6.000000000000000000e+01,9.671176067770444196e-02,6.145751993278484804e+01,1.627750797144829342e-02,-1.143856203819831308e+01,0.000000000000000000e+00
2.358000000000000000e+03,4.995835716147116301e+01,8.696299999999999386e+01,6.000000000000000000e+01,1.306915684832438314e-02,6.145759867792293818e+01,-7.372138397981548019e-02,-1.143858928932028363e+01,0.000000000000000000e+00
2.359000000000000000e+03,5.013475538240291485e+01,8.696299999999999386e+01,6.000000000000000000e+01,9.671176067770444196e-02,6.145818139194478391e+01,1.847858677351803258e-02,-1.143861635699309431e+01,0.000000000000000000e+00
2.360000000000000000e+03,5.013460316637610958e+01,8.702700000000000102e+01,6.000000000000000000e+01,9.671176067770444196e-02,6.145876410596662964e+01,1.777054218346508022e-02,-1.143864324245168618e+01,0.000000000000000000e+00
2.361000000000000000e+03,4.978743474374383737e+01,8.706000000000000227e+01,6.000000000000000000e+01,-7.057344698101852831e-02,6.145833888222095709e+01,-1.616607445734105641e-01,-1.143866994692269223e+01,0.000000000000000000e+00
2.362000000000000000e+03,4.961423304128113898e+01,8.699500000000000455e+01,6.000000000000000000e+01,-1.568298821800411802e-01,6.145739394056391092e+01,-2.476345454782510613e-01,-1.143869647162448366e+01,0.000000000000000000e+00
2.363000000000000000e+03,4.997521644686666065e+01,8.709199999999999875e+01,6.000000000000000000e+01,1.306915684832438314e-02,6.145747268570200106e+01,-5.660257791643336089e-02,-1.143872281776723021e+01,0.000000000000000000e+00
2.364000000000000000e+03,4.945145003437095710e+01,8.709199999999999875e+01,6.000000000000000000e+01,-2.404724860093840899e-01,6.145602377516119219e+01,-3.253522682278977007e-01,-1.143874898655295702e+01,0.000000000000000000e+00
2.365000000000000000e+03,4.946244166429273292e+01,8.706000000000000227e+01,6.000000000000000000e+01,-2.404724860093840899e-01,6.145457486462038332e+01,-3.128857351426750921e-01,-1.143877497917559793e+01,0.000000000000000000e+00
2.366000000000000000e+03,4.964647754753163156e+01,8.709199999999999875e+01,6.000000000000000000e+01,-1.568298821800411802e-01,6.145362992296333715e+01,-2.115216964306199654e-01,-1.143880079682104522e+01,0.000000000000000000e+00
2.367000000000000000e+03,4.948009008663728991e+01,8.712399999999999523e+01,6.000000000000000000e+01,-2.404724860093840899e-01,6.145218101242252828e+01,-2.927919991086426199e-01,-1.143882644066721532e+01,0.000000000000000000e+00
2.368000000000000000e+03,4.931631286622994281e+01,8.702700000000000102e+01,6.000000000000000000e+01,-3.241150898387269996e-01,6.145022813299795672e+01,-3.709482650451972896e-01,-1.143885191188408790e+01,0.000000000000000000e+00
2.369000000000000000e+03,4.985453615498843760e+01,8.709199999999999875e+01,6.000000000000000000e+01,-7.057344698101852831e-02,6.144980290925228417e+01,-8.581609564905523513e-02,-1.143887721163376980e+01,0.000000000000000000e+00
2.370000000000000000e+03,4.950490794711475928e+01,8.702700000000000102e+01,6.000000000000000000e+01,-2.404724860093840899e-01,6.144835399871147530e+01,-2.640712245167887717e-01,-1.143890234107054305e+01,0.000000000000000000e+00
2.371000000000000000e+03,4.986601857443609731e+01,8.706000000000000227e+01,6.000000000000000000e+01,-7.057344698101852831e-02,6.144792877496580275e+01,-7.240945220776218161e-02,-1.143892730134092162e+01,0.000000000000000000e+00
2.372000000000000000e+03,4.968939875985829957e+01,8.696299999999999386e+01,6.000000000000000000e+01,-1.568298821800411802e-01,6.144698383330875657e+01,-1.618030976867178283e-01,-1.143895209358370124e+01,0.000000000000000000e+00
2.373000000000000000e+03,5.022061683883812577e+01,8.709199999999999875e+01,6.000000000000000000e+01,9.671176067770444196e-02,6.144756654733060230e+01,1.153152497598269322e-01,-1.143897671893000911e+01,0.000000000000000000e+00
2.374000000000000000e+03,4.951724696475334042e+01,8.699500000000000455e+01,6.000000000000000000e+01,-2.404724860093840899e-01,6.144611763678979344e+01,-2.493970075237114115e-01,-1.143900117850335896e+01,0.000000000000000000e+00
2.375000000000000000e+03,5.005131774387498211e+01,8.706000000000000227e+01,6.000000000000000000e+01,1.306915684832438314e-02,6.144619638192788358e+01,3.107767851847845209e-02,-1.143902547341970433e+01,0.000000000000000000e+00
2.376000000000000000e+03,4.969771548053613230e+01,8.706000000000000227e+01,6.000000000000000000e+01,-1.568298821800411802e-01,6.144525144027083741e+01,-1.516564727671819157e-01,-1.143904960478748123e+01,0.000000000000000000e+00
2.377000000000000000e+03,4.970255759579141852e+01,8.709199999999999875e+01,6.000000000000000000e+01,-1.568298821800411802e-01,6.144430649861379123e+01,-1.458454469346651683e-01,-1.143907357370766675e+01,0.000000000000000000e+00
2.378000000000000000e+03,4.953365545226140654e+01,8.699500000000000455e+01,6.000000000000000000e+01,-2.404724860093840899e-01,6.144285758807298237e+01,-2.296322685283671006e-01,-1.143909738127382703e+01,0.000000000000000000e+00
2.379000000000000000e+03,5.006696955287590356e+01,8.709199999999999875e+01,6.000000000000000000e+01,1.306915684832438314e-02,6.144293633321107251e+01,5.008509138867137112e-02,-1.143912102857216517e+01,0.000000000000000000e+00
2.380000000000000000e+03,4.953911786627931235e+01,8.702700000000000102e+01,6.000000000000000000e+01,-2.404724860093840899e-01,6.144148742267026364e+01,-2.227525536999999944e-01,-1.143914451668157106e+01,0.000000000000000000e+00
2.381000000000000000e+03,4.989864691507088423e+01,8.709199999999999875e+01,6.000000000000000000e+01,-7.057344698101852831e-02,6.144106219892459109e+01,-3.267399019901559565e-02,-1.143916784667367459e+01,0.000000000000000000e+00
2.382000000000000000e+03,4.954698441597034986e+01,8.702700000000000102e+01,6.000000000000000000e+01,-2.404724860093840899e-01,6.143961328838378222e+01,-2.129653667911610426e-01,-1.143919101961289186e+01,0.000000000000000000e+00
2.383000000000000000e+03,4.990613876186212394e+01,8.699500000000000455e+01,6.000000000000000000e+01,-7.057344698101852831e-02,6.143918806463810967e+01,-2.326181923850509370e-02,-1.143921403655646785e+01,0.000000000000000000e+00
2.384000000000000000e+03,5.008010375885699261e+01,8.699500000000000455e+01,6.000000000000000000e+01,1.306915684832438314e-02,6.143926680977619981e+01,6.700469078700659054e-02,-1.143923689855453674e+01,0.000000000000000000e+00
2.385000000000000000e+03,5.007759237505709393e+01,8.706000000000000227e+01,6.000000000000000000e+01,1.306915684832438314e-02,6.143934555491428995e+01,6.443726994463452873e-02,-1.143925960665015751e+01,0.000000000000000000e+00
2.386000000000000000e+03,4.972271344734386389e+01,8.706000000000000227e+01,6.000000000000000000e+01,-1.568298821800411802e-01,6.143840061325724378e+01,-1.195751218539592708e-01,-1.143928216187937785e+01,0.000000000000000000e+00
2.387000000000000000e+03,4.972632786599642429e+01,8.702700000000000102e+01,6.000000000000000000e+01,-1.568298821800411802e-01,6.143745567160019760e+01,-1.149933581524757581e-01,-1.143930456527125905e+01,0.000000000000000000e+00
2.388000000000000000e+03,4.990871118972537346e+01,8.699500000000000455e+01,6.000000000000000000e+01,-7.057344698101852831e-02,6.143703044785452505e+01,-1.841899330019416969e-02,-1.143932681784794347e+01,0.000000000000000000e+00
2.389000000000000000e+03,5.008249138322791794e+01,8.699500000000000455e+01,6.000000000000000000e+01,1.306915684832438314e-02,6.143710919299261519e+01,7.166195401166328138e-02,-1.143934892062468656e+01,0.000000000000000000e+00
2.390000000000000000e+03,5.007980230103708408e+01,8.699500000000000455e+01,6.000000000000000000e+01,1.306915684832438314e-02,6.143718793813070533e+01,6.891608066796701959e-02,-1.143937087460991364e+01,0.000000000000000000e+00
2.391000000000000000e+03,5.007721858035132811e+01,8.696299999999999386e+01,6.000000000000000000e+01,1.306915684832438314e-02,6.143726668326879548e+01,6.627542103946465479e-02,-1.143939268080525729e+01,0.000000000000000000e+00
2.392000000000000000e+03,5.024825794757850161e+01,8.696299999999999386e+01,6.000000000000000000e+01,9.671176067770444196e-02,6.143784939729064121e+01,1.531111298157591394e-01,-1.143941434020561054e+01,0.000000000000000000e+00
2.393000000000000000e+03,5.024295238403442454e+01,8.696299999999999386e+01,6.000000000000000000e+01,9.671176067770444196e-02,6.143843211131248694e+01,1.472443658434023916e-01,-1.143943585379917138e+01,0.000000000000000000e+00
2.394000000000000000e+03,5.023787176229507878e+01,8.702700000000000102e+01,6.000000000000000000e+01,9.671176067770444196e-02,6.143901482533433267e+01,1.416023988505255848e-01,-1.143945722256748176e+01,0.000000000000000000e+00
2.395000000000000000e+03,4.988596395007274964e+01,8.696299999999999386e+01,6.000000000000000000e+01,-7.057344698101852831e-02,6.143858960158866012e+01,-4.257375704942642503e-02,-1.143947844748547382e+01,0.000000000000000000e+00
2.396000000000000000e+03,5.023419246203755506e+01,8.696299999999999386e+01,6.000000000000000000e+01,9.671176067770444196e-02,6.143917231561050585e+01,1.378079152708589217e-01,-1.143949952952151961e+01,0.000000000000000000e+00
2.397000000000000000e+03,5.022947384572367469e+01,8.706000000000000227e+01,6.000000000000000000e+01,9.671176067770444196e-02,6.143975502963235158e+01,1.325275250510915548e-01,-1.143952046963747371e+01,0.000000000000000000e+00
2.398000000000000000e+03,4.969896986764769764e+01,8.696299999999999386e+01,6.000000000000000000e+01,-1.568298821800411802e-01,6.143881008797530541e+01,-1.434690693588484833e-01,-1.143954126878871413e+01,0.000000000000000000e+00
2.399000000000000000e+03,5.022948940729881429e+01,8.702700000000000102e+01,6.000000000000000000e+01,9.671176067770444196e-02,6.143939280199715114e+01,1.329467725481477125e-01,-1.143956192792418847e+01,0.000000000000000000e+00
2.400000000000000000e+03,4.987791395783722237e+01,8.696299999999999386e+01,6.000000000000000000e+01,-7.057344698101852831e-02,6.143896757825147859e+01,-5.089772544679060928e-02,-1.143958244798645296e+01,0.000000000000000000e+00
2.401000000000000000e+03,5.022646211967145291e+01,8.699500000000000455e+01,6.000000000000000000e+01,9.671176067770444196e-02,6.143955029227332432e+01,1.298028966321403410e-01,-1.143960282991172051e+01,0.000000000000000000e+00
2.402000000000000000e+03,5.004852916842609289e+01,8.699500000000000455e+01,6.000000000000000000e+01,1.306915684832438314e-02,6.143962903741141446e+01,3.545404879626005978e-02,-1.143962307462990502e+01,0.000000000000000000e+00
2.403000000000000000e+03,5.004722931122763896e+01,8.709199999999999875e+01,6.000000000000000000e+01,1.306915684832438314e-02,6.143970778254950460e+01,3.409555489446228216e-02,-1.143964318306465522e+01,0.000000000000000000e+00
2.404000000000000000e+03,4.951999381124398525e+01,8.696299999999999386e+01,6.000000000000000000e+01,-2.404724860093840899e-01,6.143825887200869573e+01,-2.381294186219217734e-01,-1.143966315613340434e+01,0.000000000000000000e+00
2.405000000000000000e+03,5.022715906498993377e+01,8.699500000000000455e+01,6.000000000000000000e+01,9.671176067770444196e-02,6.143884158603054146e+01,1.312887130290912863e-01,-1.143968299474740924e+01,0.000000000000000000e+00
2.406000000000000000e+03,5.004916972132480169e+01,8.696299999999999386e+01,6.000000000000000000e+01,1.306915684832438314e-02,6.143892033116863161e+01,3.688293311964027654e-02,-1.143970269981179477e+01,0.000000000000000000e+00
2.407000000000000000e+03,5.022133740842175342e+01,8.696299999999999386e+01,6.000000000000000000e+01,9.671176067770444196e-02,6.143950304519047734e+01,1.248448747791578994e-01,-1.143972227222558757e+01,0.000000000000000000e+00
2.408000000000000000e+03,5.021711699679750751e+01,8.699500000000000455e+01,6.000000000000000000e+01,9.671176067770444196e-02,6.144008575921232307e+01,1.200611897892482766e-01,-1.143974171288176933e+01,0.000000000000000000e+00
2.409000000000000000e+03,5.003955825377201450e+01,8.696299999999999386e+01,6.000000000000000000e+01,1.306915684832438314e-02,6.144016450435041321e+01,2.608561524058045089e-02,-1.143976102266730344e+01,0.000000000000000000e+00
2.410000000000000000e+03,5.021214005465533603e+01,8.696299999999999386e+01,6.000000000000000000e+01,9.671176067770444196e-02,6.144074721837225894e+01,1.144612780685538012e-01,-1.143978020246318472e+01,0.000000000000000000e+00
2.411000000000000000e+03,5.020831790160742258e+01,8.699500000000000455e+01,6.000000000000000000e+01,9.671176067770444196e-02,6.144132993239410467e+01,1.100754616800878327e-01,-1.143979925314447854e+01,0.000000000000000000e+00
2.412000000000000000e+03,5.003114216938931946e+01,8.696299999999999386e+01,6.000000000000000000e+01,1.306915684832438314e-02,6.144140867753219482e+01,1.648251058915993494e-02,-1.143981817558035807e+01,0.000000000000000000e+00
2.413000000000000000e+03,5.020409231747741785e+01,8.696299999999999386e+01,6.000000000000000000e+01,9.671176067770444196e-02,6.144199139155404055e+01,1.052261358798198265e-01,-1.143983697063415050e+01,0.000000000000000000e+00
2.414000000000000000e+03,5.020062440981502760e+01,8.702700000000000102e+01,6.000000000000000000e+01,9.671176067770444196e-02,6.144257410557588628e+01,1.011941827247951620e-01,-1.143985563916336190e+01,0.000000000000000000e+00
2.415000000000000000e+03,4.985026760254135070e+01,8.699500000000000455e+01,6.000000000000000000e+01,-7.057344698101852831e-02,6.144214888183021372e+01,-8.143365028812110662e-02,-1.143987418201972872e+01,0.000000000000000000e+00
2.416000000000000000e+03,5.002646601538301496e+01,8.699500000000000455e+01,6.000000000000000000e+01,1.306915684832438314e-02,6.144222762696830387e+01,1.106183161565035822e-02,-1.143989260004926045e+01,0.000000000000000000e+00
2.417000000000000000e+03,5.002610260992849334e+01,8.696299999999999386e+01,6.000000000000000000e+01,1.306915684832438314e-02,6.144230637210639401e+01,1.063797506603789134e-02,-1.143991089409226447e+01,0.000000000000000000e+00
2.418000000000000000e+03,5.019927732743054349e+01,8.696299999999999386e+01,6.000000000000000000e+01,9.671176067770444196e-02,6.144288908612823974e+01,9.960554560798991208e-02,-1.143992906498339401e+01,0.000000000000000000e+00
2.419000000000000000e+03,5.019602540406313551e+01,8.696299999999999386e+01,6.000000000000000000e+01,9.671176067770444196e-02,6.144347180015008547e+01,9.578895678702659122e-02,-1.143994711355168370e+01,0.000000000000000000e+00
2.420000000000000000e+03,5.019291984254888916e+01,8.696299999999999386e+01,6.000000000000000000e+01,9.671176067770444196e-02,6.144405451417193120e+01,9.211860831984466924e-02,-1.143996504062058861e+01,0.000000000000000000e+00
2.421000000000000000e+03,5.018995503857367879e+01,8.696299999999999386e+01,6.000000000000000000e+01,9.671176067770444196e-02,6.144463722819377693e+01,8.858889671021299983e-02,-1.143998284700801804e+01,0.000000000000000000e+00
2.422000000000000000e+03,5.018712560253819532e+01,8.702700000000000102e+01,6.000000000000000000e+01,9.671176067770444196e-02,6.144521994221562267e+01,8.519443317124160420e-02,-1.144000053352637103e+01,0.000000000000000000e+00
2.423000000000000000e+03,4.983738283357106980e+01,8.699500000000000455e+01,6.000000000000000000e+01,-7.057344698101852831e-02,6.144479471846995011e+01,-9.682033693527150597e-02,-1.144001810098258787e+01,0.000000000000000000e+00
2.424000000000000000e+03,5.001417178740245362e+01,8.696299999999999386e+01,6.000000000000000000e+01,1.306915684832438314e-02,6.144487346360804025e+01,-3.735282875745787878e-03,-1.144003555017816787e+01,0.000000000000000000e+00
2.425000000000000000e+03,5.018789808464078561e+01,8.699500000000000455e+01,6.000000000000000000e+01,9.671176067770444196e-02,6.144545617762988599e+01,8.578302824241199054e-02,-1.144005288190921910e+01,0.000000000000000000e+00
2.426000000000000000e+03,5.001165487373665997e+01,8.699500000000000455e+01,6.000000000000000000e+01,1.306915684832438314e-02,6.144553492276797613e+01,-6.879108913144110771e-03,-1.144007009696649035e+01,0.000000000000000000e+00
2.427000000000000000e+03,5.001198010673822836e+01,8.696299999999999386e+01,6.000000000000000000e+01,1.306915684832438314e-02,6.144561366790606627e+01,-6.615521880757141773e-03,-1.144008719613540670e+01,0.000000000000000000e+00
2.428000000000000000e+03,5.018581711385537858e+01,8.702700000000000102e+01,6.000000000000000000e+01,9.671176067770444196e-02,6.144619638192791200e+01,8.301315144586132733e-02,-1.144010418019610498e+01,0.000000000000000000e+00
2.429000000000000000e+03,4.983615862285751774e+01,8.696299999999999386e+01,6.000000000000000000e+01,-7.057344698101852831e-02,6.144577115818223945e+01,-9.891803842023803861e-02,-1.144012104992347112e+01,0.000000000000000000e+00
2.430000000000000000e+03,5.018655040629445807e+01,8.699500000000000455e+01,6.000000000000000000e+01,9.671176067770444196e-02,6.144635387220408518e+01,8.362257949983729899e-02,-1.144013780608717212e+01,0.000000000000000000e+00
2.431000000000000000e+03,5.001039054906543413e+01,8.706000000000000227e+01,6.000000000000000000e+01,1.306915684832438314e-02,6.144643261734217532e+01,-8.956775673361852541e-03,-1.144015444945170046e+01,0.000000000000000000e+00
2.432000000000000000e+03,4.965832988720894292e+01,8.699500000000000455e+01,6.000000000000000000e+01,-1.568298821800411802e-01,6.144548767568512915e+01,-1.901569255197520791e-01,-1.144017098077639538e+01,0.000000000000000000e+00
2.433000000000000000e+03,5.001712084712805506e+01,8.706000000000000227e+01,6.000000000000000000e+01,1.306915684832438314e-02,6.144556642082321929e+01,-1.327329728001647169e-03,-1.144018740081548557e+01,0.000000000000000000e+00
2.434000000000000000e+03,4.966476806937358646e+01,8.702700000000000102e+01,6.000000000000000000e+01,-1.568298821800411802e-01,6.144462147916617312e+01,-1.828198172944200672e-01,-1.144020371031812289e+01,0.000000000000000000e+00
2.435000000000000000e+03,4.984975635453517384e+01,8.699500000000000455e+01,6.000000000000000000e+01,-7.057344698101852831e-02,6.144419625542050056e+01,-8.364654387588787987e-02,-1.144021991002842142e+01,0.000000000000000000e+00
2.436000000000000000e+03,5.002604188626245474e+01,8.699500000000000455e+01,6.000000000000000000e+01,1.306915684832438314e-02,6.144427500055859070e+01,8.933729541021742659e-03,-1.144023600068547886e+01,0.000000000000000000e+00
2.437000000000000000e+03,5.002576233506705705e+01,8.699500000000000455e+01,6.000000000000000000e+01,1.306915684832438314e-02,6.144435374569668085e+01,8.591415545474104937e-03,-1.144025198302342083e+01,0.000000000000000000e+00
2.438000000000000000e+03,5.002549600791771667e+01,8.699500000000000455e+01,6.000000000000000000e+01,1.306915684832438314e-02,6.144443249083477099e+01,8.262218006050389349e-03,-1.144026785777142941e+01,0.000000000000000000e+00
2.439000000000000000e+03,5.002524240150648893e+01,8.706000000000000227e+01,6.000000000000000000e+01,1.306915684832438314e-02,6.144451123597286113e+01,7.945634339089135273e-03,-1.144028362565378032e+01,0.000000000000000000e+00
2.440000000000000000e+03,4.967253495906302874e+01,8.696299999999999386e+01,6.000000000000000000e+01,-1.568298821800411802e-01,6.144356629431581496e+01,-1.739021656828720619e-01,-1.144029928738987145e+01,0.000000000000000000e+00
2.441000000000000000e+03,5.020422570745338220e+01,8.706000000000000227e+01,6.000000000000000000e+01,9.671176067770444196e-02,6.144414900833766069e+01,1.036797821322699709e-01,-1.144031484369425478e+01,0.000000000000000000e+00
2.442000000000000000e+03,4.967483243681812155e+01,8.696299999999999386e+01,6.000000000000000000e+01,-1.568298821800411802e-01,6.144320406668061452e+01,-1.712114524057678500e-01,-1.144033029527668077e+01,0.000000000000000000e+00
2.443000000000000000e+03,5.020642029380223903e+01,8.696299999999999386e+01,6.000000000000000000e+01,9.671176067770444196e-02,6.144378678070246025e+01,1.062673952641851882e-01,-1.144034564284211264e+01,0.000000000000000000e+00
2.444000000000000000e+03,5.020291591245185003e+01,8.702700000000000102e+01,6.000000000000000000e+01,9.671176067770444196e-02,6.144436949472430598e+01,1.021955441406103282e-01,-1.144036088709077426e+01,0.000000000000000000e+00
2.445000000000000000e+03,4.985252413721030962e+01,8.699500000000000455e+01,6.000000000000000000e+01,-7.057344698101852831e-02,6.144394427097863343e+01,-8.047065806914147079e-02,-1.144037602871817327e+01,0.000000000000000000e+00
2.446000000000000000e+03,5.002868902938142526e+01,8.702700000000000102e+01,6.000000000000000000e+01,1.306915684832438314e-02,6.144402301611672357e+01,1.198792483151528421e-02,-1.144039106841513842e+01,0.000000000000000000e+00
2.447000000000000000e+03,4.985477173549445240e+01,8.706000000000000227e+01,6.000000000000000000e+01,-7.057344698101852831e-02,6.144359779237105101e+01,-7.784660302774454310e-02,-1.144040600686784259e+01,0.000000000000000000e+00
2.448000000000000000e+03,4.967837021074824122e+01,8.699500000000000455e+01,6.000000000000000000e+01,-1.568298821800411802e-01,6.144265285071400484e+01,-1.670319130278795083e-01,-1.144042084475784371e+01,0.000000000000000000e+00
2.449000000000000000e+03,5.003627677087187919e+01,8.706000000000000227e+01,6.000000000000000000e+01,1.306915684832438314e-02,6.144273159585209498e+01,2.091160093356328464e-02,-1.144043558276210781e+01,0.000000000000000000e+00
2.450000000000000000e+03,4.968307353402413185e+01,8.696299999999999386e+01,6.000000000000000000e+01,-1.568298821800411802e-01,6.144178665419504881e+01,-1.614330164378275645e-01,-1.144045022155304814e+01,0.000000000000000000e+00
2.451000000000000000e+03,5.021428751768993237e+01,8.712399999999999523e+01,6.000000000000000000e+01,9.671176067770444196e-02,6.144236936821689454e+01,1.156711505938744222e-01,-1.144046476179854643e+01,0.000000000000000000e+00
2.452000000000000000e+03,4.933739226487170981e+01,8.699500000000000455e+01,6.000000000000000000e+01,-3.241150898387269996e-01,6.144041648879232298e+01,-3.384299299199000632e-01,-1.144047920416199204e+01,0.000000000000000000e+00
2.453000000000000000e+03,5.004790226105065187e+01,8.709199999999999875e+01,6.000000000000000000e+01,1.306915684832438314e-02,6.144049523393041312e+01,3.483141957421781454e-02,-1.144049354930230677e+01,0.000000000000000000e+00
2.454000000000000000e+03,4.952064428941402241e+01,8.702700000000000102e+01,6.000000000000000000e+01,-2.404724860093840899e-01,6.143904632338960425e+01,-2.374217500922234936e-01,-1.144050779787398042e+01,0.000000000000000000e+00
2.455000000000000000e+03,4.988074459560369434e+01,8.702700000000000102e+01,6.000000000000000000e+01,-7.057344698101852831e-02,6.143862109964393170e+01,-4.678110653212855241e-02,-1.144052195052709209e+01,0.000000000000000000e+00
2.456000000000000000e+03,4.988209782760676347e+01,8.709199999999999875e+01,6.000000000000000000e+01,-7.057344698101852831e-02,6.143819587589825915e+01,-4.498859340313571958e-02,-1.144053600790734748e+01,0.000000000000000000e+00
2.457000000000000000e+03,4.953091639773462163e+01,8.702700000000000102e+01,6.000000000000000000e+01,-2.404724860093840899e-01,6.143674696535745028e+01,-2.248081109573474845e-01,-1.144054997065610202e+01,0.000000000000000000e+00
2.458000000000000000e+03,4.989053367061601563e+01,8.706000000000000227e+01,6.000000000000000000e+01,-7.057344698101852831e-02,6.143632174161177772e+01,-3.465078460434159457e-02,-1.144056383941039989e+01,0.000000000000000000e+00
2.459000000000000000e+03,4.971247807283535280e+01,8.712399999999999523e+01,6.000000000000000000e+01,-1.568298821800411802e-01,6.143537679995473155e+01,-1.254912301363469429e-01,-1.144057761480299185e+01,0.000000000000000000e+00
2.460000000000000000e+03,4.936928438216757087e+01,8.699500000000000455e+01,6.000000000000000000e+01,-3.241150898387269996e-01,6.143342392053015999e+01,-2.994331510614944292e-01,-1.144059129746236891e+01,0.000000000000000000e+00
2.461000000000000000e+03,5.007830089213549485e+01,8.702700000000000102e+01,6.000000000000000000e+01,1.306915684832438314e-02,6.143350266566825013e+01,7.233395763171129866e-02,-1.144060488801279440e+01,0.000000000000000000e+00
2.462000000000000000e+03,4.990207275680463539e+01,8.699500000000000455e+01,6.000000000000000000e+01,-7.057344698101852831e-02,6.143307744192257758e+01,-1.981285106260516349e-02,-1.144061838707432521e+01,0.000000000000000000e+00
2.463000000000000000e+03,5.007591505338707805e+01,8.696299999999999386e+01,6.000000000000000000e+01,1.306915684832438314e-02,6.143315618706066772e+01,7.032150474093375181e-02,-1.144063179526284735e+01,0.000000000000000000e+00
2.464000000000000000e+03,5.024680772817102081e+01,8.699500000000000455e+01,6.000000000000000000e+01,9.671176067770444196e-02,6.143373890108251345e+01,1.570021796008990722e-01,-1.144064511319010435e+01,0.000000000000000000e+00
2.465000000000000000e+03,5.006783959759004432e+01,8.696299999999999386e+01,6.000000000000000000e+01,1.306915684832438314e-02,6.143381764622060359e+01,6.161113598482265141e-02,-1.144065834146371152e+01,0.000000000000000000e+00
2.466000000000000000e+03,5.023906620655107957e+01,8.699500000000000455e+01,6.000000000000000000e+01,9.671176067770444196e-02,6.143440036024244932e+01,1.486255663181215436e-01,-1.144067148068720208e+01,0.000000000000000000e+00
2.467000000000000000e+03,5.006041922042523851e+01,8.702700000000000102e+01,6.000000000000000000e+01,1.306915684832438314e-02,6.143447910538053947e+01,5.355548965641934722e-02,-1.144068453146004138e+01,0.000000000000000000e+00
2.468000000000000000e+03,4.988491115638577611e+01,8.702700000000000102e+01,6.000000000000000000e+01,-7.057344698101852831e-02,6.143405388163486691e+01,-3.787178389041263166e-02,-1.144069749437766603e+01,0.000000000000000000e+00
2.469000000000000000e+03,4.988592419131964562e+01,8.712399999999999523e+01,6.000000000000000000e+01,-7.057344698101852831e-02,6.143362865788919436e+01,-3.642064955703979562e-02,-1.144071037003149804e+01,0.000000000000000000e+00
2.470000000000000000e+03,4.936089387816528529e+01,8.712399999999999523e+01,6.000000000000000000e+01,-3.241150898387269996e-01,6.143167577846462279e+01,-3.059436514516271077e-01,-1.144072315900897863e+01,0.000000000000000000e+00
2.471000000000000000e+03,4.937065114836242685e+01,8.699500000000000455e+01,6.000000000000000000e+01,-3.241150898387269996e-01,6.142972289904005123e+01,-2.942207989452972350e-01,-1.144073586189359659e+01,0.000000000000000000e+00
2.472000000000000000e+03,5.007946890964964126e+01,8.712399999999999523e+01,6.000000000000000000e+01,1.306915684832438314e-02,6.142980164417814137e+01,7.734658788808462804e-02,-1.144074847926491145e+01,0.000000000000000000e+00
2.473000000000000000e+03,4.937706184023087275e+01,8.706000000000000227e+01,6.000000000000000000e+01,-3.241150898387269996e-01,6.142784876475356981e+01,-2.859108229853863925e-01,-1.144076101169858184e+01,0.000000000000000000e+00
2.474000000000000000e+03,4.973309528448679373e+01,8.709199999999999875e+01,6.000000000000000000e+01,-1.568298821800411802e-01,6.142690382309652364e+01,-9.620519666329946373e-02,-1.144077345976639215e+01,0.000000000000000000e+00
2.475000000000000000e+03,4.956230251722356428e+01,8.712399999999999523e+01,6.000000000000000000e+01,-2.404724860093840899e-01,6.142545491255571477e+01,-1.818940852864933677e-01,-1.144078582403627564e+01,0.000000000000000000e+00
2.476000000000000000e+03,4.939428920814835777e+01,8.699500000000000455e+01,6.000000000000000000e+01,-3.241150898387269996e-01,6.142350203313114321e+01,-2.642996300717130875e-01,-1.144079810507234463e+01,0.000000000000000000e+00
2.477000000000000000e+03,5.010196089807637776e+01,8.696299999999999386e+01,6.000000000000000000e+01,1.306915684832438314e-02,6.142358077826923335e+01,1.061212663937276535e-01,-1.144081030343491001e+01,0.000000000000000000e+00
2.478000000000000000e+03,5.027148303394977802e+01,8.702700000000000102e+01,6.000000000000000000e+01,9.671176067770444196e-02,6.142416349229107908e+01,1.914302006615080654e-01,-1.144082241968051683e+01,0.000000000000000000e+00
2.479000000000000000e+03,4.991767515851625348e+01,8.696299999999999386e+01,6.000000000000000000e+01,-7.057344698101852831e-02,6.142373826854540653e+01,5.344791313827174095e-03,-1.144083445436196023e+01,0.000000000000000000e+00
2.480000000000000000e+03,5.026407670232737956e+01,8.696299999999999386e+01,6.000000000000000000e+01,9.671176067770444196e-02,6.142432098256725226e+01,1.838903671107346705e-01,-1.144084640802831210e+01,0.000000000000000000e+00
2.481000000000000000e+03,5.025760141017762805e+01,8.699500000000000455e+01,6.000000000000000000e+01,9.671176067770444196e-02,6.142490369658909799e+01,1.768442341357713277e-01,-1.144085828122494952e+01,0.000000000000000000e+00
2.482000000000000000e+03,5.007787442597451388e+01,8.696299999999999386e+01,6.000000000000000000e+01,1.306915684832438314e-02,6.142498244172718813e+01,8.069290189258593315e-02,-1.144087007449357962e+01,0.000000000000000000e+00
2.483000000000000000e+03,5.024837130365646942e+01,8.696299999999999386e+01,6.000000000000000000e+01,9.671176067770444196e-02,6.142556515574903386e+01,1.669761756019912946e-01,-1.144088178837226089e+01,0.000000000000000000e+00
2.484000000000000000e+03,5.024254435128771945e+01,8.696299999999999386e+01,6.000000000000000000e+01,9.671176067770444196e-02,6.142614786977087959e+01,1.605781442345625976e-01,-1.144089342339543336e+01,0.000000000000000000e+00
2.485000000000000000e+03,5.023696263081258451e+01,8.696299999999999386e+01,6.000000000000000000e+01,9.671176067770444196e-02,6.142673058379272533e+01,1.544252664360848126e-01,-1.144090498009393286e+01,0.000000000000000000e+00
2.486000000000000000e+03,5.023161674814680566e+01,8.696299999999999386e+01,6.000000000000000000e+01,9.671176067770444196e-02,6.142731329781457106e+01,1.485081486495529735e-01,-1.144091645899502829e+01,0.000000000000000000e+00
2.487000000000000000e+03,5.022649766914286573e+01,8.699500000000000455e+01,6.000000000000000000e+01,9.671176067770444196e-02,6.142789601183641679e+01,1.428177572511810933e-01,-1.144092786062243761e+01,0.000000000000000000e+00
2.488000000000000000e+03,5.004807494691847580e+01,8.699500000000000455e+01,6.000000000000000000e+01,1.306915684832438314e-02,6.142797475697450693e+01,4.797021859199546157e-02,-1.144093918549635092e+01,0.000000000000000000e+00
2.489000000000000000e+03,5.004630436704630370e+01,8.702700000000000102e+01,6.000000000000000000e+01,1.306915684832438314e-02,6.142805350211259707e+01,4.613214221883927407e-02,-1.144095043413345358e+01,0.000000000000000000e+00
2.490000000000000000e+03,4.987108253364797861e+01,8.696299999999999386e+01,6.000000000000000000e+01,-7.057344698101852831e-02,6.142762827836692452e+01,-4.501069069096332725e-02,-1.144096160704696175e+01,0.000000000000000000e+00
2.491000000000000000e+03,5.021941440601209194e+01,8.702700000000000102e+01,6.000000000000000000e+01,9.671176067770444196e-02,6.142821099238877025e+01,1.354643576922404669e-01,-1.144097270474662942e+01,0.000000000000000000e+00
2.492000000000000000e+03,4.986775198723152869e+01,8.702700000000000102e+01,6.000000000000000000e+01,-7.057344698101852831e-02,6.142778576864309770e+01,-4.847660669177403236e-02,-1.144098372773878225e+01,0.000000000000000000e+00
2.493000000000000000e+03,4.986917329436019486e+01,8.712399999999999523e+01,6.000000000000000000e+01,-7.057344698101852831e-02,6.142736054489742514e+01,-4.661912702988641605e-02,-1.144099467652633351e+01,0.000000000000000000e+00
2.494000000000000000e+03,4.934453567048262812e+01,8.702700000000000102e+01,6.000000000000000000e+01,-3.241150898387269996e-01,6.142540766547285358e+01,-3.157513535426802465e-01,-1.144100555160881783e+01,0.000000000000000000e+00
2.495000000000000000e+03,4.988065847532472930e+01,8.712399999999999523e+01,6.000000000000000000e+01,-7.057344698101852831e-02,6.142498244172718103e+01,-3.273416593903100136e-02,-1.144101635348240187e+01,0.000000000000000000e+00
2.496000000000000000e+03,4.935548896688172249e+01,8.709199999999999875e+01,6.000000000000000000e+01,-3.241150898387269996e-01,6.142302956230260946e+01,-3.023984229422498338e-01,-1.144102708263991452e+01,0.000000000000000000e+00
2.497000000000000000e+03,4.953863419928023859e+01,8.712399999999999523e+01,6.000000000000000000e+01,-2.404724860093840899e-01,6.142158065176180060e+01,-2.014362269013209028e-01,-1.144103773957086112e+01,0.000000000000000000e+00
2.498000000000000000e+03,4.937137138290482596e+01,8.709199999999999875e+01,6.000000000000000000e+01,-3.241150898387269996e-01,6.141962777233722903e+01,-2.830929748322131290e-01,-1.144104832476146427e+01,0.000000000000000000e+00
2.499000000000000000e+03,4.955377703083922825e+01,8.715600000000000591e+01,6.000000000000000000e+01,-2.404724860093840899e-01,6.141817886179642016e+01,-1.828705062531509884e-01,-1.144105883869466034e+01,0.000000000000000000e+00
2.500000000000000000e+03,4.921228121431749969e+01,8.699500000000000455e+01,6.000000000000000000e+01,-4.077576936681070463e-01,6.141572201348809301e+01,-3.546138236523433962e-01,-1.144106928185014205e+01,0.000000000000000000e+00
