t,MV,PV,DV,MVP,MVI,MVD,MVFF,Man
0.000000000000000000e+00,5.000000000000000000e+01,2.183299999999999841e+01,5.000000000000000000e+01,0.000000000000000000e+00,5.000000000000000000e+01,0.000000000000000000e+00,0.000000000000000000e+00,1.000000000000000000e+00
1.000000000000000000e+00,5.000000000000000000e+01,2.183299999999999841e+01,5.000000000000000000e+01,1.441972351704334017e+02,-2.482772631474363152e+02,1.540800279770029135e+02,0.000000000000000000e+00,1.000000000000000000e+00
2.000000000000000000e+00,5.000000000000000000e+01,2.183299999999999841e+01,5.000000000000000000e+01,1.441972351704334017e+02,-2.423733738737895465e+02,1.481761387033561448e+02,0.000000000000000000e+00,1.000000000000000000e+00
3.000000000000000000e+00,5.000000000000000000e+01,2.180099999999999838e+01,5.000000000000000000e+01,1.441972351704334017e+02,-2.366957041109588147e+02,1.424984689405254130e+02,0.000000000000000000e+00,1.000000000000000000e+00
4.000000000000000000e+00,5.000000000000000000e+01,2.186499999999999844e+01,5.000000000000000000e+01,1.442808777742627342e+02,-2.314086035888358595e+02,1.371277258145731253e+02,0.000000000000000000e+00,1.000000000000000000e+00
5.000000000000000000e+00,5.000000000000000000e+01,2.186499999999999844e+01,5.000000000000000000e+01,1.441135925666040691e+02,-2.258082406298463241e+02,1.316946480632422549e+02,0.000000000000000000e+00,1.000000000000000000e+00
6.000000000000000000e+00,5.000000000000000000e+01,2.186499999999999844e+01,5.000000000000000000e+01,1.441135925666040691e+02,-2.207620926617702253e+02,1.266485000951661561e+02,0.000000000000000000e+00,1.000000000000000000e+00
7.000000000000000000e+00,5.000000000000000000e+01,2.186499999999999844e+01,5.000000000000000000e+01,1.441135925666040691e+02,-2.159092981039518406e+02,1.217957055373477715e+02,0.000000000000000000e+00,1.000000000000000000e+00
8.000000000000000000e+00,5.000000000000001421e+01,2.186499999999999844e+01,5.000000000000000000e+01,1.441135925666040691e+02,-2.112424482276945810e+02,1.171288556610905260e+02,0.000000000000000000e+00,1.000000000000000000e+00
9.000000000000000000e+00,4.999999999999998579e+01,2.186499999999999844e+01,5.000000000000000000e+01,1.441135925666040691e+02,-2.067544181847922005e+02,1.126408256181881171e+02,0.000000000000000000e+00,1.000000000000000000e+00
1.000000000000000000e+01,5.000000000000000000e+01,2.186499999999999844e+01,5.000000000000000000e+01,1.441135925666040691e+02,-2.024383561300709005e+02,1.083247635634668313e+02,0.000000000000000000e+00,1.000000000000000000e+00
1.100000000000000000e+01,4.999999999999998579e+01,2.186499999999999844e+01,5.000000000000000000e+01,1.441135925666040691e+02,-1.982876727607238649e+02,1.041740801941197816e+02,0.000000000000000000e+00,1.000000000000000000e+00
1.200000000000000000e+01,5.000000000000001421e+01,2.186499999999999844e+01,5.000000000000000000e+01,1.441135925666040691e+02,-1.942960312564668470e+02,1.001824386898627921e+02,0.000000000000000000e+00,1.000000000000000000e+00
1.300000000000000000e+01,5.000000000000001421e+01,2.186499999999999844e+01,5.000000000000000000e+01,1.441135925666040691e+02,-1.904573376051577043e+02,9.634374503855364935e+01,0.000000000000000000e+00,1.000000000000000000e+00
1.400000000000000000e+01,4.999999999999998579e+01,2.189699999999999847e+01,5.000000000000000000e+01,1.441135925666040691e+02,-1.867657312991089498e+02,9.265213873250486643e+01,0.000000000000000000e+00,1.000000000000000000e+00
1.500000000000000000e+01,5.000000000000000000e+01,2.189699999999999847e+01,5.000000000000000000e+01,1.440299499627747082e+02,-1.830425585978940717e+02,8.901260863511936350e+01,0.000000000000000000e+00,1.000000000000000000e+00
1.600000000000000000e+01,5.000000000000000000e+01,2.199399999999999977e+01,5.000000000000000000e+01,1.440299499627747082e+02,-1.796318596757817545e+02,8.560190971300704632e+01,0.000000000000000000e+00,1.000000000000000000e+00
1.700000000000000000e+01,4.999999999999998579e+01,2.212300000000000111e+01,5.000000000000000000e+01,1.437764083199169818e+02,-1.758273884355164682e+02,8.205098011559947224e+01,0.000000000000000000e+00,1.000000000000000000e+00
1.800000000000000000e+01,4.999999999999998579e+01,2.218799999999999883e+01,5.000000000000000000e+01,1.434392240732298944e+02,-1.719859604862195965e+02,7.854673641298968789e+01,0.000000000000000000e+00,1.000000000000000000e+00
1.900000000000000000e+01,5.000000000000000000e+01,2.218799999999999883e+01,5.000000000000000000e+01,1.432693250342015290e+02,-1.686248403329817052e+02,7.535551529878017618e+01,0.000000000000000000e+00,1.000000000000000000e+00
2.000000000000000000e+01,5.000000000000000000e+01,2.218799999999999883e+01,5.000000000000000000e+01,1.432693250342015290e+02,-1.657374406853843141e+02,7.246811565118278509e+01,0.000000000000000000e+00,1.000000000000000000e+00
2.100000000000000000e+01,5.000000000000001421e+01,2.228399999999999892e+01,5.000000000000000000e+01,1.432693250342015290e+02,-1.629606776208145789e+02,6.969135258661306409e+01,0.000000000000000000e+00,1.000000000000000000e+00
2.200000000000000000e+01,4.999999999999998579e+01,2.238100000000000023e+01,5.000000000000000000e+01,1.430183972227134745e+02,-1.597712585038556767e+02,6.675286128114218798e+01,0.000000000000000000e+00,1.000000000000000000e+00
2.300000000000000000e+01,5.000000000000001421e+01,2.251000000000000156e+01,5.000000000000000000e+01,1.427648555798557481e+02,-1.566890268446471737e+02,6.392417126479143974e+01,0.000000000000000000e+00,1.000000000000000000e+00
2.400000000000000000e+01,5.000000000000000711e+01,2.251000000000000156e+01,5.000000000000000000e+01,1.424276713331686608e+02,-1.535421643996848786e+02,6.111449306651622493e+01,0.000000000000000000e+00,1.000000000000000000e+00
2.500000000000000000e+01,4.999999999999999289e+01,2.276800000000000068e+01,5.000000000000000000e+01,1.424276713331686608e+02,-1.512004384484563673e+02,5.877276711528769937e+01,0.000000000000000000e+00,1.000000000000000000e+00
2.600000000000000000e+01,4.999999999999998579e+01,2.283200000000000074e+01,5.000000000000000000e+01,1.417533028397945145e+02,-1.475534845522410592e+02,5.580018171244653047e+01,0.000000000000000000e+00,1.000000000000000000e+00
2.700000000000000000e+01,5.000000000000000711e+01,2.283200000000000074e+01,5.000000000000000000e+01,1.415860176321358210e+02,-1.450693516561655372e+02,5.348333402402972325e+01,0.000000000000000000e+00,1.000000000000000000e+00
2.800000000000000000e+01,4.999999999999998579e+01,2.302499999999999858e+01,5.000000000000000000e+01,1.415860176321358210e+02,-1.430200290657616620e+02,5.143401143362582673e+01,0.000000000000000000e+00,1.000000000000000000e+00
2.900000000000000000e+01,4.999999999999998579e+01,2.315399999999999991e+01,5.000000000000000000e+01,1.410815481777900402e+02,-1.400057168875357547e+02,4.892416870974570031e+01,0.000000000000000000e+00,1.000000000000000000e+00
3.000000000000000000e+01,4.999999999999998579e+01,2.318700000000000117e+01,5.000000000000000000e+01,1.407443639311029528e+02,-1.374336100118197805e+02,4.668924608071681348e+01,0.000000000000000000e+00,1.000000000000000000e+00
3.100000000000000000e+01,5.000000000000000711e+01,2.347700000000000031e+01,5.000000000000000000e+01,1.406581074959039483e+02,-1.354661921066966670e+02,4.480808461079272575e+01,0.000000000000000000e+00,1.000000000000000000e+00
3.200000000000000000e+01,4.999999999999998579e+01,2.354100000000000037e+01,5.000000000000000000e+01,1.399000963987004127e+02,-1.321813055988216661e+02,4.228120920012123918e+01,0.000000000000000000e+00,1.000000000000000000e+00
3.300000000000000000e+01,5.000000000000001421e+01,2.379899999999999949e+01,5.000000000000000000e+01,1.397328111910417476e+02,-1.302151795973072126e+02,4.048236840626547917e+01,0.000000000000000000e+00,1.000000000000000000e+00
3.400000000000000000e+01,5.000000000000000000e+01,2.379899999999999949e+01,5.000000000000000000e+01,1.390584426976675729e+02,-1.272690594831640993e+02,3.821061678549652640e+01,0.000000000000000000e+00,1.000000000000000000e+00
3.500000000000000000e+01,5.000000000000000000e+01,2.412099999999999866e+01,5.000000000000000000e+01,1.390584426976675729e+02,-1.258049420791031991e+02,3.674649938143562622e+01,0.000000000000000000e+00,1.000000000000000000e+00
3.600000000000000000e+01,5.000000000000000000e+01,2.412099999999999866e+01,5.000000000000000000e+01,1.382167889966347332e+02,-1.226559337957843212e+02,3.443914479914958804e+01,0.000000000000000000e+00,1.000000000000000000e+00
3.700000000000000000e+01,5.000000000000000000e+01,2.444300000000000139e+01,5.000000000000000000e+01,1.382167889966347332e+02,-1.213363280023351223e+02,3.311953900570038911e+01,0.000000000000000000e+00,1.000000000000000000e+00
3.800000000000000000e+01,5.000000000000000000e+01,2.447599999999999909e+01,5.000000000000000000e+01,1.373751352956018650e+02,-1.183262940737031101e+02,3.095115877810124161e+01,0.000000000000000000e+00,1.000000000000000000e+00
3.900000000000000000e+01,5.000000000000000000e+01,2.476599999999999824e+01,5.000000000000000000e+01,1.372888788604028605e+02,-1.169619129542917761e+02,2.967303409388891211e+01,0.000000000000000000e+00,1.000000000000000000e+00
4.000000000000000000e+01,5.000000000000000000e+01,2.486199999999999832e+01,5.000000000000000000e+01,1.365308677631993532e+02,-1.142569566526612306e+02,2.772608888946187733e+01,0.000000000000000000e+00,1.000000000000000000e+00
4.100000000000000000e+01,5.000000000000000000e+01,2.508800000000000097e+01,5.000000000000000000e+01,1.362799399517112988e+02,-1.126755218634592239e+02,2.639558191174792867e+01,0.000000000000000000e+00,1.000000000000000000e+00
4.200000000000000000e+01,5.000000000000000000e+01,2.534600000000000009e+01,5.000000000000000000e+01,1.356892140621664851e+02,-1.104421833800713415e+02,2.475296931790485644e+01,0.000000000000000000e+00,1.000000000000000000e+00
4.300000000000000000e+01,5.000000000000000711e+01,2.541000000000000014e+01,5.000000000000000000e+01,1.350148455687923388e+02,-1.080987671450613732e+02,2.308392157626904151e+01,0.000000000000000000e+00,1.000000000000000000e+00
4.400000000000000000e+01,4.999999999999999289e+01,2.573199999999999932e+01,5.000000000000000000e+01,1.348475603611336453e+02,-1.068682242166658511e+02,2.202066385553219874e+01,0.000000000000000000e+00,1.000000000000000000e+00
4.500000000000000000e+01,5.000000000000000000e+01,2.595799999999999841e+01,5.000000000000000000e+01,1.340059066601007771e+02,-1.042834662359224325e+02,2.027755957582165536e+01,0.000000000000000000e+00,1.000000000000000000e+00
4.600000000000000000e+01,5.000000000000000711e+01,2.605499999999999972e+01,5.000000000000000000e+01,1.334151807705559918e+02,-1.022845522066266994e+02,1.886937143607071476e+01,0.000000000000000000e+00,1.000000000000000000e+00
4.700000000000000000e+01,5.000000000000000000e+01,2.637699999999999889e+01,5.000000000000000000e+01,1.331616391276982654e+02,-1.010370737324532513e+02,1.787543460475498946e+01,0.000000000000000000e+00,1.000000000000000000e+00
4.800000000000000000e+01,5.000000000000000000e+01,2.663500000000000156e+01,5.000000000000000000e+01,1.323199854266653972e+02,-9.861114863116731044e+01,1.629116320450190969e+01,0.000000000000000000e+00,1.000000000000000000e+00
4.900000000000000000e+01,5.000000000000000000e+01,2.669900000000000162e+01,5.000000000000000000e+01,1.316456169332912225e+02,-9.659196368689963208e+01,1.494634675360840603e+01,0.000000000000000000e+00,1.000000000000000000e+00
5.000000000000000000e+01,5.000000000000000000e+01,2.702100000000000080e+01,5.000000000000000000e+01,1.314783317256325574e+02,-9.567322846869076614e+01,1.419489674305821225e+01,0.000000000000000000e+00,1.000000000000000000e+00
5.100000000000000000e+01,5.000000000000000000e+01,2.727899999999999991e+01,5.000000000000000000e+01,1.306366780245996893e+02,-9.338833065230485886e+01,1.275165262770517316e+01,0.000000000000000000e+00,1.000000000000000000e+00
5.200000000000000000e+01,5.000000000000000000e+01,2.734400000000000119e+01,5.000000000000000000e+01,1.299623095312255430e+02,-9.150476924603030682e+01,1.154245971480476030e+01,0.000000000000000000e+00,1.000000000000000000e+00
5.300000000000000000e+01,4.999999999999999289e+01,2.766600000000000037e+01,5.000000000000000000e+01,1.297924104921971491e+02,-9.071105406851005171e+01,1.091864357631289728e+01,0.000000000000000000e+00,1.000000000000000000e+00
5.400000000000000000e+01,4.999999999999999289e+01,2.798799999999999955e+01,5.000000000000000000e+01,1.289507567911643093e+02,-8.855169254766397557e+01,9.600935756499660911e+00,0.000000000000000000e+00,1.000000000000000000e+00
5.500000000000000000e+01,5.000000000000000000e+01,2.818199999999999861e+01,5.000000000000000000e+01,1.281091030901314411e+02,-8.644282167875591938e+01,8.333718588624481782e+00,0.000000000000000000e+00,1.000000000000000000e+00
5.600000000000000000e+01,5.000000000000000711e+01,2.837500000000000000e+01,5.000000000000000000e+01,1.276020198044160026e+02,-8.507457796987371523e+01,7.472558165457718005e+00,0.000000000000000000e+00,1.000000000000000000e+00
5.700000000000000000e+01,5.000000000000000711e+01,2.863299999999999912e+01,5.000000000000000000e+01,1.270975503500702217e+02,-8.374473817792359398e+01,6.647187827853377584e+00,0.000000000000000000e+00,1.000000000000000000e+00
5.800000000000000000e+01,4.999999999999999289e+01,2.895499999999999829e+01,5.000000000000000000e+01,1.264231818566960897e+02,-8.209508174120539081e+01,5.671899884509294942e+00,0.000000000000000000e+00,1.000000000000000000e+00
5.900000000000000000e+01,5.000000000000000000e+01,2.924500000000000099e+01,5.000000000000000000e+01,1.255815281556632215e+02,-8.013675986326636291e+01,4.555231707603141444e+00,0.000000000000000000e+00,1.000000000000000000e+00
6.000000000000000000e+01,4.999999999999999289e+01,2.940599999999999881e+01,5.000000000000000000e+01,1.248235170584597000e+02,-7.839424318494702959e+01,3.570726126487325125e+00,0.000000000000000000e+00,1.000000000000000000e+00
6.100000000000000000e+01,5.000000000000000711e+01,2.960000000000000142e+01,5.000000000000000000e+01,1.244026902079432801e+02,-7.738692780383745173e+01,2.984237595894175588e+00,0.000000000000000000e+00,1.000000000000000000e+00
6.200000000000000000e+01,4.999999999999999289e+01,2.992200000000000060e+01,5.000000000000000000e+01,1.238956069222278273e+02,-7.622366032625026833e+01,2.328053404022434325e+00,0.000000000000000000e+00,1.000000000000000000e+00
6.300000000000000000e+01,5.000000000000000711e+01,3.024399999999999977e+01,5.000000000000000000e+01,1.230539532211949876e+02,-7.439346471897768254e+01,1.339511497782700511e+00,0.000000000000000000e+00,1.000000000000000000e+00
6.400000000000000000e+01,5.000000000000000000e+01,3.024399999999999977e+01,5.000000000000000000e+01,1.222122995201621194e+02,-7.260114710298937268e+01,3.888475828272563994e-01,0.000000000000000000e+00,1.000000000000000000e+00
6.500000000000000000e+01,5.000000000000000000e+01,3.059900000000000020e+01,5.000000000000000000e+01,1.222122995201621194e+02,-7.258624761793943492e+01,3.739480977773188553e-01,0.000000000000000000e+00,1.000000000000000000e+00
6.600000000000000000e+01,5.000000000000000711e+01,3.092099999999999937e+01,5.000000000000000000e+01,1.212843893839302467e+02,-7.065250292915646924e+01,-6.318864547737705895e-01,0.000000000000000000e+00,1.000000000000000000e+00
6.700000000000000000e+01,5.000000000000000000e+01,3.121099999999999852e+01,5.000000000000000000e+01,1.204427356828973927e+02,-6.893572343046348294e+01,-1.507012252433911570e+00,0.000000000000000000e+00,1.000000000000000000e+00
6.800000000000000000e+01,5.000000000000000711e+01,3.153300000000000125e+01,5.000000000000000000e+01,1.196847245856938997e+02,-6.742549394445462951e+01,-2.259230641239263537e+00,0.000000000000000000e+00,1.000000000000000000e+00
6.900000000000000000e+01,5.000000000000000711e+01,3.179100000000000037e+01,5.000000000000000000e+01,1.188430708846610315e+02,-6.577106944409038647e+01,-3.072001440570640174e+00,0.000000000000000000e+00,1.000000000000000000e+00
7.000000000000000000e+01,5.000000000000000711e+01,3.204899999999999949e+01,5.000000000000000000e+01,1.181687023912868852e+02,-6.449382348797614384e+01,-3.674878903310736078e+00,0.000000000000000000e+00,1.000000000000000000e+00
7.100000000000000000e+01,5.000000000000000000e+01,3.217799999999999727e+01,5.000000000000000000e+01,1.174943338979127390e+02,-6.323967800654590121e+01,-4.254655891366839526e+00,0.000000000000000000e+00,1.000000000000000000e+00
7.200000000000000000e+01,5.000000000000000000e+01,3.250000000000000000e+01,5.000000000000000000e+01,1.171571496512256658e+02,-6.270522582410732326e+01,-4.451923827118339894e+00,0.000000000000000000e+00,1.000000000000000000e+00
7.300000000000000000e+01,5.000000000000000000e+01,3.282200000000000273e+01,5.000000000000000000e+01,1.163154959501927976e+02,-6.113481881744733926e+01,-5.180677132745457492e+00,0.000000000000000000e+00,1.000000000000000000e+00
7.400000000000000000e+01,5.000000000000000000e+01,3.304800000000000182e+01,5.000000000000000000e+01,1.154738422491599437e+02,-5.959233547409867526e+01,-5.881506775061268399e+00,0.000000000000000000e+00,1.000000000000000000e+00
7.500000000000000000e+01,5.000000000000000000e+01,3.336999999999999744e+01,5.000000000000000000e+01,1.148831163596151441e+02,-5.859575921216524819e+01,-6.287357147449893269e+00,0.000000000000000000e+00,1.000000000000000000e+00
7.600000000000000000e+01,5.000000000000000000e+01,3.349900000000000233e+01,5.000000000000000000e+01,1.140414626585822901e+02,-5.709568056171520567e+01,-6.945782096867082700e+00,0.000000000000000000e+00,1.000000000000000000e+00
7.700000000000000000e+01,5.000000000000000000e+01,3.382099999999999795e+01,5.000000000000000000e+01,1.137042784118952028e+02,-5.666434434665593045e+01,-7.039934065239274119e+00,0.000000000000000000e+00,1.000000000000000000e+00
7.800000000000000000e+01,5.000000000000000000e+01,3.411099999999999710e+01,5.000000000000000000e+01,1.128626247108623630e+02,-5.519310220961303770e+01,-7.669522501249327107e+00,0.000000000000000000e+00,1.000000000000000000e+00
7.900000000000000000e+01,5.000000000000000000e+01,3.443399999999999750e+01,5.000000000000000000e+01,1.121046136136588558e+02,-5.391900182245240813e+01,-8.185611791206449439e+00,0.000000000000000000e+00,1.000000000000000000e+00
8.000000000000000000e+01,5.000000000000000000e+01,3.475600000000000023e+01,5.000000000000000000e+01,1.112603460812563441e+02,-5.248625184889859696e+01,-8.774094232357748879e+00,0.000000000000000000e+00,1.000000000000000000e+00
8.100000000000000000e+01,5.000000000000000000e+01,3.504599999999999937e+01,5.000000000000000000e+01,1.104186923802234759e+02,-5.108145758147159654e+01,-9.337234798751882892e+00,0.000000000000000000e+00,1.000000000000000000e+00
8.200000000000000000e+01,5.000000000000000000e+01,3.523899999999999721e+01,5.000000000000000000e+01,1.096606812830199686e+02,-4.987125897881884384e+01,-9.789422304201128355e+00,0.000000000000000000e+00,1.000000000000000000e+00
8.300000000000000000e+01,5.000000000000000000e+01,3.543299999999999983e+01,5.000000000000000000e+01,1.091562118286742020e+02,-4.920284703494732526e+01,-9.953364793726873216e+00,0.000000000000000000e+00,1.000000000000000000e+00
8.400000000000000000e+01,5.000000000000000000e+01,3.572299999999999898e+01,5.000000000000000000e+01,1.086491285429587492e+02,-4.853531007466112612e+01,-1.011381846829762488e+01,0.000000000000000000e+00,1.000000000000000000e+00
8.500000000000000000e+01,5.000000000000000000e+01,3.604500000000000171e+01,5.000000000000000000e+01,1.078911174457552420e+02,-4.735486785287692157e+01,-1.053624959287832041e+01,0.000000000000000000e+00,1.000000000000000000e+00
8.600000000000000000e+01,5.000000000000000000e+01,3.636699999999999733e+01,5.000000000000000000e+01,1.070494637447223738e+02,-4.601759414777114188e+01,-1.103186959695123193e+01,0.000000000000000000e+00,1.000000000000000000e+00
8.700000000000000000e+01,5.000000000000000000e+01,3.662500000000000000e+01,5.000000000000000000e+01,1.062078100436895340e+02,-4.469931112993532452e+01,-1.150849891375420952e+01,0.000000000000000000e+00,1.000000000000000000e+00
8.800000000000000000e+01,5.000000000000000000e+01,3.694700000000000273e+01,5.000000000000000000e+01,1.055334415503153735e+02,-4.374532671260082139e+01,-1.178811483771455038e+01,0.000000000000000000e+00,1.000000000000000000e+00
8.900000000000000000e+01,5.000000000000000000e+01,3.717300000000000182e+01,5.000000000000000000e+01,1.046917878492825196e+02,-4.245602076741877084e+01,-1.223576708186374873e+01,0.000000000000000000e+00,1.000000000000000000e+00
9.000000000000000000e+01,5.000000000000000000e+01,3.733400000000000318e+01,5.000000000000000000e+01,1.041010619597377200e+02,-4.170292089733082008e+01,-1.239814106240689817e+01,0.000000000000000000e+00,1.000000000000000000e+00
9.100000000000000000e+01,5.000000000000000000e+01,3.765599999999999881e+01,5.000000000000000000e+01,1.036802351092212859e+02,-4.130748510208729840e+01,-1.237275000713398931e+01,0.000000000000000000e+00,1.000000000000000000e+00
9.200000000000000000e+01,5.000000000000000000e+01,3.794599999999999795e+01,5.000000000000000000e+01,1.028385814081884462e+02,-4.004058064106289549e+01,-1.279800076712555068e+01,0.000000000000000000e+00,1.000000000000000000e+00
9.300000000000000000e+01,5.000000000000000000e+01,3.826899999999999835e+01,5.000000000000000000e+01,1.020805703109849389e+02,-3.896298831676786278e+01,-1.311758199421707971e+01,0.000000000000000000e+00,1.000000000000000000e+00
9.400000000000000000e+01,5.000000000000000000e+01,3.849399999999999977e+01,5.000000000000000000e+01,1.012363027785824130e+02,-3.771921680045993952e+01,-1.351708597812247348e+01,0.000000000000000000e+00,1.000000000000000000e+00
9.500000000000000000e+01,5.000000000000000000e+01,3.862299999999999756e+01,5.000000000000000000e+01,1.006481907204072854e+02,-3.702062007272015620e+01,-1.362757064768712745e+01,0.000000000000000000e+00,1.000000000000000000e+00
9.600000000000000000e+01,5.000000000000000000e+01,3.897800000000000153e+01,5.000000000000000000e+01,1.003110064737202123e+02,-3.684531015952431687e+01,-1.346569631419589363e+01,0.000000000000000000e+00,1.000000000000000000e+00
9.700000000000000000e+01,5.000000000000000000e+01,3.926800000000000068e+01,5.000000000000000000e+01,9.938309633748832539e+01,-3.544185956055763853e+01,-1.394123677693068863e+01,0.000000000000000000e+00,1.000000000000000000e+00
9.800000000000000000e+01,5.000000000000000711e+01,3.959000000000000341e+01,5.000000000000000000e+01,9.862508524028481816e+01,-3.440807264637417262e+01,-1.421701259391064553e+01,0.000000000000000000e+00,1.000000000000000000e+00
9.900000000000000000e+01,5.000000000000000000e+01,3.991199999999999903e+01,5.000000000000000000e+01,9.778343153925196418e+01,-3.321183485283945913e+01,-1.457159668641250150e+01,0.000000000000000000e+00,1.000000000000000000e+00
1.000000000000000000e+02,5.000000000000000000e+01,4.017000000000000171e+01,5.000000000000000000e+01,9.694177783821911021e+01,-3.202918366911924863e+01,-1.491259416909985802e+01,0.000000000000000000e+00,1.000000000000000000e+00
1.010000000000000000e+02,5.000000000000000000e+01,4.029899999999999949e+01,5.000000000000000000e+01,9.626740934484496393e+01,-3.120563407665062527e+01,-1.506177526819434043e+01,0.000000000000000000e+00,1.000000000000000000e+00
1.020000000000000000e+02,5.000000000000000711e+01,4.065299999999999869e+01,5.000000000000000000e+01,9.593022509815789078e+01,-3.108527862696572441e+01,-1.484494647119216459e+01,0.000000000000000000e+00,1.000000000000000000e+00
1.030000000000000000e+02,5.000000000000000711e+01,4.087899999999999778e+01,5.000000000000000000e+01,9.500492879329567586e+01,-2.974008360554220332e+01,-1.526484518775347254e+01,0.000000000000000000e+00,1.000000000000000000e+00
1.040000000000000000e+02,5.000000000000000000e+01,4.120100000000000051e+01,5.000000000000000000e+01,9.441420290375089053e+01,-2.910304901642027176e+01,-1.531115388733061700e+01,0.000000000000000000e+00,1.000000000000000000e+00
1.050000000000000000e+02,5.000000000000000000e+01,4.149099999999999966e+01,5.000000000000000000e+01,9.357254920271802234e+01,-2.794873546920669227e+01,-1.562381373351133007e+01,0.000000000000000000e+00,1.000000000000000000e+00
1.060000000000000000e+02,5.000000000000000000e+01,4.168500000000000227e+01,5.000000000000000000e+01,9.281453810551451511e+01,-2.697941990914009125e+01,-1.583511819637442208e+01,0.000000000000000000e+00,1.000000000000000000e+00
1.070000000000000000e+02,5.000000000000000000e+01,4.184599999999999653e+01,5.000000000000000000e+01,9.230745481979906231e+01,-2.653725427880528898e+01,-1.577020054099377333e+01,0.000000000000000000e+00,1.000000000000000000e+00
1.080000000000000000e+02,4.999999999999999289e+01,4.216799999999999926e+01,5.000000000000000000e+01,9.188662796928265664e+01,-2.627102579256294490e+01,-1.561560217671970996e+01,0.000000000000000000e+00,1.000000000000000000e+00
1.090000000000000000e+02,5.000000000000000000e+01,4.249000000000000199e+01,5.000000000000000000e+01,9.104497426824978845e+01,-2.512837780002055510e+01,-1.591659646822923335e+01,0.000000000000000000e+00,1.000000000000000000e+00
1.100000000000000000e+02,5.000000000000000000e+01,4.281300000000000239e+01,5.000000000000000000e+01,9.020332056721693448e+01,-2.399726301520408356e+01,-1.620605755201285092e+01,0.000000000000000000e+00,1.000000000000000000e+00
1.110000000000000000e+02,5.000000000000000000e+01,4.287700000000000244e+01,5.000000000000000000e+01,8.935905303481440853e+01,-2.287183271389329775e+01,-1.648722032092111078e+01,0.000000000000000000e+00,1.000000000000000000e+00
1.120000000000000000e+02,4.999999999999999289e+01,4.313499999999999801e+01,5.000000000000000000e+01,8.919176782715570084e+01,-2.315753847301512991e+01,-1.603422935414057093e+01,0.000000000000000000e+00,1.000000000000000000e+00
1.130000000000000000e+02,4.999999999999999289e+01,4.348899999999999721e+01,5.000000000000000000e+01,8.851739933378155456e+01,-2.237696661117683306e+01,-1.614043272260472150e+01,0.000000000000000000e+00,1.000000000000000000e+00
1.140000000000000000e+02,5.000000000000000711e+01,4.377900000000000347e+01,5.000000000000000000e+01,8.759210302891935385e+01,-2.108141077715672651e+01,-1.651069225176262734e+01,0.000000000000000000e+00,1.000000000000000000e+00
1.150000000000000000e+02,5.000000000000000000e+01,4.406900000000000261e+01,5.000000000000000000e+01,8.683409193171583240e+01,-2.014607776914228410e+01,-1.668801416257354830e+01,0.000000000000000000e+00,1.000000000000000000e+00
1.160000000000000000e+02,4.999999999999999289e+01,4.422999999999999687e+01,5.000000000000000000e+01,8.607608083451233938e+01,-1.921753921035641355e+01,-1.685854162415592583e+01,0.000000000000000000e+00,1.000000000000000000e+00
1.170000000000000000e+02,5.000000000000000000e+01,4.442399999999999949e+01,5.000000000000000000e+01,8.565525398399591950e+01,-1.899301272359648962e+01,-1.666224126039942988e+01,0.000000000000000000e+00,1.000000000000000000e+00
1.180000000000000000e+02,4.999999999999999289e+01,4.474600000000000222e+01,5.000000000000000000e+01,8.514817069828046669e+01,-1.858253999369659226e+01,-1.656563070458387443e+01,0.000000000000000000e+00,1.000000000000000000e+00
1.190000000000000000e+02,5.000000000000000000e+01,4.506799999999999784e+01,5.000000000000000000e+01,8.430651699724759851e+01,-1.747629427410909031e+01,-1.683022272313850820e+01,0.000000000000000000e+00,1.000000000000000000e+00
1.200000000000000000e+02,5.000000000000000000e+01,4.529399999999999693e+01,5.000000000000000000e+01,8.346486329621475875e+01,-1.638018693521086178e+01,-1.708467636100389697e+01,0.000000000000000000e+00,1.000000000000000000e+00
1.210000000000000000e+02,5.000000000000000000e+01,4.542300000000000182e+01,5.000000000000000000e+01,8.287413740666995920e+01,-1.581288287433885031e+01,-1.706125453233110889e+01,0.000000000000000000e+00,1.000000000000000000e+00
1.220000000000000000e+02,5.000000000000000000e+01,4.571300000000000097e+01,5.000000000000000000e+01,8.253695315998287185e+01,-1.576914153444742439e+01,-1.676781162553544746e+01,0.000000000000000000e+00,1.000000000000000000e+00
1.230000000000000000e+02,5.000000000000000711e+01,4.603499999999999659e+01,5.000000000000000000e+01,8.177894206277936462e+01,-1.484366057755732271e+01,-1.693528148522204191e+01,0.000000000000000000e+00,1.000000000000000000e+00
1.240000000000000000e+02,4.999999999999999289e+01,4.635699999999999932e+01,5.000000000000000000e+01,8.093728836174652486e+01,-1.375157877854710620e+01,-1.718570958319941866e+01,0.000000000000000000e+00,1.000000000000000000e+00
1.250000000000000000e+02,4.999999999999999289e+01,4.645400000000000063e+01,5.000000000000000000e+01,8.009563466071367088e+01,-1.266909264083624720e+01,-1.742654201987742368e+01,0.000000000000000000e+00,1.000000000000000000e+00
1.260000000000000000e+02,5.000000000000000711e+01,4.667999999999999972e+01,5.000000000000000000e+01,7.984209301785593027e+01,-1.281236582307970906e+01,-1.702972719477622121e+01,0.000000000000000000e+00,1.000000000000000000e+00
1.270000000000000000e+02,5.000000000000000711e+01,4.700200000000000244e+01,5.000000000000000000e+01,7.925136712831114494e+01,-1.224295627327870051e+01,-1.700841085503244443e+01,0.000000000000000000e+00,1.000000000000000000e+00
1.280000000000000000e+02,5.000000000000000000e+01,4.732399999999999807e+01,5.000000000000000000e+01,7.840971342727827675e+01,-1.115367657462940087e+01,-1.725603685264887588e+01,0.000000000000000000e+00,1.000000000000000000e+00
1.290000000000000000e+02,5.000000000000000000e+01,4.735600000000000165e+01,5.000000000000000000e+01,7.756805972624543699e+01,-1.007388516911196419e+01,-1.749417455713347280e+01,0.000000000000000000e+00,1.000000000000000000e+00
1.300000000000000000e+02,5.000000000000000000e+01,4.764600000000000080e+01,5.000000000000000000e+01,7.748441712241607604e+01,-1.057119221534037479e+01,-1.691322490707570125e+01,0.000000000000000000e+00,1.000000000000000000e+00
1.310000000000000000e+02,5.000000000000000000e+01,4.796900000000000119e+01,5.000000000000000000e+01,7.672640602521256881e+01,-9.651283063728367750e+00,-1.707512296148420106e+01,0.000000000000000000e+00,1.000000000000000000e+00
1.320000000000000000e+02,5.000000000000000000e+01,4.813000000000000256e+01,5.000000000000000000e+01,7.588213849281004286e+01,-8.559152769020911933e+00,-1.732298572378913093e+01,0.000000000000000000e+00,1.000000000000000000e+00
1.330000000000000000e+02,5.000000000000000000e+01,4.829099999999999682e+01,5.000000000000000000e+01,7.546131164229360877e+01,-8.352422401420813713e+00,-1.710888924087279506e+01,0.000000000000000000e+00,1.000000000000000000e+00
1.340000000000000000e+02,5.000000000000000711e+01,4.861299999999999955e+01,5.000000000000000000e+01,7.504048479177720310e+01,-8.137488492157309850e+00,-1.690299629961989325e+01,0.000000000000000000e+00,1.000000000000000000e+00
1.350000000000000000e+02,5.000000000000000000e+01,4.893599999999999994e+01,5.000000000000000000e+01,7.419883109074433492e+01,-7.044169620675830856e+00,-1.715466147006850406e+01,0.000000000000000000e+00,1.000000000000000000e+00
1.360000000000000000e+02,4.999999999999999289e+01,4.912899999999999778e+01,5.000000000000000000e+01,7.335456355834180897e+01,-5.955087005501134456e+00,-1.739947655284067451e+01,0.000000000000000000e+00,1.000000000000000000e+00
1.370000000000000000e+02,5.000000000000000000e+01,4.925800000000000267e+01,5.000000000000000000e+01,7.285009410399604235e+01,-5.578269749405247779e+00,-1.727182435459079457e+01,0.000000000000000000e+00,1.000000000000000000e+00
1.380000000000000000e+02,5.000000000000000000e+01,4.957999999999999829e+01,5.000000000000000000e+01,7.251290985730895500e+01,-5.542596820010075476e+00,-1.697031303729887952e+01,0.000000000000000000e+00,1.000000000000000000e+00
1.390000000000000000e+02,5.000000000000000000e+01,4.983800000000000097e+01,5.000000000000000000e+01,7.167125615627610102e+01,-4.451857326081569255e+00,-1.721939883019453177e+01,0.000000000000000000e+00,1.000000000000000000e+00
1.400000000000000000e+02,5.000000000000000000e+01,4.999900000000000233e+01,5.000000000000000000e+01,7.099688766290195474e+01,-3.716697640298757932e+00,-1.728019002260319681e+01,0.000000000000000000e+00,1.000000000000000000e+00
1.410000000000000000e+02,5.000000000000000000e+01,5.022500000000000142e+01,5.000000000000000000e+01,7.057606081238552065e+01,-3.508327468471549082e+00,-1.706773334391397157e+01,0.000000000000000000e+00,1.000000000000000000e+00
1.420000000000000000e+02,5.000000000000000000e+01,5.054699999999999704e+01,5.000000000000000000e+01,6.998533492284072111e+01,-2.940374201481304794e+00,-1.704496072135941631e+01,0.000000000000000000e+00,1.000000000000000000e+00
1.430000000000000000e+02,5.000000000000000000e+01,5.067600000000000193e+01,5.000000000000000000e+01,6.914368122180788134e+01,-1.852494985208611666e+00,-1.729118623659926968e+01,0.000000000000000000e+00,1.000000000000000000e+00
1.440000000000000000e+02,5.000000000000000000e+01,5.086899999999999977e+01,5.000000000000000000e+01,6.880649697512079399e+01,-1.817563945654764979e+00,-1.698893302946602901e+01,0.000000000000000000e+00,1.000000000000000000e+00
1.450000000000000000e+02,4.999999999999999289e+01,5.119100000000000250e+01,5.000000000000000000e+01,6.830202752077501316e+01,-1.425015880473218033e+00,-1.687701164030179513e+01,0.000000000000000000e+00,1.000000000000000000e+00
1.460000000000000000e+02,4.999999999999999289e+01,5.138499999999999801e+01,5.000000000000000000e+01,6.746037381974214497e+01,-3.307013539841321403e-01,-1.712967246575801283e+01,0.000000000000000000e+00,1.000000000000000000e+00
1.470000000000000000e+02,5.000000000000000000e+01,5.154599999999999937e+01,5.000000000000000000e+01,6.695329053402672059e+01,6.186079973191382919e-02,-1.701515133375863442e+01,0.000000000000000000e+00,1.000000000000000000e+00
1.480000000000000000e+02,4.999999999999999289e+01,5.183599999999999852e+01,5.000000000000000000e+01,6.653246368351028650e+01,2.803864673278795294e-01,-1.681285015083816603e+01,0.000000000000000000e+00,1.000000000000000000e+00
1.490000000000000000e+02,5.000000000000000000e+01,5.209400000000000119e+01,5.000000000000000000e+01,6.577445258630677927e+01,1.204141681628712490e+00,-1.697859426793549176e+01,0.000000000000000000e+00,1.000000000000000000e+00
1.500000000000000000e+02,5.000000000000000000e+01,5.215800000000000125e+01,5.000000000000000000e+01,6.510008409293261877e+01,1.948528283390412952e+00,-1.704861237632303173e+01,0.000000000000000000e+00,1.000000000000000000e+00
1.510000000000000000e+02,5.000000000000000000e+01,5.247999999999999687e+01,5.000000000000000000e+01,6.493279888527392529e+01,1.641311647241128213e+00,-1.657411053251505351e+01,0.000000000000000000e+00,1.000000000000000000e+00
1.520000000000000000e+02,4.999999999999999289e+01,5.280299999999999727e+01,5.000000000000000000e+01,6.409114518424107132e+01,2.747232444995297840e+00,-1.683837762923636916e+01,0.000000000000000000e+00,1.000000000000000000e+00
1.530000000000000000e+02,4.999999999999999289e+01,5.286699999999999733e+01,5.000000000000000000e+01,6.324687765183855248e+01,3.848434118037729945e+00,-1.709531176987628243e+01,0.000000000000000000e+00,1.000000000000000000e+00
1.540000000000000000e+02,5.000000000000000000e+01,5.312500000000000000e+01,5.000000000000000000e+01,6.307959244417984479e+01,3.539428099758247015e+00,-1.661902054393809181e+01,0.000000000000000000e+00,1.000000000000000000e+00
1.550000000000000000e+02,4.999999999999999289e+01,5.335099999999999909e+01,5.000000000000000000e+01,6.240522395080568430e+01,4.297592499201229543e+00,-1.670281645000691384e+01,0.000000000000000000e+00,1.000000000000000000e+00
1.560000000000000000e+02,5.000000000000000000e+01,5.344700000000000273e+01,5.000000000000000000e+01,6.181449806126089186e+01,4.879528298282078680e+00,-1.669402635954297054e+01,0.000000000000000000e+00,1.000000000000000000e+00
1.570000000000000000e+02,5.000000000000000000e+01,5.377000000000000313e+01,5.000000000000000000e+01,6.156357024977282322e+01,4.758916135676088288e+00,-1.632248638544891151e+01,0.000000000000000000e+00,1.000000000000000000e+00
1.580000000000000000e+02,5.000000000000000711e+01,5.396300000000000097e+01,5.000000000000000000e+01,6.071930271737029727e+01,5.879885229717565664e+00,-1.659918794708786294e+01,0.000000000000000000e+00,1.000000000000000000e+00
1.590000000000000000e+02,5.000000000000000000e+01,5.409199999999999875e+01,5.000000000000000000e+01,6.021483326302452355e+01,6.287367169467536598e+00,-1.650220043249206014e+01,0.000000000000000000e+00,1.000000000000000000e+00
1.600000000000000000e+02,5.000000000000000000e+01,5.438199999999999790e+01,5.000000000000000000e+01,5.987764901633745751e+01,6.352529802869593567e+00,-1.623017881920705108e+01,0.000000000000000000e+00,1.000000000000000000e+00
1.610000000000000000e+02,4.999999999999999289e+01,5.444599999999999795e+01,5.000000000000000000e+01,5.911963791913395738e+01,7.298611252893792312e+00,-1.641824917202774969e+01,0.000000000000000000e+00,1.000000000000000000e+00
1.620000000000000000e+02,5.000000000000000000e+01,5.473599999999999710e+01,5.000000000000000000e+01,5.895235271147524969e+01,7.015548263451385935e+00,-1.596790097492663563e+01,0.000000000000000000e+00,1.000000000000000000e+00
1.630000000000000000e+02,5.000000000000000000e+01,5.492999999999999972e+01,5.000000000000000000e+01,5.819434161427174956e+01,7.971679421876427085e+00,-1.616602103614817665e+01,0.000000000000000000e+00,1.000000000000000000e+00
1.640000000000000000e+02,5.000000000000000000e+01,5.505899999999999750e+01,5.000000000000000000e+01,5.768725832855629676e+01,8.401165837701672245e+00,-1.608842416625796901e+01,0.000000000000000000e+00,1.000000000000000000e+00
1.650000000000000000e+02,4.999999999999999289e+01,5.538100000000000023e+01,5.000000000000000000e+01,5.735007408186922362e+01,8.482183149299109104e+00,-1.583225723116833272e+01,0.000000000000000000e+00,1.000000000000000000e+00
1.660000000000000000e+02,4.999999999999999289e+01,5.554200000000000159e+01,5.000000000000000000e+01,5.650842038083636254e+01,9.616529563312241180e+00,-1.612494994414860372e+01,0.000000000000000000e+00,1.000000000000000000e+00
1.670000000000000000e+02,5.000000000000000000e+01,5.570300000000000296e+01,5.000000000000000000e+01,5.608759353031992845e+01,9.869165105526668924e+00,-1.595675863584659737e+01,0.000000000000000000e+00,1.000000000000000000e+00
1.680000000000000000e+02,5.000000000000000711e+01,5.599300000000000210e+01,5.000000000000000000e+01,5.566676667980350146e+01,1.012824523938636823e+01,-1.579501191918986969e+01,0.000000000000000000e+00,1.000000000000000000e+00
1.690000000000000000e+02,5.000000000000000000e+01,5.602499999999999858e+01,5.000000000000000000e+01,5.490875558260000133e+01,1.109100099319276111e+01,-1.599975657579276245e+01,0.000000000000000000e+00,1.000000000000000000e+00
1.700000000000000000e+02,5.000000000000000711e+01,5.634799999999999898e+01,5.000000000000000000e+01,5.482511297877065459e+01,1.065095560771439587e+01,-1.547606858648505046e+01,0.000000000000000000e+00,1.000000000000000000e+00
1.710000000000000000e+02,5.000000000000000000e+01,5.641199999999999903e+01,5.000000000000000000e+01,5.398084544636812865e+01,1.180435691915573315e+01,-1.578520236552386180e+01,0.000000000000000000e+00,1.000000000000000000e+00
1.720000000000000000e+02,5.000000000000000000e+01,5.667000000000000171e+01,5.000000000000000000e+01,5.381356023870942806e+01,1.154555040409033850e+01,-1.535911064279976657e+01,0.000000000000000000e+00,1.000000000000000000e+00
1.730000000000000000e+02,5.000000000000000000e+01,5.679899999999999949e+01,5.000000000000000000e+01,5.313919174533526757e+01,1.235199081080534889e+01,-1.549118255614061646e+01,0.000000000000000000e+00,1.000000000000000000e+00
1.740000000000000000e+02,4.999999999999999289e+01,5.699199999999999733e+01,5.000000000000000000e+01,5.280200749864820153e+01,1.245589264794474893e+01,-1.525790014659295046e+01,0.000000000000000000e+00,1.000000000000000000e+00
1.750000000000000000e+02,5.000000000000000711e+01,5.728199999999999648e+01,5.000000000000000000e+01,5.229753804430242070e+01,1.291476875449353656e+01,-1.521230679879595726e+01,0.000000000000000000e+00,1.000000000000000000e+00
1.760000000000000000e+02,5.000000000000000000e+01,5.731400000000000006e+01,5.000000000000000000e+01,5.153952694709892057e+01,1.389985203870838681e+01,-1.543937898580730739e+01,0.000000000000000000e+00,1.000000000000000000e+00
1.770000000000000000e+02,5.000000000000000000e+01,5.763700000000000045e+01,5.000000000000000000e+01,5.145588434326955962e+01,1.348127865895425437e+01,-1.493716300222381399e+01,0.000000000000000000e+00,1.000000000000000000e+00
1.780000000000000000e+02,5.000000000000000000e+01,5.770100000000000051e+01,5.000000000000000000e+01,5.061161681086703368e+01,1.465532923260174236e+01,-1.526694604346877604e+01,0.000000000000000000e+00,1.000000000000000000e+00
1.790000000000000000e+02,5.000000000000000000e+01,5.795900000000000318e+01,5.000000000000000000e+01,5.044433160320833309e+01,1.441638076131368607e+01,-1.486071236452201916e+01,0.000000000000000000e+00,1.000000000000000000e+00
1.800000000000000000e+02,5.000000000000000000e+01,5.805599999999999739e+01,5.000000000000000000e+01,4.976996310983417260e+01,1.524191831051861890e+01,-1.501188142035279149e+01,0.000000000000000000e+00,1.000000000000000000e+00
1.810000000000000000e+02,5.000000000000000000e+01,5.828099999999999881e+01,5.000000000000000000e+01,4.951642146697646751e+01,1.519116775434288868e+01,-1.470758922131935620e+01,0.000000000000000000e+00,1.000000000000000000e+00
1.820000000000000000e+02,5.000000000000000000e+01,5.837800000000000011e+01,5.000000000000000000e+01,4.892830940880133284e+01,1.584414793190395621e+01,-1.477245734070528904e+01,0.000000000000000000e+00,1.000000000000000000e+00
1.830000000000000000e+02,5.000000000000000711e+01,5.860399999999999920e+01,5.000000000000000000e+01,4.867476776594359933e+01,1.580257139571154568e+01,-1.447733916165514501e+01,0.000000000000000000e+00,1.000000000000000000e+00
1.840000000000000000e+02,5.000000000000000000e+01,5.886099999999999710e+01,5.000000000000000000e+01,4.808404187639880689e+01,1.646978087798127177e+01,-1.455382275438007689e+01,0.000000000000000000e+00,1.000000000000000000e+00
1.850000000000000000e+02,5.000000000000000000e+01,5.892600000000000193e+01,5.000000000000000000e+01,4.741228721439432547e+01,1.730167072008399032e+01,-1.471395793447831402e+01,0.000000000000000000e+00,1.000000000000000000e+00
1.860000000000000000e+02,5.000000000000000000e+01,5.921600000000000108e+01,5.000000000000000000e+01,4.724238817536594581e+01,1.708931791748205242e+01,-1.433170609284799824e+01,0.000000000000000000e+00,1.000000000000000000e+00
1.870000000000000000e+02,5.000000000000000000e+01,5.924799999999999756e+01,5.000000000000000000e+01,4.648437707816243858e+01,1.810814320661780741e+01,-1.459252028478024599e+01,0.000000000000000000e+00,1.000000000000000000e+00
1.880000000000000000e+02,5.000000000000000000e+01,5.957000000000000028e+01,5.000000000000000000e+01,4.640073447433309894e+01,1.772201893832170327e+01,-1.412275341265480222e+01,0.000000000000000000e+00,1.000000000000000000e+00
1.890000000000000000e+02,5.000000000000000000e+01,5.966700000000000159e+01,5.000000000000000000e+01,4.555908077330023787e+01,1.892186846386650245e+01,-1.448094923716674032e+01,0.000000000000000000e+00,1.000000000000000000e+00
1.900000000000000000e+02,5.000000000000000000e+01,5.989300000000000068e+01,5.000000000000000000e+01,4.530553913044251146e+01,1.889146165283742107e+01,-1.419700078327993253e+01,0.000000000000000000e+00,1.000000000000000000e+00
1.910000000000000000e+02,5.000000000000000000e+01,5.995700000000000074e+01,5.000000000000000000e+01,4.471481324089771192e+01,1.956941286956041992e+01,-1.428422611045813184e+01,0.000000000000000000e+00,1.000000000000000000e+00
1.920000000000000000e+02,5.000000000000000000e+01,6.021500000000000341e+01,5.000000000000000000e+01,4.454752803323900423e+01,1.936811930882551636e+01,-1.391564734206452059e+01,0.000000000000000000e+00,1.000000000000000000e+00
1.930000000000000000e+02,5.000000000000000000e+01,6.043999999999999773e+01,5.000000000000000000e+01,4.387315953986485084e+01,2.022986894419269532e+01,-1.410302848405754617e+01,0.000000000000000000e+00,1.000000000000000000e+00
1.940000000000000000e+02,5.000000000000000000e+01,6.053699999999999903e+01,5.000000000000000000e+01,4.328504748168973038e+01,2.090601409452048287e+01,-1.419106157621021325e+01,0.000000000000000000e+00,1.000000000000000000e+00
1.950000000000000000e+02,5.000000000000000000e+01,6.060199999999999676e+01,5.000000000000000000e+01,4.303150583883200397e+01,2.088671491810540459e+01,-1.391822075693740857e+01,0.000000000000000000e+00,1.000000000000000000e+00
1.960000000000000000e+02,5.000000000000000000e+01,6.085900000000000176e+01,5.000000000000000000e+01,4.286160679980363852e+01,2.070485240193969290e+01,-1.356645920174333142e+01,0.000000000000000000e+00,1.000000000000000000e+00
1.970000000000000000e+02,5.000000000000000000e+01,6.102100000000000080e+01,5.000000000000000000e+01,4.218985213779914289e+01,2.157457508431472348e+01,-1.376442722211386460e+01,0.000000000000000000e+00,1.000000000000000000e+00
1.980000000000000000e+02,5.000000000000000000e+01,6.118200000000000216e+01,5.000000000000000000e+01,4.176641145591305104e+01,2.192306565578135036e+01,-1.368947711169440140e+01,0.000000000000000000e+00,1.000000000000000000e+00
1.990000000000000000e+02,5.000000000000000000e+01,6.121399999999999864e+01,5.000000000000000000e+01,4.134558460539661695e+01,2.226902128704671213e+01,-1.361460589244332908e+01,0.000000000000000000e+00,1.000000000000000000e+00
2.000000000000000000e+02,5.000000000000000000e+01,6.150399999999999778e+01,5.000000000000000000e+01,4.126194200156727732e+01,2.192036779525075474e+01,-1.318230979681803205e+01,0.000000000000000000e+00,1.000000000000000000e+00
2.010000000000000000e+02,5.000000000000000000e+01,6.156799999999999784e+01,5.000000000000000000e+01,4.050393090436377008e+01,2.298323453837893382e+01,-1.348716544274270390e+01,0.000000000000000000e+00,1.000000000000000000e+00
2.020000000000000000e+02,5.000000000000000000e+01,6.182600000000000051e+01,5.000000000000000000e+01,4.033664569670506950e+01,2.281248197629489027e+01,-1.314912767299995799e+01,0.000000000000000000e+00,1.000000000000000000e+00
2.030000000000000000e+02,5.000000000000000000e+01,6.192300000000000182e+01,5.000000000000000000e+01,3.966227720333090900e+01,2.370360236990794434e+01,-1.336587957323885334e+01,0.000000000000000000e+00,1.000000000000000000e+00
2.040000000000000000e+02,5.000000000000000000e+01,6.214800000000000324e+01,5.000000000000000000e+01,3.940873556047318260e+01,2.371592171823038697e+01,-1.312465727870356957e+01,0.000000000000000000e+00,1.000000000000000000e+00
2.050000000000000000e+02,5.000000000000000000e+01,6.214800000000000324e+01,5.000000000000000000e+01,3.882062350229804792e+01,2.442955514877708367e+01,-1.325017865107513160e+01,0.000000000000000000e+00,1.000000000000000000e+00
2.060000000000000000e+02,5.000000000000000000e+01,6.243800000000000239e+01,5.000000000000000000e+01,3.882062350229804792e+01,2.392184763704388217e+01,-1.274247113934193187e+01,0.000000000000000000e+00,1.000000000000000000e+00
2.070000000000000000e+02,5.000000000000000000e+01,6.250300000000000011e+01,5.000000000000000000e+01,3.806261240509454780e+01,2.500156769183160321e+01,-1.306418009692615279e+01,0.000000000000000000e+00,1.000000000000000000e+00
2.080000000000000000e+02,5.000000000000000000e+01,6.276100000000000279e+01,5.000000000000000000e+01,3.789271336606618235e+01,2.485242947847203965e+01,-1.274514284453822022e+01,0.000000000000000000e+00,1.000000000000000000e+00
2.090000000000000000e+02,5.000000000000000000e+01,6.279299999999999926e+01,5.000000000000000000e+01,3.721834487269202185e+01,2.575902937145166760e+01,-1.297737424414368768e+01,0.000000000000000000e+00,1.000000000000000000e+00
2.100000000000000000e+02,5.000000000000000000e+01,6.311500000000000199e+01,5.000000000000000000e+01,3.713470226886267511e+01,2.543479270474732346e+01,-1.256949497360999857e+01,0.000000000000000000e+00,1.000000000000000000e+00
2.110000000000000000e+02,5.000000000000000000e+01,6.311500000000000199e+01,5.000000000000000000e+01,3.629304856782981403e+01,2.669415848270899616e+01,-1.298720705053881019e+01,0.000000000000000000e+00,1.000000000000000000e+00
2.120000000000000000e+02,5.000000000000000000e+01,6.334100000000000108e+01,5.000000000000000000e+01,3.629304856782981403e+01,2.619652726205689675e+01,-1.248957582988670900e+01,0.000000000000000000e+00,1.000000000000000000e+00
2.130000000000000000e+02,5.000000000000000000e+01,6.343800000000000239e+01,5.000000000000000000e+01,3.570232267828502160e+01,2.693990193437141656e+01,-1.264222461265643815e+01,0.000000000000000000e+00,1.000000000000000000e+00
2.140000000000000000e+02,5.000000000000000000e+01,6.343800000000000239e+01,5.000000000000000000e+01,3.544878103542728809e+01,2.697994959255789027e+01,-1.242873062798517836e+01,0.000000000000000000e+00,1.000000000000000000e+00
2.150000000000000000e+02,5.000000000000000000e+01,6.375999999999999801e+01,5.000000000000000000e+01,3.544878103542728809e+01,2.650371753053776303e+01,-1.195249856596505289e+01,0.000000000000000000e+00,1.000000000000000000e+00
2.160000000000000000e+02,5.000000000000000000e+01,6.379200000000000159e+01,5.000000000000000000e+01,3.460712733439444833e+01,2.778672477923898398e+01,-1.239385211363343231e+01,0.000000000000000000e+00,1.000000000000000000e+00
2.170000000000000000e+02,5.000000000000000000e+01,6.404999999999999716e+01,5.000000000000000000e+01,3.452348473056508737e+01,2.748484694834543518e+01,-1.200833167891052256e+01,0.000000000000000000e+00,1.000000000000000000e+00
2.180000000000000000e+02,5.000000000000000000e+01,6.408199999999999363e+01,5.000000000000000000e+01,3.384911623719094820e+01,2.841967925791117011e+01,-1.226879549510212009e+01,0.000000000000000000e+00,1.000000000000000000e+00
2.190000000000000000e+02,5.000000000000000000e+01,6.437199999999999989e+01,5.000000000000000000e+01,3.376547363336160146e+01,2.812259322539950546e+01,-1.188806685876110514e+01,0.000000000000000000e+00,1.000000000000000000e+00
2.200000000000000000e+02,5.000000000000000000e+01,6.440399999999999636e+01,5.000000000000000000e+01,3.300746253615808001e+01,2.923505151585419881e+01,-1.224251405201227882e+01,0.000000000000000000e+00,1.000000000000000000e+00
2.210000000000000000e+02,5.000000000000000000e+01,6.456499999999999773e+01,5.000000000000000000e+01,3.292381993232874038e+01,2.893897251022323758e+01,-1.186279244255197796e+01,0.000000000000000000e+00,1.000000000000000000e+00
2.220000000000000000e+02,5.000000000000000000e+01,6.472700000000000387e+01,5.000000000000000000e+01,3.250299308181230629e+01,2.935492127535598428e+01,-1.185791435716829234e+01,0.000000000000000000e+00,1.000000000000000000e+00
2.230000000000000000e+02,5.000000000000000000e+01,6.482299999999999329e+01,5.000000000000000000e+01,3.207955239992620022e+01,2.977646376017706231e+01,-1.185601616010326254e+01,0.000000000000000000e+00,1.000000000000000000e+00
2.240000000000000000e+02,5.000000000000000000e+01,6.504900000000000659e+01,5.000000000000000000e+01,3.182862458843816711e+01,2.984122978640757395e+01,-1.166985437484574106e+01,0.000000000000000000e+00,1.000000000000000000e+00
2.250000000000000000e+02,4.941343266399109524e+01,6.504900000000000659e+01,5.000000000000000000e+01,3.123789869889333559e+01,3.002944641546415383e+01,-1.185391245036639596e+01,0.000000000000000000e+00,0.000000000000000000e+00
2.260000000000000000e+02,5.005585602889348706e+01,6.537099999999999511e+01,5.000000000000000000e+01,3.123789869889333559e+01,3.021766304452073371e+01,-1.139970571452058223e+01,0.000000000000000000e+00,0.000000000000000000e+00
2.270000000000000000e+02,4.893481284129685349e+01,6.537099999999999511e+01,5.000000000000000000e+01,3.039624499786051004e+01,3.040080848668448255e+01,-1.186224064324813376e+01,0.000000000000000000e+00,0.000000000000000000e+00
2.280000000000000000e+02,4.957248413093476103e+01,6.546800000000000352e+01,5.000000000000000000e+01,3.039624499786051004e+01,3.058395392884823139e+01,-1.140771479577397507e+01,0.000000000000000000e+00,0.000000000000000000e+00
2.290000000000000000e+02,4.966675150778766579e+01,6.569299999999999784e+01,5.000000000000000000e+01,3.014270335500276232e+01,3.076557171533308477e+01,-1.124152356254818486e+01,0.000000000000000000e+00,0.000000000000000000e+00
2.300000000000000000e+02,4.905903623873633990e+01,6.569299999999999784e+01,5.000000000000000000e+01,2.955459129682764541e+01,3.094364597060400257e+01,-1.143920102869530631e+01,0.000000000000000000e+00,0.000000000000000000e+00
2.310000000000000000e+02,4.967542671927743214e+01,6.601600000000000534e+01,5.000000000000000000e+01,2.955459129682764541e+01,3.112172022587492037e+01,-1.100088480342512831e+01,0.000000000000000000e+00,0.000000000000000000e+00
2.320000000000000000e+02,4.852353696954746454e+01,6.601600000000000534e+01,5.000000000000000000e+01,2.871032376442510170e+01,3.129470754522538911e+01,-1.148149434010302805e+01,0.000000000000000000e+00,0.000000000000000000e+00
2.330000000000000000e+02,4.913646106831029670e+01,6.627299999999999613e+01,5.000000000000000000e+01,2.871032376442510170e+01,3.146769486457585785e+01,-1.104155756069065930e+01,0.000000000000000000e+00,0.000000000000000000e+00
2.340000000000000000e+02,4.833893146966799748e+01,6.633799999999999386e+01,5.000000000000000000e+01,2.803856910242064160e+01,3.163663468382863542e+01,-1.133627231658127599e+01,0.000000000000000000e+00,0.000000000000000000e+00
2.350000000000000000e+02,4.858977751876974338e+01,6.633799999999999386e+01,5.000000000000000000e+01,2.786867006339227615e+01,3.180455081628627667e+01,-1.108344336090881121e+01,0.000000000000000000e+00,0.000000000000000000e+00
2.360000000000000000e+02,4.918237829876202483e+01,6.662800000000000011e+01,5.000000000000000000e+01,2.786867006339227615e+01,3.197246694874391792e+01,-1.065875871337417102e+01,0.000000000000000000e+00,0.000000000000000000e+00
2.370000000000000000e+02,4.818616548392058974e+01,6.665999999999999659e+01,5.000000000000000000e+01,2.711065896618875826e+01,3.213581586319248373e+01,-1.106030934546064870e+01,0.000000000000000000e+00,0.000000000000000000e+00
2.380000000000000000e+02,4.859979086022703854e+01,6.682099999999999795e+01,5.000000000000000000e+01,2.702701636235941507e+01,3.229866080875729040e+01,-1.072588631088966871e+01,0.000000000000000000e+00,0.000000000000000000e+00
2.390000000000000000e+02,4.830058857924081650e+01,6.698199999999999932e+01,5.000000000000000000e+01,2.660618951184298453e+01,3.245897016087568687e+01,-1.076457109347785490e+01,0.000000000000000000e+00,0.000000000000000000e+00
2.400000000000000000e+02,4.800033299083820282e+01,6.698199999999999932e+01,5.000000000000000000e+01,2.618536266132655044e+01,3.261674391954766605e+01,-1.080177359003601723e+01,0.000000000000000000e+00,0.000000000000000000e+00
2.410000000000000000e+02,4.857199864758338492e+01,6.714400000000000546e+01,5.000000000000000000e+01,2.618536266132655044e+01,3.277451767821964523e+01,-1.038788169196281075e+01,0.000000000000000000e+00,0.000000000000000000e+00
2.420000000000000000e+02,4.824935129113477217e+01,6.730500000000000682e+01,5.000000000000000000e+01,2.576192197944044082e+01,3.292974009441758909e+01,-1.044231078272325064e+01,0.000000000000000000e+00,0.000000000000000000e+00
2.430000000000000000e+02,4.793166070835815873e+01,6.730500000000000682e+01,5.000000000000000000e+01,2.534109512892401028e+01,3.308242691716912276e+01,-1.049186133773497431e+01,0.000000000000000000e+00,0.000000000000000000e+00
2.440000000000000000e+02,4.848636451167311634e+01,6.759499999999999886e+01,5.000000000000000000e+01,2.534109512892401028e+01,3.323511373992065643e+01,-1.008984435717154859e+01,0.000000000000000000e+00,0.000000000000000000e+00
2.450000000000000000e+02,4.745312327786206197e+01,6.762699999999999534e+01,5.000000000000000000e+01,2.458308403172052792e+01,3.338323334466311820e+01,-1.051319409852158060e+01,0.000000000000000000e+00,0.000000000000000000e+00
2.460000000000000000e+02,4.783055551235344893e+01,6.778799999999999670e+01,5.000000000000000000e+01,2.449944142789118473e+01,3.353084898052181728e+01,-1.019973489605955130e+01,0.000000000000000000e+00,0.000000000000000000e+00
2.470000000000000000e+02,4.749596336136582408e+01,6.794899999999999807e+01,5.000000000000000000e+01,2.407861457737475064e+01,3.367592902293409907e+01,-1.025858023894302207e+01,0.000000000000000000e+00,0.000000000000000000e+00
2.480000000000000000e+02,4.716109039578416429e+01,6.794899999999999807e+01,5.000000000000000000e+01,2.365778772685832010e+01,3.381847347189997066e+01,-1.031517080297413180e+01,0.000000000000000000e+00,0.000000000000000000e+00
2.490000000000000000e+02,4.769888156854088379e+01,6.823900000000000432e+01,5.000000000000000000e+01,2.365778772685832010e+01,3.396101792086584226e+01,-9.919924079183278565e+00,0.000000000000000000e+00,0.000000000000000000e+00
2.500000000000000000e+02,4.664898712031301642e+01,6.827100000000000080e+01,5.000000000000000000e+01,2.289977662965479865e+01,3.409899515182264196e+01,-1.034978466116442775e+01,0.000000000000000000e+00,0.000000000000000000e+00
2.510000000000000000e+02,4.701001561647272098e+01,6.827100000000000080e+01,5.000000000000000000e+01,2.281613402582545902e+01,3.423646841389567896e+01,-1.004258682324842233e+01,0.000000000000000000e+00,0.000000000000000000e+00
2.520000000000000000e+02,4.753229099342005526e+01,6.849699999999999989e+01,5.000000000000000000e+01,2.281613402582545902e+01,3.437394167596871597e+01,-9.657784708374117955e+00,0.000000000000000000e+00,0.000000000000000000e+00
2.530000000000000000e+02,4.681432447355072668e+01,6.859399999999999409e+01,5.000000000000000000e+01,2.222540813628065948e+01,3.450785565780019937e+01,-9.918939320530130388e+00,0.000000000000000000e+00,0.000000000000000000e+00
2.540000000000000000e+02,4.680231493340478011e+01,6.859399999999999409e+01,5.000000000000000000e+01,2.197186649342295084e+01,3.464024198395279086e+01,-9.809793543970963370e+00,0.000000000000000000e+00,0.000000000000000000e+00
2.550000000000000000e+02,4.731058342703454400e+01,6.875499999999999545e+01,5.000000000000000000e+01,2.197186649342295084e+01,3.477262831010538235e+01,-9.433911376493789191e+00,0.000000000000000000e+00,0.000000000000000000e+00
2.560000000000000000e+02,4.693141788247717017e+01,6.891599999999999682e+01,5.000000000000000000e+01,2.155103964290652030e+01,3.490247904281155655e+01,-9.522100803240910238e+00,0.000000000000000000e+00,0.000000000000000000e+00
2.570000000000000000e+02,4.655309590150921650e+01,6.891599999999999682e+01,5.000000000000000000e+01,2.113021279239008976e+01,3.502979418207131346e+01,-9.606911072952188491e+00,0.000000000000000000e+00,0.000000000000000000e+00
2.580000000000000000e+02,4.704851935422895082e+01,6.901300000000000523e+01,5.000000000000000000e+01,2.113021279239008976e+01,3.515710932133107036e+01,-9.238802759492209304e+00,0.000000000000000000e+00,0.000000000000000000e+00
2.590000000000000000e+02,4.700385015752999607e+01,6.923799999999999955e+01,5.000000000000000000e+01,2.087667114953234204e+01,3.528289680491193536e+01,-9.155717796914283113e+00,0.000000000000000000e+00,0.000000000000000000e+00
2.600000000000000000e+02,4.626038270051067514e+01,6.923799999999999955e+01,5.000000000000000000e+01,2.028855909135722513e+01,3.540514075727886478e+01,-9.433317148125409446e+00,0.000000000000000000e+00,0.000000000000000000e+00
2.610000000000000000e+02,4.674408336246516171e+01,6.949599999999999511e+01,5.000000000000000000e+01,2.028855909135722513e+01,3.552738470964579420e+01,-9.071860438537855842e+00,0.000000000000000000e+00,0.000000000000000000e+00
2.620000000000000000e+02,4.581491489535104478e+01,6.956100000000000705e+01,5.000000000000000000e+01,1.961419059798308595e+01,3.564556541288741442e+01,-9.444841115519457375e+00,0.000000000000000000e+00,0.000000000000000000e+00
2.630000000000000000e+02,4.594252779967607836e+01,6.956100000000000705e+01,5.000000000000000000e+01,1.944429155895468497e+01,3.576272242933389833e+01,-9.264486188612503170e+00,0.000000000000000000e+00,0.000000000000000000e+00
2.640000000000000000e+02,4.641467242452928588e+01,6.981799999999999784e+01,5.000000000000000000e+01,1.944429155895468497e+01,3.587987944578038224e+01,-8.909498580205774232e+00,0.000000000000000000e+00,0.000000000000000000e+00
2.650000000000000000e+02,4.547961835203213354e+01,6.988299999999999557e+01,5.000000000000000000e+01,1.877253689695022487e+01,3.599298896212916787e+01,-9.285907507047253873e+00,0.000000000000000000e+00,0.000000000000000000e+00
2.660000000000000000e+02,4.559607020539441891e+01,6.988299999999999557e+01,5.000000000000000000e+01,1.860263785792185942e+01,3.610507479168281719e+01,-9.111642444210254155e+00,0.000000000000000000e+00,0.000000000000000000e+00
2.670000000000000000e+02,4.605728712479773179e+01,7.017300000000000182e+01,5.000000000000000000e+01,1.860263785792185942e+01,3.621716062123646651e+01,-8.762511354360590587e+00,0.000000000000000000e+00,0.000000000000000000e+00
2.680000000000000000e+02,4.493258543741126232e+01,7.020499999999999829e+01,5.000000000000000000e+01,1.784462676071833798e+01,3.632467923278104394e+01,-9.236720556088116041e+00,0.000000000000000000e+00,0.000000000000000000e+00
2.690000000000000000e+02,4.522050600186876324e+01,7.023699999999999477e+01,5.000000000000000000e+01,1.776098415688899479e+01,3.643169387544186577e+01,-8.972172030462097325e+00,0.000000000000000000e+00,0.000000000000000000e+00
2.700000000000000000e+02,4.549778588327318829e+01,7.046299999999999386e+01,5.000000000000000000e+01,1.767734155305965160e+01,3.653820454921892491e+01,-8.717760219005391775e+00,0.000000000000000000e+00,0.000000000000000000e+00
2.710000000000000000e+02,4.471283782721037880e+01,7.052700000000000102e+01,5.000000000000000000e+01,1.708661566351485561e+01,3.664115594275443044e+01,-9.014933779058905472e+00,0.000000000000000000e+00,0.000000000000000000e+00
2.720000000000000000e+02,4.481417120387420283e+01,7.052700000000000102e+01,5.000000000000000000e+01,1.691933045585613371e+01,3.674309939852241769e+01,-8.848258650504348566e+00,0.000000000000000000e+00,0.000000000000000000e+00
2.730000000000000000e+02,4.525515366439212528e+01,7.068800000000000239e+01,5.000000000000000000e+01,1.691933045585613371e+01,3.684504285429040493e+01,-8.509219645754415140e+00,0.000000000000000000e+00,0.000000000000000000e+00
2.740000000000000000e+02,4.481011380734684479e+01,7.084999999999999432e+01,5.000000000000000000e+01,1.649850360533969962e+01,3.694445071661198199e+01,-8.632840514604836812e+00,0.000000000000000000e+00,0.000000000000000000e+00
2.750000000000000000e+02,4.436185258660647435e+01,7.084999999999999432e+01,5.000000000000000000e+01,1.607506292345362553e+01,3.704130723645952372e+01,-8.754517573306667799e+00,0.000000000000000000e+00,0.000000000000000000e+00
2.760000000000000000e+02,4.479415623140334901e+01,7.088200000000000500e+01,5.000000000000000000e+01,1.607506292345362553e+01,3.713816375630706546e+01,-8.419070448357341974e+00,0.000000000000000000e+00,0.000000000000000000e+00
2.770000000000000000e+02,4.504008477929281185e+01,7.110699999999999932e+01,5.000000000000000000e+01,1.599142031962424682e+01,3.723451630727084449e+01,-8.185851847602277687e+00,0.000000000000000000e+00,0.000000000000000000e+00
2.780000000000000000e+02,4.423002000560057212e+01,7.117199999999999704e+01,5.000000000000000000e+01,1.540330826144912990e+01,3.732732532702069506e+01,-8.500613582869258167e+00,0.000000000000000000e+00,0.000000000000000000e+00
2.790000000000000000e+02,4.429608123039491119e+01,7.117199999999999704e+01,5.000000000000000000e+01,1.523340922242076445e+01,3.741911065997540220e+01,-8.356438652001253686e+00,0.000000000000000000e+00,0.000000000000000000e+00
2.800000000000000000e+02,4.470806048576246639e+01,7.120399999999999352e+01,5.000000000000000000e+01,1.523340922242076445e+01,3.751089599293010934e+01,-8.036244729588409186e+00,0.000000000000000000e+00,0.000000000000000000e+00
2.810000000000000000e+02,4.493424910166358899e+01,7.136499999999999488e+01,5.000000000000000000e+01,1.514976661859142126e+01,3.760217735700106090e+01,-7.817694873928894950e+00,0.000000000000000000e+00,0.000000000000000000e+00
2.820000000000000000e+02,4.445204997650947121e+01,7.149399999999999977e+01,5.000000000000000000e+01,1.472893976807498895e+01,3.769092312762559516e+01,-7.967812919191114673e+00,0.000000000000000000e+00,0.000000000000000000e+00
2.830000000000000000e+02,4.414658909464630199e+01,7.149399999999999977e+01,5.000000000000000000e+01,1.439175552138790160e+01,3.777763727368747482e+01,-8.022803700429074425e+00,0.000000000000000000e+00,0.000000000000000000e+00
2.840000000000000000e+02,4.454071326219783344e+01,7.149399999999999977e+01,5.000000000000000000e+01,1.439175552138790160e+01,3.786435141974935448e+01,-7.715393678939420852e+00,0.000000000000000000e+00,0.000000000000000000e+00
2.850000000000000000e+02,4.492305839029621239e+01,7.171999999999999886e+01,5.000000000000000000e+01,1.439175552138790160e+01,3.795106556581123414e+01,-7.419762696902922450e+00,0.000000000000000000e+00,0.000000000000000000e+00
2.860000000000000000e+02,4.406857839467689075e+01,7.181600000000000250e+01,5.000000000000000000e+01,1.380102963184310383e+01,3.803422043163156019e+01,-7.766671668797772377e+00,0.000000000000000000e+00,0.000000000000000000e+00
2.870000000000000000e+02,4.392876378624266209e+01,7.181600000000000250e+01,5.000000000000000000e+01,1.355010182035503874e+01,3.811586339080061236e+01,-7.737201424912988124e+00,0.000000000000000000e+00,0.000000000000000000e+00
2.880000000000000000e+02,4.430687333553594698e+01,7.184900000000000375e+01,5.000000000000000000e+01,1.355010182035503874e+01,3.819750634996966454e+01,-7.440734834788756302e+00,0.000000000000000000e+00,0.000000000000000000e+00
2.890000000000000000e+02,4.449467885133465472e+01,7.191299999999999670e+01,5.000000000000000000e+01,1.346384538515601470e+01,3.827862959122733599e+01,-7.247796125048695970e+00,0.000000000000000000e+00,0.000000000000000000e+00
2.900000000000000000e+02,4.450647260670329786e+01,7.213899999999999579e+01,5.000000000000000000e+01,1.329656017749733010e+01,3.835874489471748916e+01,-7.148832465511520518e+00,0.000000000000000000e+00,0.000000000000000000e+00
2.910000000000000000e+02,4.363501252632259764e+01,7.213899999999999579e+01,5.000000000000000000e+01,1.270583428795253234e+01,3.843530091796608872e+01,-7.506122679596026970e+00,0.000000000000000000e+00,0.000000000000000000e+00
2.920000000000000000e+02,4.399918088814993666e+01,7.213899999999999579e+01,5.000000000000000000e+01,1.270583428795253234e+01,3.851185694121468828e+01,-7.218510341017285725e+00,0.000000000000000000e+00,0.000000000000000000e+00
2.930000000000000000e+02,4.435232879896232561e+01,7.226800000000000068e+01,5.000000000000000000e+01,1.270583428795253234e+01,3.858841296446328784e+01,-6.941918453453499005e+00,0.000000000000000000e+00,0.000000000000000000e+00
2.940000000000000000e+02,4.399536893924290126e+01,7.246099999999999852e+01,5.000000000000000000e+01,1.236865004126544321e+01,3.866293736314923279e+01,-7.036218465171775627e+00,0.000000000000000000e+00,0.000000000000000000e+00
2.950000000000000000e+02,4.329294723371323528e+01,7.246099999999999852e+01,5.000000000000000000e+01,1.186418058691966948e+01,3.873442219950500487e+01,-7.305655552711446177e+00,0.000000000000000000e+00,0.000000000000000000e+00
2.960000000000000000e+02,4.364436310344763115e+01,7.246099999999999852e+01,5.000000000000000000e+01,1.186418058691966948e+01,3.880590703586077694e+01,-7.025724519332813500e+00,0.000000000000000000e+00,0.000000000000000000e+00
2.970000000000000000e+02,4.398505284697980500e+01,7.255800000000000693e+01,5.000000000000000000e+01,1.186418058691966948e+01,3.887739187221654902e+01,-6.756519612156414389e+00,0.000000000000000000e+00,0.000000000000000000e+00
2.980000000000000000e+02,4.378943962601968565e+01,7.271899999999999409e+01,5.000000000000000000e+01,1.161063894406192354e+01,3.894734905289342208e+01,-6.768548370935659086e+00,0.000000000000000000e+00,0.000000000000000000e+00
2.990000000000000000e+02,4.324571613794908131e+01,7.278300000000000125e+01,5.000000000000000000e+01,1.118981209354553030e+01,3.901477064012387785e+01,-6.958866595720329506e+00,0.000000000000000000e+00,0.000000000000000000e+00
3.000000000000000000e+02,4.323273731743612558e+01,7.278300000000000125e+01,5.000000000000000000e+01,1.102252688588680662e+01,3.908118428958681534e+01,-6.870973858037492832e+00,0.000000000000000000e+00,0.000000000000000000e+00
3.010000000000000000e+02,4.356242628812388773e+01,7.281499999999999773e+01,5.000000000000000000e+01,1.102252688588680662e+01,3.914759793904975282e+01,-6.607698536812671719e+00,0.000000000000000000e+00,0.000000000000000000e+00
3.020000000000000000e+02,4.370850557117549329e+01,7.300900000000000034e+01,5.000000000000000000e+01,1.093888428205746344e+01,3.921350761962893472e+01,-6.443886330510908422e+00,0.000000000000000000e+00,0.000000000000000000e+00
3.030000000000000000e+02,4.296935018355738833e+01,7.310500000000000398e+01,5.000000000000000000e+01,1.043180099634200886e+01,3.927636198885032570e+01,-6.738812801634940008e+00,0.000000000000000000e+00,0.000000000000000000e+00
3.040000000000000000e+02,4.276985057801276469e+01,7.310500000000000398e+01,5.000000000000000000e+01,1.018087318485394377e+01,3.933770445142043570e+01,-6.748727058261611234e+00,0.000000000000000000e+00,0.000000000000000000e+00
3.050000000000000000e+02,4.308978422733932945e+01,7.310500000000000398e+01,5.000000000000000000e+01,1.018087318485394377e+01,3.939904691399054570e+01,-6.490135871505160026e+00,0.000000000000000000e+00,0.000000000000000000e+00
3.060000000000000000e+02,4.339980943003724434e+01,7.313800000000000523e+01,5.000000000000000000e+01,1.018087318485394377e+01,3.946038937656065571e+01,-6.241453131377357799e+00,0.000000000000000000e+00,0.000000000000000000e+00
3.070000000000000000e+02,4.352136153452240563e+01,7.323399999999999466e+01,5.000000000000000000e+01,1.009461674965492151e+01,3.952121212121938498e+01,-6.094467336351903519e+00,0.000000000000000000e+00,0.000000000000000000e+00
3.080000000000000000e+02,4.329514089897470086e+01,7.342799999999999727e+01,5.000000000000000000e+01,9.843688938166891944e+00,3.958052295922684038e+01,-6.129070998419032357e+00,0.000000000000000000e+00,0.000000000000000000e+00
3.090000000000000000e+02,4.253732387981268204e+01,7.342799999999999727e+01,5.000000000000000000e+01,9.336605652451437365e+00,3.963677848587650487e+01,-6.436060258515260202e+00,0.000000000000000000e+00,0.000000000000000000e+00
3.100000000000000000e+02,4.284019012962799877e+01,7.342799999999999727e+01,5.000000000000000000e+01,9.336605652451437365e+00,3.969303401252616936e+01,-6.189449535349608844e+00,0.000000000000000000e+00,0.000000000000000000e+00
3.110000000000000000e+02,4.313360698861453812e+01,7.345999999999999375e+01,5.000000000000000000e+01,9.336605652451437365e+00,3.974928953917583385e+01,-5.952288203012736645e+00,0.000000000000000000e+00,0.000000000000000000e+00
3.120000000000000000e+02,4.324441477049770555e+01,7.358899999999999864e+01,5.000000000000000000e+01,9.252963048622095954e+00,3.980504109694173565e+01,-5.813589375066124276e+00,0.000000000000000000e+00,0.000000000000000000e+00
3.130000000000000000e+02,4.282341622454357122e+01,7.371800000000000352e+01,5.000000000000000000e+01,8.915778801935006825e+00,3.985876103014498284e+01,-5.951123607536419335e+00,0.000000000000000000e+00,0.000000000000000000e+00
3.140000000000000000e+02,4.240565595753407990e+01,7.375000000000000000e+01,5.000000000000000000e+01,8.578594555247917697e+00,3.991044933878557543e+01,-6.083387936499416782e+00,0.000000000000000000e+00,0.000000000000000000e+00
3.150000000000000000e+02,4.251691987401573414e+01,7.375000000000000000e+01,5.000000000000000000e+01,8.494951951418574509e+00,3.996163367854240533e+01,-5.939665755945251924e+00,0.000000000000000000e+00,0.000000000000000000e+00
3.160000000000000000e+02,4.279569457318504533e+01,7.375000000000000000e+01,5.000000000000000000e+01,8.494951951418574509e+00,4.001281801829923523e+01,-5.712075396532764415e+00,0.000000000000000000e+00,0.000000000000000000e+00
3.170000000000000000e+02,4.306574868540118928e+01,7.384699999999999420e+01,5.000000000000000000e+01,8.494951951418574509e+00,4.006400235805606513e+01,-5.493205624073450366e+00,0.000000000000000000e+00,0.000000000000000000e+00
3.180000000000000000e+02,4.280142852606375925e+01,7.400799999999999557e+01,5.000000000000000000e+01,8.241410308560867648e+00,4.011365904213400313e+01,-5.553640824631107087e+00,0.000000000000000000e+00,0.000000000000000000e+00
3.190000000000000000e+02,4.219085289076639356e+01,7.400799999999999557e+01,5.000000000000000000e+01,7.820583458044435332e+00,4.016078013276552383e+01,-5.790510700043570935e+00,0.000000000000000000e+00,0.000000000000000000e+00
3.200000000000000000e+02,4.245984916184652036e+01,7.407200000000000273e+01,5.000000000000000000e+01,7.820583458044435332e+00,4.020790122339704453e+01,-5.568635519594963057e+00,0.000000000000000000e+00,0.000000000000000000e+00
3.210000000000000000e+02,4.237330031690554932e+01,7.407200000000000273e+01,5.000000000000000000e+01,7.653298250385712542e+00,4.025401437626104695e+01,-5.534012309741210167e+00,0.000000000000000000e+00,0.000000000000000000e+00
3.220000000000000000e+02,4.263146039333700088e+01,7.407200000000000273e+01,5.000000000000000000e+01,7.653298250385712542e+00,4.030012752912504936e+01,-5.321965386173758361e+00,0.000000000000000000e+00,0.000000000000000000e+00
3.230000000000000000e+02,4.288149546113497479e+01,7.420099999999999341e+01,5.000000000000000000e+01,7.653298250385712542e+00,4.034624068198905178e+01,-5.118043471239785092e+00,0.000000000000000000e+00,0.000000000000000000e+00
3.240000000000000000e+02,4.242420725602598708e+01,7.439499999999999602e+01,5.000000000000000000e+01,7.316114003698660717e+00,4.039032221029039960e+01,-5.282228957963072347e+00,0.000000000000000000e+00,0.000000000000000000e+00
3.250000000000000000e+02,4.161871245408341480e+01,7.439499999999999602e+01,5.000000000000000000e+01,6.809030717983207026e+00,4.043134842723394939e+01,-5.621666691133742511e+00,0.000000000000000000e+00,0.000000000000000000e+00
3.260000000000000000e+02,4.187514425028059151e+01,7.439499999999999602e+01,5.000000000000000000e+01,6.809030717983207026e+00,4.047237464417749919e+01,-5.406261111880112047e+00,0.000000000000000000e+00,0.000000000000000000e+00
3.270000000000000000e+02,4.212332234412883025e+01,7.439499999999999602e+01,5.000000000000000000e+01,6.809030717983207026e+00,4.051340086112104899e+01,-5.199109234975425764e+00,0.000000000000000000e+00,0.000000000000000000e+00
3.280000000000000000e+02,4.236356299300037875e+01,7.439499999999999602e+01,5.000000000000000000e+01,6.809030717983207026e+00,4.055442707806459879e+01,-4.999894803047423508e+00,0.000000000000000000e+00,0.000000000000000000e+00
3.290000000000000000e+02,4.259617033622383531e+01,7.449099999999999966e+01,5.000000000000000000e+01,6.809030717983207026e+00,4.059545329500814859e+01,-4.808313676767515865e+00,0.000000000000000000e+00,0.000000000000000000e+00
3.300000000000000000e+02,4.230087158277181913e+01,7.468500000000000227e+01,5.000000000000000000e+01,6.558102906495141049e+00,4.063496760530042451e+01,-4.892198929023746423e+00,0.000000000000000000e+00,0.000000000000000000e+00
3.310000000000000000e+02,4.147586476994540305e+01,7.471699999999999875e+01,5.000000000000000000e+01,6.051019620779687358e+00,4.067142660423490241e+01,-5.246581455069186717e+00,0.000000000000000000e+00,0.000000000000000000e+00
3.320000000000000000e+02,4.153983543647704124e+01,7.471699999999999875e+01,5.000000000000000000e+01,5.967377016950344171e+00,4.070738163428562473e+01,-5.134923214758928545e+00,0.000000000000000000e+00,0.000000000000000000e+00
3.330000000000000000e+02,4.177254548070221318e+01,7.471699999999999875e+01,5.000000000000000000e+01,5.967377016950344171e+00,4.074333666433634704e+01,-4.938168200584477141e+00,0.000000000000000000e+00,0.000000000000000000e+00
3.340000000000000000e+02,4.199771645686664101e+01,7.471699999999999875e+01,5.000000000000000000e+01,5.967377016950344171e+00,4.077929169438706936e+01,-4.748952254470775181e+00,0.000000000000000000e+00,0.000000000000000000e+00
3.350000000000000000e+02,4.221563723967809523e+01,7.478100000000000591e+01,5.000000000000000000e+01,5.967377016950344171e+00,4.081524672443779167e+01,-4.566986501710038837e+00,0.000000000000000000e+00,0.000000000000000000e+00
3.360000000000000000e+02,4.207954211726325155e+01,7.487800000000000011e+01,5.000000000000000000e+01,5.800091809291621381e+00,4.085019381672099570e+01,-4.570743508749368189e+00,0.000000000000000000e+00,0.000000000000000000e+00
3.370000000000000000e+02,4.176363870059281425e+01,7.494199999999999307e+01,5.000000000000000000e+01,5.546550166433912743e+00,4.088361325332530072e+01,-4.666524719166396551e+00,0.000000000000000000e+00,0.000000000000000000e+00
3.380000000000000000e+02,4.162882199373768799e+01,7.503900000000000148e+01,5.000000000000000000e+01,5.379264958775226368e+00,4.091602475216208745e+01,-4.666467717199624943e+00,0.000000000000000000e+00,0.000000000000000000e+00
3.390000000000000000e+02,4.131405085112389486e+01,7.503900000000000148e+01,5.000000000000000000e+01,5.125723315917481315e+00,4.094690859531997518e+01,-4.758581060113565186e+00,0.000000000000000000e+00,0.000000000000000000e+00
3.400000000000000000e+02,4.152726939429089725e+01,7.503900000000000148e+01,5.000000000000000000e+01,5.125723315917481315e+00,4.097779243847786290e+01,-4.576246360104448740e+00,0.000000000000000000e+00,0.000000000000000000e+00
3.410000000000000000e+02,4.173350141302815786e+01,7.503900000000000148e+01,5.000000000000000000e+01,5.125723315917481315e+00,4.100867628163575063e+01,-4.400898184525078527e+00,0.000000000000000000e+00,0.000000000000000000e+00
3.420000000000000000e+02,4.193301461021177801e+01,7.513599999999999568e+01,5.000000000000000000e+01,5.125723315917481315e+00,4.103956012479363835e+01,-4.232268830499343437e+00,0.000000000000000000e+00,0.000000000000000000e+00
3.430000000000000000e+02,4.160007859953364573e+01,7.520000000000000284e+01,5.000000000000000000e+01,4.872181673059772677e+00,4.106891631227263417e+01,-4.341019385798757568e+00,0.000000000000000000e+00,0.000000000000000000e+00
3.440000000000000000e+02,4.144872624546614048e+01,7.532899999999999352e+01,5.000000000000000000e+01,4.704896465401049888e+00,4.109726456198411171e+01,-4.353434781919017560e+00,0.000000000000000000e+00,0.000000000000000000e+00
3.450000000000000000e+02,4.094437560202964477e+01,7.536100000000000421e+01,5.000000000000000000e+01,4.367712218713998062e+00,4.112358118713293464e+01,-4.546917803817284387e+00,0.000000000000000000e+00,0.000000000000000000e+00
3.460000000000000000e+02,4.097139486066502201e+01,7.536100000000000421e+01,5.000000000000000000e+01,4.284069614884618460e+00,4.114939384339799489e+01,-4.462068597617594889e+00,0.000000000000000000e+00,0.000000000000000000e+00
3.470000000000000000e+02,4.116818073959643698e+01,7.536100000000000421e+01,5.000000000000000000e+01,4.284069614884618460e+00,4.117520649966305513e+01,-4.291095374951238384e+00,0.000000000000000000e+00,0.000000000000000000e+00
3.480000000000000000e+02,4.135841543218246130e+01,7.536100000000000421e+01,5.000000000000000000e+01,4.284069614884618460e+00,4.120101915592811537e+01,-4.126673338630274301e+00,0.000000000000000000e+00,0.000000000000000000e+00
3.490000000000000000e+02,4.154234996043614814e+01,7.536100000000000421e+01,5.000000000000000000e+01,4.284069614884618460e+00,4.122683181219317561e+01,-3.968551466641649483e+00,0.000000000000000000e+00,0.000000000000000000e+00
3.500000000000000000e+02,4.172022572795218309e+01,7.548999999999999488e+01,5.000000000000000000e+01,4.284069614884618460e+00,4.125264446845823585e+01,-3.816488355390671661e+00,0.000000000000000000e+00,0.000000000000000000e+00
3.510000000000000000e+02,4.119276529797153330e+01,7.561899999999999977e+01,5.000000000000000000e+01,3.946885368197566635e+00,4.127642550016064149e+01,-4.030545570386675713e+00,0.000000000000000000e+00,0.000000000000000000e+00
3.520000000000000000e+02,4.067147528046146476e+01,7.565099999999999625e+01,5.000000000000000000e+01,3.609701121510478394e+00,4.129817490730039253e+01,-4.236400748349404388e+00,0.000000000000000000e+00,0.000000000000000000e+00
3.530000000000000000e+02,4.068202922931611454e+01,7.568399999999999750e+01,5.000000000000000000e+01,3.526058517681135207e+00,4.131942034555638088e+01,-4.163449633921405102e+00,0.000000000000000000e+00,0.000000000000000000e+00
3.540000000000000000e+02,4.068386138417809406e+01,7.568399999999999750e+01,5.000000000000000000e+01,3.439802082482112500e+00,4.134014606590099561e+01,-4.096086764205010056e+00,0.000000000000000000e+00,0.000000000000000000e+00
3.550000000000000000e+02,4.086153698977796012e+01,7.568399999999999750e+01,5.000000000000000000e+01,3.439802082482112500e+00,4.136087178624561034e+01,-3.939136878949759168e+00,0.000000000000000000e+00,0.000000000000000000e+00
3.560000000000000000e+02,4.103319874169267223e+01,7.571599999999999397e+01,5.000000000000000000e+01,3.439802082482112500e+00,4.138159750659022507e+01,-3.788200847379664893e+00,0.000000000000000000e+00,0.000000000000000000e+00
3.570000000000000000e+02,4.102555531406295586e+01,7.568399999999999750e+01,5.000000000000000000e+01,3.356159478652769756e+00,4.140181925805107710e+01,-3.732423422640894550e+00,0.000000000000000000e+00,0.000000000000000000e+00
3.580000000000000000e+02,4.136231420997285824e+01,7.578000000000000114e+01,5.000000000000000000e+01,3.439802082482112500e+00,4.142254497839569183e+01,-3.500032850904943427e+00,0.000000000000000000e+00,0.000000000000000000e+00
3.590000000000000000e+02,4.099658552240725840e+01,7.587699999999999534e+01,5.000000000000000000e+01,3.188874270994046967e+00,4.144175879208902558e+01,-3.634047540675818144e+00,0.000000000000000000e+00,0.000000000000000000e+00
3.600000000000000000e+02,4.062905741830450523e+01,7.600600000000000023e+01,5.000000000000000000e+01,2.935332628136338329e+00,4.145944495010346031e+01,-3.765720159935288525e+00,0.000000000000000000e+00,0.000000000000000000e+00
3.610000000000000000e+02,4.009152520353260485e+01,7.600600000000000023e+01,5.000000000000000000e+01,2.598148381449249644e+00,4.147509948355524045e+01,-3.981722661471883473e+00,0.000000000000000000e+00,0.000000000000000000e+00
3.620000000000000000e+02,4.025974752932155099e+01,7.600600000000000023e+01,5.000000000000000000e+01,2.598148381449249644e+00,4.149075401700702059e+01,-3.829154869134717476e+00,0.000000000000000000e+00,0.000000000000000000e+00
3.630000000000000000e+02,4.042212391021737972e+01,7.600600000000000023e+01,5.000000000000000000e+01,2.598148381449249644e+00,4.150640855045880073e+01,-3.682433021690667552e+00,0.000000000000000000e+00,0.000000000000000000e+00
3.640000000000000000e+02,4.057887834547426564e+01,7.600600000000000023e+01,5.000000000000000000e+01,2.598148381449249644e+00,4.152206308391058087e+01,-3.541333119885567537e+00,0.000000000000000000e+00,0.000000000000000000e+00
3.650000000000000000e+02,4.073022625135990182e+01,7.600600000000000023e+01,5.000000000000000000e+01,2.598148381449249644e+00,4.153771761736236101e+01,-3.405639747451711052e+00,0.000000000000000000e+00,0.000000000000000000e+00
3.660000000000000000e+02,4.087637479003009844e+01,7.600600000000000023e+01,5.000000000000000000e+01,2.598148381449249644e+00,4.155337215081414115e+01,-3.275145742233291468e+00,0.000000000000000000e+00,0.000000000000000000e+00
3.670000000000000000e+02,4.101752318580183498e+01,7.600600000000000023e+01,5.000000000000000000e+01,2.598148381449249644e+00,4.156902668426592129e+01,-3.149651879913335062e+00,0.000000000000000000e+00,0.000000000000000000e+00
3.680000000000000000e+02,4.115386302930766504e+01,7.623099999999999454e+01,5.000000000000000000e+01,2.598148381449249644e+00,4.158468121771770143e+01,-3.028966569859282476e+00,0.000000000000000000e+00,0.000000000000000000e+00
3.690000000000000000e+02,4.006550370287149576e+01,7.619899999999999807e+01,5.000000000000000000e+01,2.010036323274132730e+00,4.159679221995554599e+01,-3.541324840358188286e+00,0.000000000000000000e+00,0.000000000000000000e+00
3.700000000000000000e+02,4.038682951917618169e+01,7.632800000000000296e+01,5.000000000000000000e+01,2.093678927103475473e+00,4.160940719107715324e+01,-3.316256599004448358e+00,0.000000000000000000e+00,0.000000000000000000e+00
3.710000000000000000e+02,3.982700400812378660e+01,7.632800000000000296e+01,5.000000000000000000e+01,1.756494680416387011e+00,4.161999053763610590e+01,-3.549481209928710079e+00,0.000000000000000000e+00,0.000000000000000000e+00
3.720000000000000000e+02,3.997359293773881461e+01,7.632800000000000296e+01,5.000000000000000000e+01,1.756494680416387011e+00,4.163057388419505855e+01,-3.413475626872633395e+00,0.000000000000000000e+00,0.000000000000000000e+00
3.730000000000000000e+02,4.011497053715418559e+01,7.632800000000000296e+01,5.000000000000000000e+01,1.756494680416387011e+00,4.164115723075401121e+01,-3.282681374016215514e+00,0.000000000000000000e+00,0.000000000000000000e+00
3.740000000000000000e+02,4.025133648907291217e+01,7.632800000000000296e+01,5.000000000000000000e+01,1.756494680416387011e+00,4.165174057731296386e+01,-3.156898768656441145e+00,0.000000000000000000e+00,0.000000000000000000e+00
3.750000000000000000e+02,4.038288282494960413e+01,7.632800000000000296e+01,5.000000000000000000e+01,1.756494680416387011e+00,4.166232392387191652e+01,-3.035935779338700069e+00,0.000000000000000000e+00,0.000000000000000000e+00
3.760000000000000000e+02,4.050979421816359149e+01,7.632800000000000296e+01,5.000000000000000000e+01,1.756494680416387011e+00,4.167290727043086918e+01,-2.919607732683663137e+00,0.000000000000000000e+00,0.000000000000000000e+00
3.770000000000000000e+02,4.063224826595853045e+01,7.635999999999999943e+01,5.000000000000000000e+01,1.756494680416387011e+00,4.168349061698982183e+01,-2.807737031447679943e+00,0.000000000000000000e+00,0.000000000000000000e+00
3.780000000000000000e+02,4.057689400169899585e+01,7.635999999999999943e+01,5.000000000000000000e+01,1.672852076587044046e+00,4.169356999466501179e+01,-2.789528069553059542e+00,0.000000000000000000e+00,0.000000000000000000e+00
3.790000000000000000e+02,4.069385981407049968e+01,7.655400000000000205e+01,5.000000000000000000e+01,1.672852076587044046e+00,4.170364937234020175e+01,-2.682641634856740787e+00,0.000000000000000000e+00,0.000000000000000000e+00
3.800000000000000000e+02,3.975475439235555797e+01,7.652100000000000080e+01,5.000000000000000000e+01,1.165768790871589911e+00,4.171067343865760080e+01,-3.121687837173628299e+00,0.000000000000000000e+00,0.000000000000000000e+00
3.810000000000000000e+02,4.006033658346755999e+01,7.665000000000000568e+01,5.000000000000000000e+01,1.252025226070612618e+00,4.171821722288637346e+01,-2.909905865489425647e+00,0.000000000000000000e+00,0.000000000000000000e+00
3.820000000000000000e+02,3.947986973169749092e+01,7.665000000000000568e+01,5.000000000000000000e+01,9.148409793835240444e-01,4.172372938255249153e+01,-3.158700630238528984e+00,0.000000000000000000e+00,0.000000000000000000e+00
3.830000000000000000e+02,3.960641392266821015e+01,7.665000000000000568e+01,5.000000000000000000e+01,9.148409793835240444e-01,4.172924154221860960e+01,-3.037668598933926933e+00,0.000000000000000000e+00,0.000000000000000000e+00
3.840000000000000000e+02,3.972832052549224358e+01,7.665000000000000568e+01,5.000000000000000000e+01,9.148409793835240444e-01,4.173475370188472766e+01,-2.921274155776009351e+00,0.000000000000000000e+00,0.000000000000000000e+00
3.850000000000000000e+02,3.984576723878033988e+01,7.665000000000000568e+01,5.000000000000000000e+01,9.148409793835240444e-01,4.174026586155084573e+01,-2.809339602154032445e+00,0.000000000000000000e+00,0.000000000000000000e+00
3.860000000000000000e+02,3.995892495225998431e+01,7.665000000000000568e+01,5.000000000000000000e+01,9.148409793835240444e-01,4.174577802121696379e+01,-2.701694048340505194e+00,0.000000000000000000e+00,0.000000000000000000e+00
3.870000000000000000e+02,4.006795800767161353e+01,7.665000000000000568e+01,5.000000000000000000e+01,9.148409793835240444e-01,4.175129018088308186e+01,-2.598173152594993596e+00,0.000000000000000000e+00,0.000000000000000000e+00
3.880000000000000000e+02,4.017302444966802710e+01,7.668300000000000693e+01,5.000000000000000000e+01,9.148409793835240444e-01,4.175680234054919993e+01,-2.498618870264696756e+00,0.000000000000000000e+00,0.000000000000000000e+00
3.890000000000000000e+02,4.009533195325518307e+01,7.665000000000000568e+01,5.000000000000000000e+01,8.285845441845013370e-01,4.176179478230394437e+01,-2.495047373233261201e+00,0.000000000000000000e+00,0.000000000000000000e+00
3.900000000000000000e+02,4.037487151745682468e+01,7.668300000000000693e+01,5.000000000000000000e+01,9.148409793835240444e-01,4.176730694197006244e+01,-2.307276403896765693e+00,0.000000000000000000e+00,0.000000000000000000e+00
3.910000000000000000e+02,4.028984734574761006e+01,7.681199999999999761e+01,5.000000000000000000e+01,8.285845441845013370e-01,4.177229938372480689e+01,-2.311036582161698494e+00,0.000000000000000000e+00,0.000000000000000000e+00
3.920000000000000000e+02,3.968388225835606420e+01,7.690800000000000125e+01,5.000000000000000000e+01,4.914002974974499560e-01,4.177526020091689674e+01,-2.582778240058281938e+00,0.000000000000000000e+00,0.000000000000000000e+00
3.930000000000000000e+02,3.926524219389125392e+01,7.693999999999999773e+01,5.000000000000000000e+01,2.404724860093840899e-01,4.177670911145770560e+01,-2.751939403575831111e+00,0.000000000000000000e+00,0.000000000000000000e+00
3.940000000000000000e+02,3.919861549415308843e+01,7.697299999999999898e+01,5.000000000000000000e+01,1.568298821800411802e-01,4.177765405311475178e+01,-2.735868441141703578e+00,0.000000000000000000e+00,0.000000000000000000e+00
3.950000000000000000e+02,3.912544647899355255e+01,7.697299999999999898e+01,5.000000000000000000e+01,7.057344698101852831e-02,4.177807927686042433e+01,-2.723206244847887980e+00,0.000000000000000000e+00,0.000000000000000000e+00
3.960000000000000000e+02,3.923021688199428780e+01,7.697299999999999898e+01,5.000000000000000000e+01,7.057344698101852831e-02,4.177850450060609688e+01,-2.618861065592825721e+00,0.000000000000000000e+00,0.000000000000000000e+00
3.970000000000000000e+02,3.933098908748267064e+01,7.697299999999999898e+01,5.000000000000000000e+01,7.057344698101852831e-02,4.177892972435176944e+01,-2.518514083850114993e+00,0.000000000000000000e+00,0.000000000000000000e+00
3.980000000000000000e+02,3.942791629451841828e+01,7.697299999999999898e+01,5.000000000000000000e+01,7.057344698101852831e-02,4.177935494809744199e+01,-2.422012100560039904e+00,0.000000000000000000e+00,0.000000000000000000e+00
3.990000000000000000e+02,3.952114583202806131e+01,7.697299999999999898e+01,5.000000000000000000e+01,7.057344698101852831e-02,4.177978017184311454e+01,-2.329207786796069435e+00,0.000000000000000000e+00,0.000000000000000000e+00
4.000000000000000000e+02,3.961081938373101963e+01,7.697299999999999898e+01,5.000000000000000000e+01,7.057344698101852831e-02,4.178020539558878710e+01,-2.239959458838780115e+00,0.000000000000000000e+00,0.000000000000000000e+00
4.010000000000000000e+02,3.969707320444720011e+01,7.700499999999999545e+01,5.000000000000000000e+01,7.057344698101852831e-02,4.178063061933445965e+01,-2.154130861868277957e+00,0.000000000000000000e+00,0.000000000000000000e+00
4.020000000000000000e+02,3.960651656923636921e+01,7.697299999999999898e+01,5.000000000000000000e+01,-1.306915684832438314e-02,4.178055187419636951e+01,-2.160966148111678198e+00,0.000000000000000000e+00,0.000000000000000000e+00
4.030000000000000000e+02,3.986276139077934033e+01,7.700499999999999545e+01,5.000000000000000000e+01,7.057344698101852831e-02,4.178097709794204206e+01,-1.988789154143716154e+00,0.000000000000000000e+00,0.000000000000000000e+00
4.040000000000000000e+02,3.976586935215809859e+01,7.697299999999999898e+01,5.000000000000000000e+01,-1.306915684832438314e-02,4.178089835280395192e+01,-2.001959843797525895e+00,0.000000000000000000e+00,0.000000000000000000e+00
4.050000000000000000e+02,4.001602152414221791e+01,7.710200000000000387e+01,5.000000000000000000e+01,7.057344698101852831e-02,4.178132357654962448e+01,-1.835875499388419430e+00,0.000000000000000000e+00,0.000000000000000000e+00
4.060000000000000000e+02,3.938728245660193039e+01,7.719799999999999329e+01,5.000000000000000000e+01,-2.666107997060699897e-01,4.177971717573264243e+01,-2.125823919424637776e+00,0.000000000000000000e+00,0.000000000000000000e+00
4.070000000000000000e+02,3.894656604106555164e+01,7.719799999999999329e+01,5.000000000000000000e+01,-5.175386111940987188e-01,4.177659886826437940e+01,-2.312494216004727932e+00,0.000000000000000000e+00,0.000000000000000000e+00
4.080000000000000000e+02,3.903205564713737630e+01,7.726300000000000523e+01,5.000000000000000000e+01,-5.175386111940987188e-01,4.177348056079611638e+01,-2.223886302464640696e+00,0.000000000000000000e+00,0.000000000000000000e+00
4.090000000000000000e+02,3.876168398827687156e+01,7.726300000000000523e+01,5.000000000000000000e+01,-6.874376502225014729e-01,4.176933856653271704e+01,-2.320216928033347337e+00,0.000000000000000000e+00,0.000000000000000000e+00
4.100000000000000000e+02,3.884644581895302906e+01,7.729500000000000171e+01,5.000000000000000000e+01,-6.874376502225014729e-01,4.176519657226931770e+01,-2.231313103093788719e+00,0.000000000000000000e+00,0.000000000000000000e+00
4.110000000000000000e+02,3.875427936009545249e+01,7.729500000000000171e+01,5.000000000000000000e+01,-7.710802540518443271e-01,4.176055060912215566e+01,-2.235190994974855627e+00,0.000000000000000000e+00,0.000000000000000000e+00
4.120000000000000000e+02,3.883527928053908340e+01,7.729500000000000171e+01,5.000000000000000000e+01,-7.710802540518443271e-01,4.175590464597499363e+01,-2.149545111384066676e+00,0.000000000000000000e+00,0.000000000000000000e+00
4.130000000000000000e+02,3.891299750496990839e+01,7.729500000000000171e+01,5.000000000000000000e+01,-7.710802540518443271e-01,4.175125868282783159e+01,-2.067180923806073878e+00,0.000000000000000000e+00,0.000000000000000000e+00
4.140000000000000000e+02,3.898755977823719121e+01,7.729500000000000171e+01,5.000000000000000000e+01,-7.710802540518443271e-01,4.174661271968066956e+01,-1.987972687391634352e+00,0.000000000000000000e+00,0.000000000000000000e+00
4.150000000000000000e+02,3.905908702702081570e+01,7.729500000000000171e+01,5.000000000000000000e+01,-7.710802540518443271e-01,4.174196675653350752e+01,-1.911799475460844944e+00,0.000000000000000000e+00,0.000000000000000000e+00
4.160000000000000000e+02,3.912769554444930264e+01,7.732699999999999818e+01,5.000000000000000000e+01,-7.710802540518443271e-01,4.173732079338634549e+01,-1.838544994885195960e+00,0.000000000000000000e+00,0.000000000000000000e+00
4.170000000000000000e+02,3.901997540876381265e+01,7.729500000000000171e+01,5.000000000000000000e+01,-8.547228578811872923e-01,4.173217086135542786e+01,-1.857472594710431801e+00,0.000000000000000000e+00,0.000000000000000000e+00
4.180000000000000000e+02,3.925952007139160571e+01,7.732699999999999818e+01,5.000000000000000000e+01,-7.710802540518443271e-01,4.172752489820826582e+01,-1.696924572764813899e+00,0.000000000000000000e+00,0.000000000000000000e+00
4.190000000000000000e+02,3.914637346154159303e+01,7.729500000000000171e+01,5.000000000000000000e+01,-8.547228578811872923e-01,4.172237496617734820e+01,-1.721278646754570651e+00,0.000000000000000000e+00,0.000000000000000000e+00
4.200000000000000000e+02,3.938069957638594332e+01,7.729500000000000171e+01,5.000000000000000000e+01,-7.710802540518443271e-01,4.171772900303018616e+01,-1.565949172592395744e+00,0.000000000000000000e+00,0.000000000000000000e+00
4.210000000000000000e+02,3.943605613689177858e+01,7.739199999999999591e+01,5.000000000000000000e+01,-7.710802540518443271e-01,4.171308303988302413e+01,-1.505946648939400445e+00,0.000000000000000000e+00,0.000000000000000000e+00
4.220000000000000000e+02,3.896312574720863608e+01,7.748799999999999955e+01,5.000000000000000000e+01,-1.024621896909552854e+00,4.170690942105697019e+01,-1.719161776938783914e+00,0.000000000000000000e+00,0.000000000000000000e+00
4.230000000000000000e+02,3.850226002757094079e+01,7.745600000000000307e+01,5.000000000000000000e+01,-1.275549708397618831e+00,4.169922389557963527e+01,-1.921414159611076311e+00,0.000000000000000000e+00,0.000000000000000000e+00
4.240000000000000000e+02,3.874171914770386138e+01,7.752100000000000080e+01,5.000000000000000000e+01,-1.191907104568275866e+00,4.169204233898606304e+01,-1.758416086713926685e+00,0.000000000000000000e+00,0.000000000000000000e+00
4.250000000000000000e+02,3.844944880283474475e+01,7.755299999999999727e+01,5.000000000000000000e+01,-1.361806143596641316e+00,4.168383709559735451e+01,-1.872582149165969767e+00,0.000000000000000000e+00,0.000000000000000000e+00
4.260000000000000000e+02,3.833947358961781759e+01,7.761700000000000443e+01,5.000000000000000000e+01,-1.445448747425984282e+00,4.167512788332488327e+01,-1.890205546281080728e+00,0.000000000000000000e+00,0.000000000000000000e+00
4.270000000000000000e+02,3.805614792489819820e+01,7.761700000000000443e+01,5.000000000000000000e+01,-1.612733955084707294e+00,4.166541073328489375e+01,-1.996528853301986706e+00,0.000000000000000000e+00,0.000000000000000000e+00
4.280000000000000000e+02,3.812293183366704596e+01,7.761700000000000443e+01,5.000000000000000000e+01,-1.612733955084707294e+00,4.165569358324490423e+01,-1.920027794493150086e+00,0.000000000000000000e+00,0.000000000000000000e+00
4.290000000000000000e+02,3.818678444896162461e+01,7.761700000000000443e+01,5.000000000000000000e+01,-1.612733955084707294e+00,4.164597643320491471e+01,-1.846458029158582148e+00,0.000000000000000000e+00,0.000000000000000000e+00
4.300000000000000000e+02,3.824781808924609550e+01,7.761700000000000443e+01,5.000000000000000000e+01,-1.612733955084707294e+00,4.163625928316492519e+01,-1.775707238834119295e+00,0.000000000000000000e+00,0.000000000000000000e+00
4.310000000000000000e+02,3.830614076927451350e+01,7.761700000000000443e+01,5.000000000000000000e+01,-1.612733955084707294e+00,4.162654213312493567e+01,-1.707667408765718653e+00,0.000000000000000000e+00,0.000000000000000000e+00
4.320000000000000000e+02,3.836185636499617857e+01,7.761700000000000443e+01,5.000000000000000000e+01,-1.612733955084707294e+00,4.161682498308494615e+01,-1.642234663004062512e+00,0.000000000000000000e+00,0.000000000000000000e+00
4.330000000000000000e+02,3.841506477214240078e+01,7.761700000000000443e+01,5.000000000000000000e+01,-1.612733955084707294e+00,4.160710783304495664e+01,-1.579309105817846781e+00,0.000000000000000000e+00,0.000000000000000000e+00
4.340000000000000000e+02,3.846586205873661868e+01,7.761700000000000443e+01,5.000000000000000000e+01,-1.612733955084707294e+00,4.159739068300496712e+01,-1.518794669183643142e+00,0.000000000000000000e+00,0.000000000000000000e+00
4.350000000000000000e+02,3.851434061176077250e+01,7.761700000000000443e+01,5.000000000000000000e+01,-1.612733955084707294e+00,4.158767353296497760e+01,-1.460598966119495579e+00,0.000000000000000000e+00,0.000000000000000000e+00
4.360000000000000000e+02,3.856058927820194526e+01,7.761700000000000443e+01,5.000000000000000000e+01,-1.612733955084707294e+00,4.157795638292498808e+01,-1.404633149638338852e+00,0.000000000000000000e+00,0.000000000000000000e+00
4.370000000000000000e+02,3.860469350069438832e+01,7.761700000000000443e+01,5.000000000000000000e+01,-1.612733955084707294e+00,4.156823923288499856e+01,-1.350811777105902722e+00,0.000000000000000000e+00,0.000000000000000000e+00
4.380000000000000000e+02,3.864673544796428217e+01,7.761700000000000443e+01,5.000000000000000000e+01,-1.612733955084707294e+00,4.155852208284500904e+01,-1.299052679796019127e+00,0.000000000000000000e+00,0.000000000000000000e+00
4.390000000000000000e+02,3.868679414027612751e+01,7.761700000000000443e+01,5.000000000000000000e+01,-1.612733955084707294e+00,4.154880493280501952e+01,-1.249276837444182942e+00,0.000000000000000000e+00,0.000000000000000000e+00
4.400000000000000000e+02,3.872494557007247806e+01,7.768200000000000216e+01,5.000000000000000000e+01,-1.612733955084707294e+00,4.153908778276503000e+01,-1.201408257607846863e+00,0.000000000000000000e+00,0.000000000000000000e+00
4.410000000000000000e+02,3.840879674526624399e+01,7.761700000000000443e+01,5.000000000000000000e+01,-1.782632994113072744e+00,4.152834694592990417e+01,-1.336917206550587434e+00,0.000000000000000000e+00,0.000000000000000000e+00
4.420000000000000000e+02,3.880174867976923991e+01,7.764900000000000091e+01,5.000000000000000000e+01,-1.612733955084707294e+00,4.151862979588991465e+01,-1.104147161035965663e+00,0.000000000000000000e+00,0.000000000000000000e+00
4.430000000000000000e+02,3.866081741231434421e+01,7.768200000000000216e+01,5.000000000000000000e+01,-1.696376558914050259e+00,4.150840867696616243e+01,-1.151214705737762856e+00,0.000000000000000000e+00,0.000000000000000000e+00
4.440000000000000000e+02,3.851576310960001592e+01,7.768200000000000216e+01,5.000000000000000000e+01,-1.782632994113072744e+00,4.149766784013103660e+01,-1.199271736417945267e+00,0.000000000000000000e+00,0.000000000000000000e+00
4.450000000000000000e+02,3.855097480557390099e+01,7.777800000000000580e+01,5.000000000000000000e+01,-1.782632994113072744e+00,4.148692700329591077e+01,-1.153319203608940136e+00,0.000000000000000000e+00,0.000000000000000000e+00
4.460000000000000000e+02,3.806386046026439374e+01,7.781100000000000705e+01,5.000000000000000000e+01,-2.033560805601138721e+00,4.147467425980950395e+01,-1.377252993943965720e+00,0.000000000000000000e+00,0.000000000000000000e+00
4.470000000000000000e+02,3.792543564917940557e+01,7.777800000000000580e+01,5.000000000000000000e+01,-2.119817240800161429e+00,4.146190179841172352e+01,-1.416648908432156961e+00,0.000000000000000000e+00,0.000000000000000000e+00
4.480000000000000000e+02,3.814588928236624810e+01,7.793899999999999295e+01,5.000000000000000000e+01,-2.033560805601138721e+00,4.144964905492531670e+01,-1.270198966957926778e+00,0.000000000000000000e+00,0.000000000000000000e+00
4.490000000000000000e+02,3.730927544324568856e+01,7.793899999999999295e+01,5.000000000000000000e+01,-2.454387656117532845e+00,4.143486071799249970e+01,-1.671197618629275405e+00,0.000000000000000000e+00,0.000000000000000000e+00
4.500000000000000000e+02,3.735852243797988592e+01,7.790699999999999648e+01,5.000000000000000000e+01,-2.454387656117532845e+00,4.142007238105968270e+01,-1.607162286962266373e+00,0.000000000000000000e+00,0.000000000000000000e+00
4.510000000000000000e+02,3.757883754777829921e+01,7.790699999999999648e+01,5.000000000000000000e+01,-2.370745052288190102e+00,4.140578801301062128e+01,-1.456205412944127975e+00,0.000000000000000000e+00,0.000000000000000000e+00
4.520000000000000000e+02,3.762035064829531450e+01,7.793899999999999295e+01,5.000000000000000000e+01,-2.370745052288190102e+00,4.139150364496155987e+01,-1.400407944378050162e+00,0.000000000000000000e+00,0.000000000000000000e+00
4.530000000000000000e+02,3.748620399657607294e+01,7.793899999999999295e+01,5.000000000000000000e+01,-2.454387656117532845e+00,4.137671530802874287e+01,-1.436123655335135307e+00,0.000000000000000000e+00,0.000000000000000000e+00
4.540000000000000000e+02,3.752644365487200417e+01,7.793899999999999295e+01,5.000000000000000000e+01,-2.454387656117532845e+00,4.136192697109592586e+01,-1.381095660106389733e+00,0.000000000000000000e+00,0.000000000000000000e+00
4.550000000000000000e+02,3.756457480374560731e+01,7.793899999999999295e+01,5.000000000000000000e+01,-2.454387656117532845e+00,4.134713863416310886e+01,-1.328176174299966927e+00,0.000000000000000000e+00,0.000000000000000000e+00
4.560000000000000000e+02,3.760067823501868389e+01,7.793899999999999295e+01,5.000000000000000000e+01,-2.454387656117532845e+00,4.133235029723029186e+01,-1.277284406094076230e+00,0.000000000000000000e+00,0.000000000000000000e+00
4.570000000000000000e+02,3.763483164481024090e+01,7.793899999999999295e+01,5.000000000000000000e+01,-2.454387656117532845e+00,4.131756196029747485e+01,-1.228342659369701106e+00,0.000000000000000000e+00,0.000000000000000000e+00
4.580000000000000000e+02,3.766710975215466561e+01,7.793899999999999295e+01,5.000000000000000000e+01,-2.454387656117532845e+00,4.130277362336465785e+01,-1.181276215092458948e+00,0.000000000000000000e+00,0.000000000000000000e+00
4.590000000000000000e+02,3.769758441307475039e+01,7.793899999999999295e+01,5.000000000000000000e+01,-2.454387656117532845e+00,4.128798528643184085e+01,-1.136013217239555173e+00,0.000000000000000000e+00,0.000000000000000000e+00
4.600000000000000000e+02,3.772632473028381384e+01,7.793899999999999295e+01,5.000000000000000000e+01,-2.454387656117532845e+00,4.127319694949902384e+01,-1.092484563097678940e+00,0.000000000000000000e+00,0.000000000000000000e+00
4.610000000000000000e+02,3.775339715868431512e+01,7.793899999999999295e+01,5.000000000000000000e+01,-2.454387656117532845e+00,4.125840861256620684e+01,-1.050623797764356659e+00,0.000000000000000000e+00,0.000000000000000000e+00
4.620000000000000000e+02,3.777886560682415507e+01,7.793899999999999295e+01,5.000000000000000000e+01,-2.454387656117532845e+00,4.124362027563338984e+01,-1.010367012691700817e+00,0.000000000000000000e+00,0.000000000000000000e+00
4.630000000000000000e+02,3.780279153446537777e+01,7.793899999999999295e+01,5.000000000000000000e+01,-2.454387656117532845e+00,4.122883193870057283e+01,-9.716527481176615577e-01,0.000000000000000000e+00,0.000000000000000000e+00
4.640000000000000000e+02,3.782523404641440123e+01,7.793899999999999295e+01,5.000000000000000000e+01,-2.454387656117532845e+00,4.121404360176775583e+01,-9.344218992358228615e-01,0.000000000000000000e+00,0.000000000000000000e+00
4.650000000000000000e+02,3.784624998275691610e+01,7.793899999999999295e+01,5.000000000000000000e+01,-2.454387656117532845e+00,4.119925526483493883e+01,-8.986176259604934380e-01,0.000000000000000000e+00,0.000000000000000000e+00
4.660000000000000000e+02,3.786589400563525487e+01,7.797199999999999420e+01,5.000000000000000000e+01,-2.454387656117532845e+00,4.118446692790212182e+01,-8.641852661493313326e-01,0.000000000000000000e+00,0.000000000000000000e+00
4.670000000000000000e+02,3.770527436885582517e+01,7.793899999999999295e+01,5.000000000000000000e+01,-2.540644091316555553e+00,4.116915887305792410e+01,-9.232404128855409287e-01,0.000000000000000000e+00,0.000000000000000000e+00
4.680000000000000000e+02,3.790428645976804489e+01,7.793899999999999295e+01,5.000000000000000000e+01,-2.454387656117532845e+00,4.115437053612510709e+01,-7.956964202395302443e-01,0.000000000000000000e+00,0.000000000000000000e+00
4.690000000000000000e+02,3.791998684757268734e+01,7.793899999999999295e+01,5.000000000000000000e+01,-2.454387656117532845e+00,4.113958219919229009e+01,-7.652076955020681304e-01,0.000000000000000000e+00,0.000000000000000000e+00
4.700000000000000000e+02,3.793451899795352489e+01,7.803600000000000136e+01,5.000000000000000000e+01,-2.454387656117532845e+00,4.112479386225947309e+01,-7.358872081884176852e-01,0.000000000000000000e+00,0.000000000000000000e+00
4.710000000000000000e+02,3.742193984269582785e+01,7.797199999999999420e+01,5.000000000000000000e+01,-2.707929298975278787e+00,4.110847786964775707e+01,-9.786087279766502167e-01,0.000000000000000000e+00,0.000000000000000000e+00
4.720000000000000000e+02,3.779016474922465108e+01,7.793899999999999295e+01,5.000000000000000000e+01,-2.540644091316555553e+00,4.109316981480355935e+01,-7.623609742623485008e-01,0.000000000000000000e+00,0.000000000000000000e+00
4.730000000000000000e+02,3.798301241763184066e+01,7.797199999999999420e+01,5.000000000000000000e+01,-2.454387656117532845e+00,4.107838147787074234e+01,-6.409814041213723890e-01,0.000000000000000000e+00,0.000000000000000000e+00
4.740000000000000000e+02,3.781384027145735161e+01,7.806799999999999784e+01,5.000000000000000000e+01,-2.540644091316555553e+00,4.106307342302654462e+01,-7.085890602526354609e-01,0.000000000000000000e+00,0.000000000000000000e+00
4.750000000000000000e+02,3.730511796926106172e+01,7.810099999999999909e+01,5.000000000000000000e+01,-2.791571902804621530e+00,4.104625346153106591e+01,-9.495635894653862152e-01,0.000000000000000000e+00,0.000000000000000000e+00
4.760000000000000000e+02,3.714573815181631744e+01,7.806799999999999784e+01,5.000000000000000000e+01,-2.877828338003644237e+00,4.102891378212421358e+01,-1.005347292304254125e+00,0.000000000000000000e+00,0.000000000000000000e+00
4.770000000000000000e+02,3.734586471004460151e+01,7.806799999999999784e+01,5.000000000000000000e+01,-2.791571902804621530e+00,4.101209382062873487e+01,-8.746572077795147226e-01,0.000000000000000000e+00,0.000000000000000000e+00
4.780000000000000000e+02,3.736255901626393694e+01,7.810099999999999909e+01,5.000000000000000000e+01,-2.791571902804621530e+00,4.099527385913325617e+01,-8.411429400647006949e-01,0.000000000000000000e+00,0.000000000000000000e+00
4.790000000000000000e+02,3.719902484138920329e+01,7.819700000000000273e+01,5.000000000000000000e+01,-2.877828338003644237e+00,4.097793417972640384e+01,-9.010810003335534280e-01,0.000000000000000000e+00,0.000000000000000000e+00
4.800000000000000000e+02,3.669564663434700691e+01,7.803600000000000136e+01,5.000000000000000000e+01,-3.128756149491710215e+00,4.095908259366827053e+01,-1.134679809829555408e+00,0.000000000000000000e+00,0.000000000000000000e+00
4.810000000000000000e+02,3.759330395958170357e+01,7.813299999999999557e+01,5.000000000000000000e+01,-2.707929298975278787e+00,4.094276660105655452e+01,-6.415333424995697253e-01,0.000000000000000000e+00,0.000000000000000000e+00
4.820000000000000000e+02,3.707558178860871578e+01,7.822899999999999920e+01,5.000000000000000000e+01,-2.961470941832986981e+00,4.092492295276593950e+01,-8.878702223242407321e-01,0.000000000000000000e+00,0.000000000000000000e+00
4.830000000000000000e+02,3.657119341488665043e+01,7.822899999999999920e+01,5.000000000000000000e+01,-3.212398753321052958e+00,4.090556739782405060e+01,-1.121975229616347214e+00,0.000000000000000000e+00,0.000000000000000000e+00
4.840000000000000000e+02,3.659482862007376269e+01,7.826200000000000045e+01,5.000000000000000000e+01,-3.212398753321052958e+00,4.088621184288216170e+01,-1.078984469487344722e+00,0.000000000000000000e+00,0.000000000000000000e+00
4.850000000000000000e+02,3.643787223310919643e+01,7.822899999999999920e+01,5.000000000000000000e+01,-3.298655188520075665e+00,4.086633657002889208e+01,-1.129809148399622876e+00,0.000000000000000000e+00,0.000000000000000000e+00
4.860000000000000000e+02,3.664023220674203429e+01,7.822899999999999920e+01,5.000000000000000000e+01,-3.212398753321052958e+00,4.084698101508700319e+01,-9.943500550239161573e-01,0.000000000000000000e+00,0.000000000000000000e+00
4.870000000000000000e+02,3.665897719410392597e+01,7.822899999999999920e+01,5.000000000000000000e+01,-3.212398753321052958e+00,4.082762546014511429e+01,-9.562495127201338097e-01,0.000000000000000000e+00,0.000000000000000000e+00
4.880000000000000000e+02,3.667626228178913550e+01,7.819700000000000273e+01,5.000000000000000000e+01,-3.212398753321052958e+00,4.080826990520322539e+01,-9.196088700930376003e-01,0.000000000000000000e+00,0.000000000000000000e+00
4.890000000000000000e+02,3.686566516769934054e+01,7.826200000000000045e+01,5.000000000000000000e+01,-3.128756149491710215e+00,4.078941831914509208e+01,-7.949970019540471000e-01,0.000000000000000000e+00,0.000000000000000000e+00
4.900000000000000000e+02,3.652480943402142799e+01,7.826200000000000045e+01,5.000000000000000000e+01,-3.298655188520075665e+00,4.076954304629182246e+01,-9.460784237503225835e-01,0.000000000000000000e+00,0.000000000000000000e+00
4.910000000000000000e+02,3.654118507785959480e+01,7.826200000000000045e+01,5.000000000000000000e+01,-3.298655188520075665e+00,4.074966777343855284e+01,-9.098275070588884850e-01,0.000000000000000000e+00,0.000000000000000000e+00
4.920000000000000000e+02,3.655617169418378154e+01,7.826200000000000045e+01,5.000000000000000000e+01,-3.298655188520075665e+00,4.072979250058528322e+01,-8.749656178814314567e-01,0.000000000000000000e+00,0.000000000000000000e+00
4.930000000000000000e+02,3.656982250640488985e+01,7.826200000000000045e+01,5.000000000000000000e+01,-3.298655188520075665e+00,4.070991722773201360e+01,-8.414395328070510827e-01,0.000000000000000000e+00,0.000000000000000000e+00
4.940000000000000000e+02,3.658218869857071809e+01,7.826200000000000045e+01,5.000000000000000000e+01,-3.298655188520075665e+00,4.069004195487874398e+01,-8.091980677879548889e-01,0.000000000000000000e+00,0.000000000000000000e+00
4.950000000000000000e+02,3.659331949350828239e+01,7.826200000000000045e+01,5.000000000000000000e+01,-3.298655188520075665e+00,4.067016668202547436e+01,-7.781919999971179669e-01,0.000000000000000000e+00,0.000000000000000000e+00
4.960000000000000000e+02,3.660326222797201012e+01,7.826200000000000045e+01,5.000000000000000000e+01,-3.298655188520075665e+00,4.065029140917220474e+01,-7.483739926801252773e-01,0.000000000000000000e+00,0.000000000000000000e+00
4.970000000000000000e+02,3.661206242491239493e+01,7.826200000000000045e+01,5.000000000000000000e+01,-3.298655188520075665e+00,4.063041613631893512e+01,-7.196985228864680728e-01,0.000000000000000000e+00,0.000000000000000000e+00
4.980000000000000000e+02,3.661976386297563124e+01,7.826200000000000045e+01,5.000000000000000000e+01,-3.298655188520075665e+00,4.061054086346566550e+01,-6.921218119699629190e-01,0.000000000000000000e+00,0.000000000000000000e+00
4.990000000000000000e+02,3.662640864334013457e+01,7.826200000000000045e+01,5.000000000000000000e+01,-3.298655188520075665e+00,4.059066559061239587e+01,-6.656017587521875223e-01,0.000000000000000000e+00,0.000000000000000000e+00
5.000000000000000000e+02,3.663203725399215926e+01,7.826200000000000045e+01,5.000000000000000000e+01,-3.298655188520075665e+00,4.057079031775912625e+01,-6.400978752468965416e-01,0.000000000000000000e+00,0.000000000000000000e+00
5.010000000000000000e+02,3.663668863153849742e+01,7.826200000000000045e+01,5.000000000000000000e+01,-3.298655188520075665e+00,4.055091504490585663e+01,-6.155712248472854364e-01,0.000000000000000000e+00,0.000000000000000000e+00
5.020000000000000000e+02,3.664040022065077551e+01,7.826200000000000045e+01,5.000000000000000000e+01,-3.298655188520075665e+00,4.053103977205258701e+01,-5.919843628817365033e-01,0.000000000000000000e+00,0.000000000000000000e+00
5.030000000000000000e+02,3.664320803123195702e+01,7.826200000000000045e+01,5.000000000000000000e+01,-3.298655188520075665e+00,4.051116449919931739e+01,-5.693012794472906979e-01,0.000000000000000000e+00,0.000000000000000000e+00
5.040000000000000000e+02,3.664514669339240527e+01,7.826200000000000045e+01,5.000000000000000000e+01,-3.298655188520075665e+00,4.049128922634604777e+01,-5.474873444335723871e-01,0.000000000000000000e+00,0.000000000000000000e+00
5.050000000000000000e+02,3.664624951031947120e+01,7.826200000000000045e+01,5.000000000000000000e+01,-3.298655188520075665e+00,4.047141395349277815e+01,-5.265092546532332829e-01,0.000000000000000000e+00,0.000000000000000000e+00
5.060000000000000000e+02,3.664654850912123152e+01,7.826200000000000045e+01,5.000000000000000000e+01,-3.298655188520075665e+00,4.045153868063950853e+01,-5.063349829982013439e-01,0.000000000000000000e+00,0.000000000000000000e+00
5.070000000000000000e+02,3.664607448972205361e+01,7.826200000000000045e+01,5.000000000000000000e+01,-3.298655188520075665e+00,4.043166340778623891e+01,-4.869337295441107383e-01,0.000000000000000000e+00,0.000000000000000000e+00
5.080000000000000000e+02,3.664485707188462982e+01,7.826200000000000045e+01,5.000000000000000000e+01,-3.298655188520075665e+00,4.041178813493296929e+01,-4.682758745282655233e-01,0.000000000000000000e+00,0.000000000000000000e+00
5.090000000000000000e+02,3.664292474043028136e+01,7.826200000000000045e+01,5.000000000000000000e+01,-3.298655188520075665e+00,4.039191286207969966e+01,-4.503329331293476345e-01,0.000000000000000000e+00,0.000000000000000000e+00
5.100000000000000000e+02,3.664030488872652569e+01,7.826200000000000045e+01,5.000000000000000000e+01,-3.298655188520075665e+00,4.037203758922643004e+01,-4.330775119798325745e-01,0.000000000000000000e+00,0.000000000000000000e+00
5.110000000000000000e+02,3.663702386050836424e+01,7.826200000000000045e+01,5.000000000000000000e+01,-3.298655188520075665e+00,4.035216231637316042e+01,-4.164832673447200762e-01,0.000000000000000000e+00,0.000000000000000000e+00
5.120000000000000000e+02,3.663310699009708316e+01,7.826200000000000045e+01,5.000000000000000000e+01,-3.298655188520075665e+00,4.033228704351989080e+01,-4.005248649027315921e-01,0.000000000000000000e+00,0.000000000000000000e+00
5.130000000000000000e+02,3.662857864107797212e+01,7.826200000000000045e+01,5.000000000000000000e+01,-3.298655188520075665e+00,4.031241177066662118e+01,-3.851779410685731708e-01,0.000000000000000000e+00,0.000000000000000000e+00
5.140000000000000000e+02,3.662346224349606416e+01,7.826200000000000045e+01,5.000000000000000000e+01,-3.298655188520075665e+00,4.029253649781335156e+01,-3.704190657972141199e-01,0.000000000000000000e+00,0.000000000000000000e+00
5.150000000000000000e+02,3.661778032962661200e+01,7.826200000000000045e+01,5.000000000000000000e+01,-3.298655188520075665e+00,4.027266122496008194e+01,-3.562257068133954374e-01,0.000000000000000000e+00,0.000000000000000000e+00
5.160000000000000000e+02,3.661155456837498434e+01,7.826200000000000045e+01,5.000000000000000000e+01,-3.298655188520075665e+00,4.025278595210681232e+01,-3.425761952117571951e-01,0.000000000000000000e+00,0.000000000000000000e+00
5.170000000000000000e+02,3.660480579835840587e+01,7.826200000000000045e+01,5.000000000000000000e+01,-3.298655188520075665e+00,4.023291067925354270e+01,-3.294496923750671047e-01,0.000000000000000000e+00,0.000000000000000000e+00
5.180000000000000000e+02,3.659755405972015296e+01,7.826200000000000045e+01,5.000000000000000000e+01,-3.298655188520075665e+00,4.021303540640027308e+01,-3.168261581600441690e-01,0.000000000000000000e+00,0.000000000000000000e+00
5.190000000000000000e+02,3.658981862472472102e+01,7.826200000000000045e+01,5.000000000000000000e+01,-3.298655188520075665e+00,4.019316013354700345e+01,-3.046863203022072142e-01,0.000000000000000000e+00,0.000000000000000000e+00
5.200000000000000000e+02,3.658161802718062461e+01,7.826200000000000045e+01,5.000000000000000000e+01,-3.298655188520075665e+00,4.017328486069373383e+01,-2.930116449930387224e-01,0.000000000000000000e+00,0.000000000000000000e+00
5.210000000000000000e+02,3.657297009073585059e+01,7.826200000000000045e+01,5.000000000000000000e+01,-3.298655188520075665e+00,4.015340958784046421e+01,-2.817843085845446183e-01,0.000000000000000000e+00,0.000000000000000000e+00
5.220000000000000000e+02,3.656389195608910825e+01,7.826200000000000045e+01,5.000000000000000000e+01,-3.298655188520075665e+00,4.013353431498719459e+01,-2.709871703780110108e-01,0.000000000000000000e+00,0.000000000000000000e+00
5.230000000000000000e+02,3.655440010715843613e+01,7.826200000000000045e+01,5.000000000000000000e+01,-3.298655188520075665e+00,4.011365904213392497e+01,-2.606037464554152860e-01,0.000000000000000000e+00,0.000000000000000000e+00
5.240000000000000000e+02,3.654451039624704123e+01,7.826200000000000045e+01,5.000000000000000000e+01,-3.298655188520075665e+00,4.009378376928065535e+01,-2.506181845135396768e-01,0.000000000000000000e+00,0.000000000000000000e+00
5.250000000000000000e+02,3.653423806824494591e+01,7.826200000000000045e+01,5.000000000000000000e+01,-3.298655188520075665e+00,4.007390849642738573e+01,-2.410152396623669313e-01,0.000000000000000000e+00,0.000000000000000000e+00
5.260000000000000000e+02,3.652359778390323441e+01,7.826200000000000045e+01,5.000000000000000000e+01,-3.298655188520075665e+00,4.005403322357411611e+01,-2.317802511508096075e-01,0.000000000000000000e+00,0.000000000000000000e+00
5.270000000000000000e+02,3.651260364221653276e+01,7.826200000000000045e+01,5.000000000000000000e+01,-3.298655188520075665e+00,4.003415795072084649e+01,-2.228991199842403903e-01,0.000000000000000000e+00,0.000000000000000000e+00
5.280000000000000000e+02,3.650126920194784930e+01,7.826200000000000045e+01,5.000000000000000000e+01,-3.298655188520075665e+00,4.001428267786757687e+01,-2.143582873996520977e-01,0.000000000000000000e+00,0.000000000000000000e+00
5.290000000000000000e+02,3.648960750232864569e+01,7.826200000000000045e+01,5.000000000000000000e+01,-3.298655188520075665e+00,3.999440740501430724e+01,-2.061447141655858017e-01,0.000000000000000000e+00,0.000000000000000000e+00
5.300000000000000000e+02,3.647763108296574330e+01,7.826200000000000045e+01,5.000000000000000000e+01,-3.298655188520075665e+00,3.997453213216103762e+01,-1.982458606752240671e-01,0.000000000000000000e+00,0.000000000000000000e+00
5.310000000000000000e+02,3.646535200298544055e+01,7.826200000000000045e+01,5.000000000000000000e+01,-3.298655188520075665e+00,3.995465685930776800e+01,-1.906496678022579494e-01,0.000000000000000000e+00,0.000000000000000000e+00
5.320000000000000000e+02,3.645278185944412286e+01,7.826200000000000045e+01,5.000000000000000000e+01,-3.298655188520075665e+00,3.993478158645449838e+01,-1.833445384903002184e-01,0.000000000000000000e+00,0.000000000000000000e+00
5.330000000000000000e+02,3.643993180503341733e+01,7.826200000000000045e+01,5.000000000000000000e+01,-3.298655188520075665e+00,3.991490631360122876e+01,-1.763193200477376210e-01,0.000000000000000000e+00,0.000000000000000000e+00
5.340000000000000000e+02,3.642681256510689281e+01,7.826200000000000045e+01,5.000000000000000000e+01,-3.298655188520075665e+00,3.989503104074795914e+01,-1.695632871209919179e-01,0.000000000000000000e+00,0.000000000000000000e+00
5.350000000000000000e+02,3.641343445405442480e+01,7.826200000000000045e+01,5.000000000000000000e+01,-3.298655188520075665e+00,3.987515576789468952e+01,-1.630661253201949601e-01,0.000000000000000000e+00,0.000000000000000000e+00
5.360000000000000000e+02,3.639980739104906604e+01,7.826200000000000045e+01,5.000000000000000000e+01,-3.298655188520075665e+00,3.985528049504141990e+01,-1.568179154722792457e-01,0.000000000000000000e+00,0.000000000000000000e+00
5.370000000000000000e+02,3.638594091519063767e+01,7.826200000000000045e+01,5.000000000000000000e+01,-3.298655188520075665e+00,3.983540522218815028e+01,-1.508091184774434101e-01,0.000000000000000000e+00,0.000000000000000000e+00
5.380000000000000000e+02,3.637184420006893504e+01,7.826200000000000045e+01,5.000000000000000000e+01,-3.298655188520075665e+00,3.981552994933488065e+01,-1.450305607458729495e-01,0.000000000000000000e+00,0.000000000000000000e+00
5.390000000000000000e+02,3.635752606776905793e+01,7.826200000000000045e+01,5.000000000000000000e+01,-3.298655188520075665e+00,3.979565467648161103e+01,-1.394734201924825168e-01,0.000000000000000000e+00,0.000000000000000000e+00
5.400000000000000000e+02,3.634299500233996838e+01,7.826200000000000045e+01,5.000000000000000000e+01,-3.298655188520075665e+00,3.977577940362834141e+01,-1.341292127682982005e-01,0.000000000000000000e+00,0.000000000000000000e+00
5.410000000000000000e+02,3.632825916274708078e+01,7.826200000000000045e+01,5.000000000000000000e+01,-3.298655188520075665e+00,3.975590413077507179e+01,-1.289897795079172071e-01,0.000000000000000000e+00,0.000000000000000000e+00
5.420000000000000000e+02,3.631332639532845974e+01,7.826200000000000045e+01,5.000000000000000000e+01,-3.298655188520075665e+00,3.973602885792180217e+01,-1.240472740732704998e-01,0.000000000000000000e+00,0.000000000000000000e+00
5.430000000000000000e+02,3.629820424577378901e+01,7.826200000000000045e+01,5.000000000000000000e+01,-3.298655188520075665e+00,3.971615358506853255e+01,-1.192941507746713425e-01,0.000000000000000000e+00,0.000000000000000000e+00
5.440000000000000000e+02,3.628289997064432981e+01,7.826200000000000045e+01,5.000000000000000000e+01,-3.298655188520075665e+00,3.969627831221526293e+01,-1.147231530508618508e-01,0.000000000000000000e+00,0.000000000000000000e+00
5.450000000000000000e+02,3.626742054845144736e+01,7.826200000000000045e+01,5.000000000000000000e+01,-3.298655188520075665e+00,3.967640303936199331e+01,-1.103273023904698946e-01,0.000000000000000000e+00,0.000000000000000000e+00
5.460000000000000000e+02,3.625177269031068761e+01,7.826200000000000045e+01,5.000000000000000000e+01,-3.298655188520075665e+00,3.965652776650872369e+01,-1.060998876779628564e-01,0.000000000000000000e+00,0.000000000000000000e+00
5.470000000000000000e+02,3.623596285018754770e+01,7.826200000000000045e+01,5.000000000000000000e+01,-3.298655188520075665e+00,3.963665249365545407e+01,-1.020344549478328644e-01,0.000000000000000000e+00,0.000000000000000000e+00
5.480000000000000000e+02,3.621999723475074262e+01,7.826200000000000045e+01,5.000000000000000000e+01,-3.298655188520075665e+00,3.961677722080218444e+01,-9.812479753137123839e-02,0.000000000000000000e+00,0.000000000000000000e+00
5.490000000000000000e+02,3.620388181284785389e+01,7.826200000000000045e+01,5.000000000000000000e+01,-3.298655188520075665e+00,3.959690194794891482e+01,-9.436494658098920629e-02,0.000000000000000000e+00,0.000000000000000000e+00
5.500000000000000000e+02,3.618762232461795492e+01,7.826200000000000045e+01,5.000000000000000000e+01,-3.298655188520075665e+00,3.957702667509564520e+01,-9.074916195761864590e-02,0.000000000000000000e+00,0.000000000000000000e+00
5.510000000000000000e+02,3.617122429025502583e+01,7.826200000000000045e+01,5.000000000000000000e+01,-3.298655188520075665e+00,3.955715140224237558e+01,-8.727192346728046557e-02,0.000000000000000000e+00,0.000000000000000000e+00
5.520000000000000000e+02,3.615469301843559435e+01,7.826200000000000045e+01,5.000000000000000000e+01,-3.298655188520075665e+00,3.953727612938910596e+01,-8.392792243344172898e-02,0.000000000000000000e+00,0.000000000000000000e+00
5.530000000000000000e+02,3.613803361442347040e+01,7.826200000000000045e+01,5.000000000000000000e+01,-3.298655188520075665e+00,3.951740085653583634e+01,-8.071205359229503828e-02,0.000000000000000000e+00,0.000000000000000000e+00
5.540000000000000000e+02,3.612125098786390964e+01,7.826200000000000045e+01,5.000000000000000000e+01,-3.298655188520075665e+00,3.949752558368256672e+01,-7.761940729858671228e-02,0.000000000000000000e+00,0.000000000000000000e+00
5.550000000000000000e+02,3.610434986027912885e+01,7.826200000000000045e+01,5.000000000000000000e+01,-3.298655188520075665e+00,3.947765031082929710e+01,-7.464526203009452798e-02,0.000000000000000000e+00,0.000000000000000000e+00
5.560000000000000000e+02,3.608733477227664110e+01,7.826200000000000045e+01,5.000000000000000000e+01,-3.298655188520075665e+00,3.945777503797602748e+01,-7.178507717931163767e-02,0.000000000000000000e+00,0.000000000000000000e+00
5.570000000000000000e+02,3.607021009048135340e+01,7.826200000000000045e+01,5.000000000000000000e+01,-3.298655188520075665e+00,3.943789976512275786e+01,-6.903448612133170070e-02,0.000000000000000000e+00,0.000000000000000000e+00
5.580000000000000000e+02,3.605298001420206333e+01,7.826200000000000045e+01,5.000000000000000000e+01,-3.298655188520075665e+00,3.941802449226948823e+01,-6.638928954735211219e-02,0.000000000000000000e+00,0.000000000000000000e+00
5.590000000000000000e+02,3.603564858184252984e+01,7.826200000000000045e+01,5.000000000000000000e+01,-3.298655188520075665e+00,3.939814921941621861e+01,-6.384544905361763667e-02,0.000000000000000000e+00,0.000000000000000000e+00
5.600000000000000000e+02,3.601821967706685967e+01,7.826200000000000045e+01,5.000000000000000000e+01,-3.298655188520075665e+00,3.937827394656294899e+01,-6.139908097601660258e-02,0.000000000000000000e+00,0.000000000000000000e+00
5.610000000000000000e+02,3.600069703472868810e+01,7.826200000000000045e+01,5.000000000000000000e+01,-3.298655188520075665e+00,3.935839867370967937e+01,-5.904645046091715199e-02,0.000000000000000000e+00,0.000000000000000000e+00
5.620000000000000000e+02,3.598308424657314930e+01,7.826200000000000045e+01,5.000000000000000000e+01,-3.298655188520075665e+00,3.933852340085640975e+01,-5.678396576319140465e-02,0.000000000000000000e+00,0.000000000000000000e+00
5.630000000000000000e+02,3.596538476672034790e+01,7.826200000000000045e+01,5.000000000000000000e+01,-3.298655188520075665e+00,3.931864812800314013e+01,-5.460817276272240256e-02,0.000000000000000000e+00,0.000000000000000000e+00
5.640000000000000000e+02,3.594760191693877260e+01,7.826200000000000045e+01,5.000000000000000000e+01,-3.298655188520075665e+00,3.929877285514987051e+01,-5.251574969102224683e-02,0.000000000000000000e+00,0.000000000000000000e+00
5.650000000000000000e+02,3.592973889171661739e+01,7.826200000000000045e+01,5.000000000000000000e+01,-3.298655188520075665e+00,3.927889758229660089e+01,-5.050350205991056829e-02,0.000000000000000000e+00,0.000000000000000000e+00
5.660000000000000000e+02,3.591179876313874786e+01,7.826200000000000045e+01,5.000000000000000000e+01,-3.298655188520075665e+00,3.925902230944333127e+01,-4.856835778451099039e-02,0.000000000000000000e+00,0.000000000000000000e+00
5.670000000000000000e+02,3.589378448557686596e+01,7.826200000000000045e+01,5.000000000000000000e+01,-3.298655188520075665e+00,3.923914703659006165e+01,-4.670736249311988053e-02,0.000000000000000000e+00,0.000000000000000000e+00
5.680000000000000000e+02,3.587569890019993579e+01,7.826200000000000045e+01,5.000000000000000000e+01,-3.298655188520075665e+00,3.921927176373679202e+01,-4.491767501678699953e-02,0.000000000000000000e+00,0.000000000000000000e+00
5.690000000000000000e+02,3.585754473931172726e+01,7.826200000000000045e+01,5.000000000000000000e+01,-3.298655188520075665e+00,3.919939649088352240e+01,-4.319656305172205751e-02,0.000000000000000000e+00,0.000000000000000000e+00
5.700000000000000000e+02,3.583932463052227746e+01,7.826200000000000045e+01,5.000000000000000000e+01,-3.298655188520075665e+00,3.917952121803025278e+01,-4.154139898790495944e-02,0.000000000000000000e+00,0.000000000000000000e+00
5.710000000000000000e+02,3.582104110075938053e+01,7.826200000000000045e+01,5.000000000000000000e+01,-3.298655188520075665e+00,3.915964594517698316e+01,-3.994965589753131374e-02,0.000000000000000000e+00,0.000000000000000000e+00
5.720000000000000000e+02,3.580269658012647227e+01,7.826200000000000045e+01,5.000000000000000000e+01,-3.298655188520075665e+00,3.913977067232371354e+01,-3.841890367716880444e-02,0.000000000000000000e+00,0.000000000000000000e+00
5.730000000000000000e+02,3.578429340561263672e+01,7.826200000000000045e+01,5.000000000000000000e+01,-3.298655188520075665e+00,3.911989539947044392e+01,-3.694680533773470749e-02,0.000000000000000000e+00,0.000000000000000000e+00
5.740000000000000000e+02,3.576583382466046857e+01,7.826200000000000045e+01,5.000000000000000000e+01,-3.298655188520075665e+00,3.910002012661717430e+01,-3.553111343663040850e-02,0.000000000000000000e+00,0.000000000000000000e+00
5.750000000000000000e+02,3.574731999859724851e+01,7.826200000000000045e+01,5.000000000000000000e+01,-3.298655188520075665e+00,3.908014485376390468e+01,-3.416966664658596664e-02,0.000000000000000000e+00,0.000000000000000000e+00
5.760000000000000000e+02,3.572875400593458295e+01,7.826200000000000045e+01,5.000000000000000000e+01,-3.298655188520075665e+00,3.906026958091063506e+01,-3.286038645597635227e-02,0.000000000000000000e+00,0.000000000000000000e+00
5.770000000000000000e+02,3.571013784554172332e+01,7.826200000000000045e+01,5.000000000000000000e+01,-3.298655188520075665e+00,3.904039430805736544e+01,-3.160127399557179778e-02,0.000000000000000000e+00,0.000000000000000000e+00
5.780000000000000000e+02,3.569147343969714825e+01,7.826200000000000045e+01,5.000000000000000000e+01,-3.298655188520075665e+00,3.902051903520409581e+01,-3.039040698687761957e-02,0.000000000000000000e+00,0.000000000000000000e+00
5.790000000000000000e+02,3.567276263702334660e+01,7.826200000000000045e+01,5.000000000000000000e+01,-3.298655188520075665e+00,3.900064376235082619e+01,-2.922593680740461289e-02,0.000000000000000000e+00,0.000000000000000000e+00
5.800000000000000000e+02,3.565400721530909323e+01,7.826200000000000045e+01,5.000000000000000000e+01,-3.298655188520075665e+00,3.898076848949755657e+01,-2.810608566838958267e-02,0.000000000000000000e+00,0.000000000000000000e+00
5.810000000000000000e+02,3.563520888422355881e+01,7.826200000000000045e+01,5.000000000000000000e+01,-3.298655188520075665e+00,3.896089321664428695e+01,-2.702914390065723829e-02,0.000000000000000000e+00,0.000000000000000000e+00
5.820000000000000000e+02,3.561636928792646728e+01,7.826200000000000045e+01,5.000000000000000000e+01,-3.298655188520075665e+00,3.894101794379101733e+01,-2.599346734447980159e-02,0.000000000000000000e+00,0.000000000000000000e+00
5.830000000000000000e+02,3.559749000757822301e+01,7.826200000000000045e+01,5.000000000000000000e+01,-3.298655188520075665e+00,3.892114267093774771e+01,-2.499747483944944962e-02,0.000000000000000000e+00,0.000000000000000000e+00
5.840000000000000000e+02,3.557857256375387323e+01,7.826200000000000045e+01,5.000000000000000000e+01,-3.298655188520075665e+00,3.890126739808447809e+01,-2.403964581053138691e-02,0.000000000000000000e+00,0.000000000000000000e+00
5.850000000000000000e+02,3.555961841876452212e+01,7.826200000000000045e+01,5.000000000000000000e+01,-3.298655188520075665e+00,3.888139212523120847e+01,-2.311851794661221038e-02,0.000000000000000000e+00,0.000000000000000000e+00
5.860000000000000000e+02,3.554062897888987038e+01,7.826200000000000045e+01,5.000000000000000000e+01,-3.298655188520075665e+00,3.886151685237793885e+01,-2.223268496799939500e-02,0.000000000000000000e+00,0.000000000000000000e+00
5.870000000000000000e+02,3.552160559652513427e+01,7.826200000000000045e+01,5.000000000000000000e+01,-3.298655188520075665e+00,3.884164157952466923e+01,-2.138079447946359193e-02,0.000000000000000000e+00,0.000000000000000000e+00
5.880000000000000000e+02,3.550254957224578334e+01,7.826200000000000045e+01,5.000000000000000000e+01,-3.298655188520075665e+00,3.882176630667139960e+01,-2.056154590554594083e-02,0.000000000000000000e+00,0.000000000000000000e+00
5.890000000000000000e+02,3.548346215679308102e+01,7.826200000000000045e+01,5.000000000000000000e+01,-3.298655188520075665e+00,3.880189103381812998e+01,-1.977368850497831718e-02,0.000000000000000000e+00,0.000000000000000000e+00
5.900000000000000000e+02,3.546434455298360433e+01,7.826200000000000045e+01,5.000000000000000000e+01,-3.298655188520075665e+00,3.878201576096486036e+01,-1.901601946118506095e-02,0.000000000000000000e+00,0.000000000000000000e+00
5.910000000000000000e+02,3.544519791754557048e+01,7.826200000000000045e+01,5.000000000000000000e+01,-3.298655188520075665e+00,3.876214048811159074e+01,-1.828738204595104291e-02,0.000000000000000000e+00,0.000000000000000000e+00
5.920000000000000000e+02,3.542602336288479847e+01,7.826200000000000045e+01,5.000000000000000000e+01,-3.298655188520075665e+00,3.874226521525832112e+01,-1.758666385345249508e-02,0.000000000000000000e+00,0.000000000000000000e+00
5.930000000000000000e+02,3.540682195878302707e+01,7.826200000000000045e+01,5.000000000000000000e+01,-3.298655188520075665e+00,3.872238994240505150e+01,-1.691279510195456068e-02,0.000000000000000000e+00,0.000000000000000000e+00
5.940000000000000000e+02,3.538759473403112565e+01,7.829399999999999693e+01,5.000000000000000000e+01,-3.298655188520075665e+00,3.870251466955178188e+01,-1.626474700058273132e-02,0.000000000000000000e+00,0.000000000000000000e+00
5.950000000000000000e+02,3.519482091911986998e+01,7.826200000000000045e+01,5.000000000000000000e+01,-3.382297792349418408e+00,3.868213542781475667e+01,-1.050167163454692187e-01,0.000000000000000000e+00,0.000000000000000000e+00
5.960000000000000000e+02,3.535198736508288420e+01,7.826200000000000045e+01,5.000000000000000000e+01,-3.298655188520075665e+00,3.866226015496148705e+01,-1.161760135852837883e-02,0.000000000000000000e+00,0.000000000000000000e+00
5.970000000000000000e+02,3.533255724422593147e+01,7.826200000000000045e+01,5.000000000000000000e+01,-3.298655188520075665e+00,3.864238488210821743e+01,-1.117244936221411904e-02,0.000000000000000000e+00,0.000000000000000000e+00
5.980000000000000000e+02,3.531311006646594564e+01,7.826200000000000045e+01,5.000000000000000000e+01,-3.298655188520075665e+00,3.862250960925494780e+01,-1.074435426893063060e-02,0.000000000000000000e+00,0.000000000000000000e+00
5.990000000000000000e+02,3.529364648537281823e+01,7.826200000000000045e+01,5.000000000000000000e+01,-3.298655188520075665e+00,3.860263433640167818e+01,-1.033266250878850379e-02,0.000000000000000000e+00,0.000000000000000000e+00
6.000000000000000000e+02,3.527416712947358235e+01,7.826200000000000045e+01,5.000000000000000000e+01,-3.298655188520075665e+00,3.858275906354840856e+01,-9.936745554756321042e-03,0.000000000000000000e+00,0.000000000000000000e+00
6.010000000000000000e+02,3.525467260321197216e+01,7.826200000000000045e+01,5.000000000000000000e+01,-3.298655188520075665e+00,3.856288379069513894e+01,-9.555998963092674631e-03,0.000000000000000000e+00,0.000000000000000000e+00
6.020000000000000000e+02,3.523516348787124741e+01,7.826200000000000045e+01,5.000000000000000000e+01,-3.298655188520075665e+00,3.854300851784186932e+01,-9.189841450545993551e-03,0.000000000000000000e+00,0.000000000000000000e+00
6.030000000000000000e+02,3.521564034246161157e+01,7.826200000000000045e+01,5.000000000000000000e+01,-3.298655188520075665e+00,3.852313324498859970e+01,-8.837714006913318862e-03,0.000000000000000000e+00,0.000000000000000000e+00
6.040000000000000000e+02,3.519610370457365178e+01,7.826200000000000045e+01,5.000000000000000000e+01,-3.298655188520075665e+00,3.850325797213533008e+01,-8.499079041603206652e-03,0.000000000000000000e+00,0.000000000000000000e+00
6.050000000000000000e+02,3.517655409119908683e+01,7.826200000000000045e+01,5.000000000000000000e+01,-3.298655188520075665e+00,3.848338269928206046e+01,-8.173419562899799165e-03,0.000000000000000000e+00,0.000000000000000000e+00
6.060000000000000000e+02,3.515699199952004506e+01,7.826200000000000045e+01,5.000000000000000000e+01,-3.298655188520075665e+00,3.846350742642879084e+01,-7.860238388675057711e-03,0.000000000000000000e+00,0.000000000000000000e+00
6.070000000000000000e+02,3.513741790766810169e+01,7.826200000000000045e+01,5.000000000000000000e+01,-3.298655188520075665e+00,3.844363215357552122e+01,-7.559057387344168127e-03,0.000000000000000000e+00,0.000000000000000000e+00
6.080000000000000000e+02,3.511783227545427621e+01,7.826200000000000045e+01,5.000000000000000000e+01,-3.298655188520075665e+00,3.842375688072225159e+01,-7.269416747905274936e-03,0.000000000000000000e+00,0.000000000000000000e+00
6.090000000000000000e+02,3.509823554507096333e+01,7.826200000000000045e+01,5.000000000000000000e+01,-3.298655188520075665e+00,3.840388160786898197e+01,-6.990874277949130945e-03,0.000000000000000000e+00,0.000000000000000000e+00
6.100000000000000000e+02,3.507862814176706934e+01,7.826200000000000045e+01,5.000000000000000000e+01,-3.298655188520075665e+00,3.838400633501571235e+01,-6.723004728566928448e-03,0.000000000000000000e+00,0.000000000000000000e+00
6.110000000000000000e+02,3.505901047449724217e+01,7.826200000000000045e+01,5.000000000000000000e+01,-3.298655188520075665e+00,3.836413106216244273e+01,-6.465399145125659899e-03,0.000000000000000000e+00,0.000000000000000000e+00
6.120000000000000000e+02,3.503938293654618263e+01,7.826200000000000045e+01,5.000000000000000000e+01,-3.298655188520075665e+00,3.834425578930917311e+01,-6.217664242919842578e-03,0.000000000000000000e+00,0.000000000000000000e+00
6.130000000000000000e+02,3.501974590612908145e+01,7.826200000000000045e+01,5.000000000000000000e+01,-3.298655188520075665e+00,3.832438051645590349e+01,-5.979421806746412250e-03,0.000000000000000000e+00,0.000000000000000000e+00
6.140000000000000000e+02,3.500009974696907733e+01,7.826200000000000045e+01,5.000000000000000000e+01,-3.298655188520075665e+00,3.830450524360263387e+01,-5.750308113486123258e-03,0.000000000000000000e+00,0.000000000000000000e+00
6.150000000000000000e+02,3.498044480885248220e+01,7.826200000000000045e+01,5.000000000000000000e+01,-3.298655188520075665e+00,3.828462997074936425e+01,-5.529973376809921466e-03,0.000000000000000000e+00,0.000000000000000000e+00
6.160000000000000000e+02,3.496078142816286061e+01,7.826200000000000045e+01,5.000000000000000000e+01,-3.298655188520075665e+00,3.826475469789609463e+01,-5.318081213162513358e-03,0.000000000000000000e+00,0.000000000000000000e+00
6.170000000000000000e+02,3.494110992839454610e+01,7.826200000000000045e+01,5.000000000000000000e+01,-3.298655188520075665e+00,3.824487942504282501e+01,-5.114308128207864165e-03,0.000000000000000000e+00,0.000000000000000000e+00
6.180000000000000000e+02,3.492143062064653236e+01,7.826200000000000045e+01,5.000000000000000000e+01,-3.298655188520075665e+00,3.822500415218955538e+01,-4.918343022952577706e-03,0.000000000000000000e+00,0.000000000000000000e+00
6.190000000000000000e+02,3.490174380409742128e+01,7.826200000000000045e+01,5.000000000000000000e+01,-3.298655188520075665e+00,3.820512887933628576e+01,-4.729886718793162997e-03,0.000000000000000000e+00,0.000000000000000000e+00
6.200000000000000000e+02,3.488204976646218114e+01,7.826200000000000045e+01,5.000000000000000000e+01,-3.298655188520075665e+00,3.818525360648301614e+01,-4.548651500762081017e-03,0.000000000000000000e+00,0.000000000000000000e+00
6.210000000000000000e+02,3.486234878443139706e+01,7.826200000000000045e+01,5.000000000000000000e+01,-3.298655188520075665e+00,3.816537833362974652e+01,-4.374360678275244878e-03,0.000000000000000000e+00,0.000000000000000000e+00
6.220000000000000000e+02,3.484264112409369574e+01,7.826200000000000045e+01,5.000000000000000000e+01,-3.298655188520075665e+00,3.814550306077647690e+01,-4.206748162710371823e-03,0.000000000000000000e+00,0.000000000000000000e+00
6.230000000000000000e+02,3.482292704134196271e+01,7.826200000000000045e+01,5.000000000000000000e+01,-3.298655188520075665e+00,3.812562778792320728e+01,-4.045558061171281028e-03,0.000000000000000000e+00,0.000000000000000000e+00
6.240000000000000000e+02,3.480320678226404851e+01,7.826200000000000045e+01,5.000000000000000000e+01,-3.298655188520075665e+00,3.810575251506993766e+01,-3.890544285817935412e-03,0.000000000000000000e+00,0.000000000000000000e+00
6.250000000000000000e+02,3.478348058351843264e+01,7.826200000000000045e+01,5.000000000000000000e+01,-3.298655188520075665e+00,3.808587724221666804e+01,-3.741470178165796998e-03,0.000000000000000000e+00,0.000000000000000000e+00
6.260000000000000000e+02,3.476374867269554159e+01,7.826200000000000045e+01,5.000000000000000000e+01,-3.298655188520075665e+00,3.806600196936339842e+01,-3.598108147780916446e-03,0.000000000000000000e+00,0.000000000000000000e+00
6.270000000000000000e+02,3.474401126866523981e+01,7.826200000000000045e+01,5.000000000000000000e+01,-3.298655188520075665e+00,3.804612669651012880e+01,-3.460239324819154149e-03,0.000000000000000000e+00,0.000000000000000000e+00
6.280000000000000000e+02,3.472426858191090560e+01,7.826200000000000045e+01,5.000000000000000000e+01,-3.298655188520075665e+00,3.802625142365685917e+01,-3.327653225879065313e-03,0.000000000000000000e+00,0.000000000000000000e+00
6.290000000000000000e+02,3.470452081485085927e+01,7.826200000000000045e+01,5.000000000000000000e+01,-3.298655188520075665e+00,3.800637615080358955e+01,-3.200147432658312797e-03,0.000000000000000000e+00,0.000000000000000000e+00
6.300000000000000000e+02,3.468476816214732139e+01,7.826200000000000045e+01,5.000000000000000000e+01,-3.298655188520075665e+00,3.798650087795031993e+01,-3.077527282923010581e-03,0.000000000000000000e+00,0.000000000000000000e+00
6.310000000000000000e+02,3.466501081100366122e+01,7.826200000000000045e+01,5.000000000000000000e+01,-3.298655188520075665e+00,3.796662560509705031e+01,-2.959605573318205111e-03,0.000000000000000000e+00,0.000000000000000000e+00
6.320000000000000000e+02,3.464524894145014144e+01,7.826200000000000045e+01,5.000000000000000000e+01,-3.298655188520075665e+00,3.794675033224378069e+01,-2.846202273565777170e-03,0.000000000000000000e+00,0.000000000000000000e+00
6.330000000000000000e+02,3.462548272661882720e+01,7.826200000000000045e+01,5.000000000000000000e+01,-3.298655188520075665e+00,3.792687505939051107e+01,-2.737144251613431428e-03,0.000000000000000000e+00,0.000000000000000000e+00
6.340000000000000000e+02,3.460571233300785110e+01,7.826200000000000045e+01,5.000000000000000000e+01,-3.298655188520075665e+00,3.790699978653724145e+01,-2.632265009315160574e-03,0.000000000000000000e+00,0.000000000000000000e+00
6.350000000000000000e+02,3.458593792073565965e+01,7.826200000000000045e+01,5.000000000000000000e+01,-3.298655188520075665e+00,3.788712451368397183e+01,-2.531404428239649590e-03,0.000000000000000000e+00,0.000000000000000000e+00
6.360000000000000000e+02,3.456615964378541150e+01,7.826200000000000045e+01,5.000000000000000000e+01,-3.298655188520075665e+00,3.786724924083070221e+01,-2.434408525218547791e-03,0.000000000000000000e+00,0.000000000000000000e+00
6.370000000000000000e+02,3.454637765024009610e+01,7.826200000000000045e+01,5.000000000000000000e+01,-3.298655188520075665e+00,3.784737396797743259e+01,-2.341129217261405000e-03,0.000000000000000000e+00,0.000000000000000000e+00
6.380000000000000000e+02,3.452659208250861411e+01,7.826200000000000045e+01,5.000000000000000000e+01,-3.298655188520075665e+00,3.782749869512416296e+01,-2.251424095478368834e-03,0.000000000000000000e+00,0.000000000000000000e+00
6.390000000000000000e+02,3.450680307754315379e+01,7.826200000000000045e+01,5.000000000000000000e+01,-3.298655188520075665e+00,3.780762342227089334e+01,-2.165156207665494721e-03,0.000000000000000000e+00,0.000000000000000000e+00
6.400000000000000000e+02,3.448701076704833213e+01,7.826200000000000045e+01,5.000000000000000000e+01,-3.298655188520075665e+00,3.778774814941762372e+01,-2.082193849220739280e-03,0.000000000000000000e+00,0.000000000000000000e+00
6.410000000000000000e+02,3.446721527768220739e+01,7.826200000000000045e+01,5.000000000000000000e+01,-3.298655188520075665e+00,3.776787287656435410e+01,-2.002410362071435374e-03,0.000000000000000000e+00,0.000000000000000000e+00
6.420000000000000000e+02,3.444741673124970305e+01,7.826200000000000045e+01,5.000000000000000000e+01,-3.298655188520075665e+00,3.774799760371108448e+01,-1.925683941306265438e-03,0.000000000000000000e+00,0.000000000000000000e+00
6.430000000000000000e+02,3.442761524488852842e+01,7.826200000000000045e+01,5.000000000000000000e+01,-3.298655188520075665e+00,3.772812233085781486e+01,-1.851897449216526308e-03,0.000000000000000000e+00,0.000000000000000000e+00
6.440000000000000000e+02,3.440781093124800805e+01,7.826200000000000045e+01,5.000000000000000000e+01,-3.298655188520075665e+00,3.770824705800454524e+01,-1.780938236462780485e-03,0.000000000000000000e+00,0.000000000000000000e+00
6.450000000000000000e+02,3.438800389866111118e+01,7.826200000000000045e+01,5.000000000000000000e+01,-3.298655188520075665e+00,3.768837178515127562e+01,-1.712697970093868954e-03,0.000000000000000000e+00,0.000000000000000000e+00
6.460000000000000000e+02,3.436819425130978090e+01,7.826200000000000045e+01,5.000000000000000000e+01,-3.298655188520075665e+00,3.766849651229800600e+01,-1.647072468155726934e-03,0.000000000000000000e+00,0.000000000000000000e+00
6.470000000000000000e+02,3.434838208938402460e+01,7.826200000000000045e+01,5.000000000000000000e+01,-3.298655188520075665e+00,3.764862123944473637e+01,-1.583961540637496843e-03,0.000000000000000000e+00,0.000000000000000000e+00
6.480000000000000000e+02,3.432856750923487965e+01,7.826200000000000045e+01,5.000000000000000000e+01,-3.298655188520075665e+00,3.762874596659146675e+01,-1.523268836512115367e-03,0.000000000000000000e+00,0.000000000000000000e+00
6.490000000000000000e+02,3.430875060352148864e+01,7.826200000000000045e+01,5.000000000000000000e+01,-3.298655188520075665e+00,3.760887069373819713e+01,-1.464901696637851145e-03,0.000000000000000000e+00,0.000000000000000000e+00
6.500000000000000000e+02,3.428893146135256131e+01,7.826200000000000045e+01,5.000000000000000000e+01,-3.298655188520075665e+00,3.758899542088492751e+01,-1.408771012296217932e-03,0.000000000000000000e+00,0.000000000000000000e+00
6.510000000000000000e+02,3.426911016842243640e+01,7.826200000000000045e+01,5.000000000000000000e+01,-3.298655188520075665e+00,3.756912014803165789e+01,-1.354791089150295808e-03,0.000000000000000000e+00,0.000000000000000000e+00
6.520000000000000000e+02,3.424928680714189966e+01,7.826200000000000045e+01,5.000000000000000000e+01,-3.298655188520075665e+00,3.754924487517838827e+01,-1.302879516415765462e-03,0.000000000000000000e+00,0.000000000000000000e+00
6.530000000000000000e+02,3.422946145676399965e+01,7.826200000000000045e+01,5.000000000000000000e+01,-3.298655188520075665e+00,3.752936960232511865e+01,-1.252957041044919922e-03,0.000000000000000000e+00,0.000000000000000000e+00
6.540000000000000000e+02,3.420963419350504608e+01,7.826200000000000045e+01,5.000000000000000000e+01,-3.298655188520075665e+00,3.750949432947184903e+01,-1.204947446731571489e-03,0.000000000000000000e+00,0.000000000000000000e+00
6.550000000000000000e+02,3.418980509066095408e+01,7.826200000000000045e+01,5.000000000000000000e+01,-3.298655188520075665e+00,3.748961905661857941e+01,-1.158777437552131620e-03,0.000000000000000000e+00,0.000000000000000000e+00
6.560000000000000000e+02,3.416997421871916885e+01,7.826200000000000045e+01,5.000000000000000000e+01,-3.298655188520075665e+00,3.746974378376530979e+01,-1.114376526065218986e-03,0.000000000000000000e+00,0.000000000000000000e+00
6.570000000000000000e+02,3.415014164546627029e+01,7.826200000000000045e+01,5.000000000000000000e+01,-3.298655188520075665e+00,3.744986851091204016e+01,-1.071676925698958815e-03,0.000000000000000000e+00,0.000000000000000000e+00
6.580000000000000000e+02,3.413030743609143514e+01,7.826200000000000045e+01,5.000000000000000000e+01,-3.298655188520075665e+00,3.742999323805877054e+01,-1.030613447261680918e-03,0.000000000000000000e+00,0.000000000000000000e+00
6.590000000000000000e+02,3.411047165328601238e+01,7.826200000000000045e+01,5.000000000000000000e+01,-3.298655188520075665e+00,3.741011796520550092e+01,-9.911233994180205804e-04,0.000000000000000000e+00,0.000000000000000000e+00
6.600000000000000000e+02,3.409063435733918368e+01,7.826200000000000045e+01,5.000000000000000000e+01,-3.298655188520075665e+00,3.739024269235223130e+01,-9.531464929784803962e-04,0.000000000000000000e+00,0.000000000000000000e+00
6.610000000000000000e+02,3.407079560623003545e+01,7.826200000000000045e+01,5.000000000000000000e+01,-3.298655188520075665e+00,3.737036741949896168e+01,-9.166247488563312182e-04,0.000000000000000000e+00,0.000000000000000000e+00
6.620000000000000000e+02,3.405095545571607119e+01,7.826200000000000045e+01,5.000000000000000000e+01,-3.298655188520075665e+00,3.735049214664569206e+01,-8.815024095513320206e-04,0.000000000000000000e+00,0.000000000000000000e+00
6.630000000000000000e+02,3.403111395941832740e+01,7.826200000000000045e+01,5.000000000000000000e+01,-3.298655188520075665e+00,3.733061687379242244e+01,-8.477258540251306901e-04,0.000000000000000000e+00,0.000000000000000000e+00
6.640000000000000000e+02,3.401127116890324231e+01,7.826200000000000045e+01,5.000000000000000000e+01,-3.298655188520075665e+00,3.731074160093915282e+01,-8.152435158383864377e-04,0.000000000000000000e+00,0.000000000000000000e+00
6.650000000000000000e+02,3.399142713376138403e+01,7.826200000000000045e+01,5.000000000000000000e+01,-3.298655188520075665e+00,3.729086632808588320e+01,-7.840058044246352468e-04,0.000000000000000000e+00,0.000000000000000000e+00
6.660000000000000000e+02,3.397158190168315883e+01,7.826200000000000045e+01,5.000000000000000000e+01,-3.298655188520075665e+00,3.727099105523261358e+01,-7.539650293807064136e-04,0.000000000000000000e+00,0.000000000000000000e+00
6.670000000000000000e+02,3.395173551853161342e+01,7.826200000000000045e+01,5.000000000000000000e+01,-3.298655188520075665e+00,3.725111578237934395e+01,-7.250753276581060978e-04,0.000000000000000000e+00,0.000000000000000000e+00
6.680000000000000000e+02,3.393188802841245888e+01,7.826200000000000045e+01,5.000000000000000000e+01,-3.298655188520075665e+00,3.723124050952607433e+01,-6.972925935442108149e-04,0.000000000000000000e+00,0.000000000000000000e+00
6.690000000000000000e+02,3.391203947374140881e+01,7.826200000000000045e+01,5.000000000000000000e+01,-3.298655188520075665e+00,3.721136523667280471e+01,-6.705744113263737392e-04,0.000000000000000000e+00,0.000000000000000000e+00
6.700000000000000000e+02,3.389218989530892401e+01,7.822899999999999920e+01,5.000000000000000000e+01,-3.298655188520075665e+00,3.719148996381953509e+01,-6.448799905361421534e-04,0.000000000000000000e+00,0.000000000000000000e+00
6.710000000000000000e+02,3.405128364618743575e+01,7.822899999999999920e+01,5.000000000000000000e+01,-3.212398753321052958e+00,3.717213440887764619e+01,9.154799063084571864e-02,0.000000000000000000e+00,0.000000000000000000e+00
6.720000000000000000e+02,3.402842024401184062e+01,7.816500000000000625e+01,5.000000000000000000e+01,-3.212398753321052958e+00,3.715277885393575730e+01,8.804014339713392423e-02,0.000000000000000000e+00,0.000000000000000000e+00
6.730000000000000000e+02,3.435273476988871266e+01,7.810099999999999909e+01,5.000000000000000000e+01,-3.045113545662367027e+00,3.713443123676138669e+01,2.634170787896921717e-01,0.000000000000000000e+00,0.000000000000000000e+00
6.740000000000000000e+02,3.467133730998887842e+01,7.822899999999999920e+01,5.000000000000000000e+01,-2.877828338003644237e+00,3.711709155735453436e+01,4.320740906379894608e-01,0.000000000000000000e+00,0.000000000000000000e+00
6.750000000000000000e+02,3.394335479855433846e+01,7.810099999999999909e+01,5.000000000000000000e+01,-3.212398753321052958e+00,3.709773600241264546e+01,5.801754946274528812e-02,0.000000000000000000e+00,0.000000000000000000e+00
6.760000000000000000e+02,3.461586321886625939e+01,7.819700000000000273e+01,5.000000000000000000e+01,-2.877828338003644237e+00,3.708039632300579314e+01,4.132952338641151524e-01,0.000000000000000000e+00,0.000000000000000000e+00
6.770000000000000000e+02,3.406212201635671022e+01,7.816500000000000625e+01,5.000000000000000000e+01,-3.128756149491710215e+00,3.706154473694765983e+01,1.293334289007574411e-01,0.000000000000000000e+00,0.000000000000000000e+00
6.780000000000000000e+02,3.421183651611924148e+01,7.803600000000000136e+01,5.000000000000000000e+01,-3.045113545662367027e+00,3.704319711977328922e+01,2.137529420083212339e-01,0.000000000000000000e+00,0.000000000000000000e+00
6.790000000000000000e+02,3.488480811123387326e+01,7.813299999999999557e+01,5.000000000000000000e+01,-2.707929298975278787e+00,3.702688112716157320e+01,5.658562830475798444e-01,0.000000000000000000e+00,0.000000000000000000e+00
6.800000000000000000e+02,3.432082235403902359e+01,7.797199999999999420e+01,5.000000000000000000e+01,-2.961470941832986981e+00,3.700903747887095818e+01,2.732558170010518928e-01,0.000000000000000000e+00,0.000000000000000000e+00
6.810000000000000000e+02,3.516553970338645030e+01,7.806799999999999784e+01,5.000000000000000000e+01,-2.540644091316555553e+00,3.699372942402676046e+01,7.124543706762515027e-01,0.000000000000000000e+00,0.000000000000000000e+00
6.820000000000000000e+02,3.460236723539385650e+01,7.803600000000000136e+01,5.000000000000000000e+01,-2.791571902804621530e+00,3.697690946253128175e+01,4.170296756671948435e-01,0.000000000000000000e+00,0.000000000000000000e+00
6.830000000000000000e+02,3.474308969359142196e+01,7.810099999999999909e+01,5.000000000000000000e+01,-2.707929298975278787e+00,3.696059346991956573e+01,4.904255226471387896e-01,0.000000000000000000e+00,0.000000000000000000e+00
6.840000000000000000e+02,3.435551597809299551e+01,7.810099999999999909e+01,5.000000000000000000e+01,-2.877828338003644237e+00,3.694325379051271341e+01,2.900905255839274499e-01,0.000000000000000000e+00,0.000000000000000000e+00
6.850000000000000000e+02,3.432706089090184065e+01,7.803600000000000136e+01,5.000000000000000000e+01,-2.877828338003644237e+00,3.692591411110586108e+01,2.789751177996224740e-01,0.000000000000000000e+00,0.000000000000000000e+00
6.860000000000000000e+02,3.465149778586484786e+01,7.806799999999999784e+01,5.000000000000000000e+01,-2.707929298975278787e+00,3.690959811849414507e+01,4.498289663459827392e-01,0.000000000000000000e+00,0.000000000000000000e+00
6.870000000000000000e+02,3.444442392373479578e+01,7.797199999999999420e+01,5.000000000000000000e+01,-2.791571902804621530e+00,3.689277815699866636e+01,3.432176695407475608e-01,0.000000000000000000e+00,0.000000000000000000e+00
6.880000000000000000e+02,3.493501815665037213e+01,7.806799999999999784e+01,5.000000000000000000e+01,-2.540644091316555553e+00,3.687747010215446863e+01,5.981921458124596080e-01,0.000000000000000000e+00,0.000000000000000000e+00
6.890000000000000000e+02,3.437622387791833489e+01,7.800400000000000489e+01,5.000000000000000000e+01,-2.791571902804621530e+00,3.686065014065898993e+01,3.071456400639672735e-01,0.000000000000000000e+00,0.000000000000000000e+00
6.900000000000000000e+02,3.469467852504089933e+01,7.800400000000000489e+01,5.000000000000000000e+01,-2.624286695145935600e+00,3.684483811693103661e+01,4.741271032557972109e-01,0.000000000000000000e+00,0.000000000000000000e+00
6.910000000000000000e+02,3.466069935819901104e+01,7.803600000000000136e+01,5.000000000000000000e+01,-2.624286695145935600e+00,3.682902609320308329e+01,4.559599601418635184e-01,0.000000000000000000e+00,0.000000000000000000e+00
6.920000000000000000e+02,3.445389454347078129e+01,7.797199999999999420e+01,5.000000000000000000e+01,-2.707929298975278787e+00,3.681271010059136728e+01,3.491137418546975679e-01,0.000000000000000000e+00,0.000000000000000000e+00
6.930000000000000000e+02,3.477124506640210200e+01,7.800400000000000489e+01,5.000000000000000000e+01,-2.540644091316555553e+00,3.679740204574716955e+01,5.144871119714894414e-01,0.000000000000000000e+00,0.000000000000000000e+00
6.940000000000000000e+02,3.456270163384181160e+01,7.800400000000000489e+01,5.000000000000000000e+01,-2.624286695145935600e+00,3.678159002201921624e+01,4.053983069685311302e-01,0.000000000000000000e+00,0.000000000000000000e+00
6.950000000000000000e+02,3.453135595044692963e+01,7.800400000000000489e+01,5.000000000000000000e+01,-2.624286695145935600e+00,3.676577799829126292e+01,3.898646473015994762e-01,0.000000000000000000e+00,0.000000000000000000e+00
6.960000000000000000e+02,3.450060547077761441e+01,7.793899999999999295e+01,5.000000000000000000e+01,-2.624286695145935600e+00,3.674996597456330960e+01,3.749261913602393581e-01,0.000000000000000000e+00,0.000000000000000000e+00
6.970000000000000000e+02,3.482289346111890893e+01,7.800400000000000489e+01,5.000000000000000000e+01,-2.454387656117532845e+00,3.673517763763049260e+01,5.421034796059496230e-01,0.000000000000000000e+00,0.000000000000000000e+00
6.980000000000000000e+02,3.443486725539863613e+01,7.793899999999999295e+01,5.000000000000000000e+01,-2.624286695145935600e+00,3.671936561390253928e+01,3.397883366420329510e-01,0.000000000000000000e+00,0.000000000000000000e+00
6.990000000000000000e+02,3.475850162402330312e+01,7.793899999999999295e+01,5.000000000000000000e+01,-2.454387656117532845e+00,3.670457727696972228e+01,5.083120031711163556e-01,0.000000000000000000e+00,0.000000000000000000e+00
7.000000000000000000e+02,3.472423628009230612e+01,7.803600000000000136e+01,5.000000000000000000e+01,-2.454387656117532845e+00,3.668978894003690527e+01,4.888349961729363535e-01,0.000000000000000000e+00,0.000000000000000000e+00
7.010000000000000000e+02,3.416472940564569427e+01,7.797199999999999420e+01,5.000000000000000000e+01,-2.707929298975278787e+00,3.667347294742518926e+01,1.991857571957819095e-01,0.000000000000000000e+00,0.000000000000000000e+00
7.020000000000000000e+02,3.448782472387636489e+01,7.797199999999999420e+01,5.000000000000000000e+01,-2.540644091316555553e+00,3.665816489258099153e+01,3.703039226119319016e-01,0.000000000000000000e+00,0.000000000000000000e+00
7.030000000000000000e+02,3.445832772199339900e+01,7.797199999999999420e+01,5.000000000000000000e+01,-2.540644091316555553e+00,3.664285683773679381e+01,3.561149755731617961e-01,0.000000000000000000e+00,0.000000000000000000e+00
7.040000000000000000e+02,3.442937439843997538e+01,7.793899999999999295e+01,5.000000000000000000e+01,-2.540644091316555553e+00,3.662754878289259608e+01,3.424697068639350750e-01,0.000000000000000000e+00,0.000000000000000000e+00
7.050000000000000000e+02,3.457988823492138408e+01,7.793899999999999295e+01,5.000000000000000000e+01,-2.454387656117532845e+00,3.661276044595977908e+01,4.215154450791351315e-01,0.000000000000000000e+00,0.000000000000000000e+00
7.060000000000000000e+02,3.454894867743420406e+01,7.793899999999999295e+01,5.000000000000000000e+01,-2.454387656117532845e+00,3.659797210902696207e+01,4.053642245247711107e-01,0.000000000000000000e+00,0.000000000000000000e+00
7.070000000000000000e+02,3.451862798677252187e+01,7.793899999999999295e+01,5.000000000000000000e+01,-2.454387656117532845e+00,3.658318377209414507e+01,3.898318707959079754e-01,0.000000000000000000e+00,0.000000000000000000e+00
7.080000000000000000e+02,3.448890244979673980e+01,7.793899999999999295e+01,5.000000000000000000e+01,-2.454387656117532845e+00,3.656839543516132807e+01,3.748946707529463573e-01,0.000000000000000000e+00,0.000000000000000000e+00
7.090000000000000000e+02,3.445974926198437771e+01,7.793899999999999295e+01,5.000000000000000000e+01,-2.454387656117532845e+00,3.655360709822851106e+01,3.605298198734021020e-01,0.000000000000000000e+00,0.000000000000000000e+00
7.100000000000000000e+02,3.443114649261455895e+01,7.793899999999999295e+01,5.000000000000000000e+01,-2.454387656117532845e+00,3.653881876129569406e+01,3.467153874363955723e-01,0.000000000000000000e+00,0.000000000000000000e+00
7.110000000000000000e+02,3.440307305128651194e+01,7.793899999999999295e+01,5.000000000000000000e+01,-2.454387656117532845e+00,3.652403042436287706e+01,3.334302830411683405e-01,0.000000000000000000e+00,0.000000000000000000e+00
7.120000000000000000e+02,3.437550865572103476e+01,7.793899999999999295e+01,5.000000000000000000e+01,-2.454387656117532845e+00,3.650924208743006005e+01,3.206542244085104354e-01,0.000000000000000000e+00,0.000000000000000000e+00
7.130000000000000000e+02,3.434843380079565378e+01,7.793899999999999295e+01,5.000000000000000000e+01,-2.454387656117532845e+00,3.649445375049724305e+01,3.083677064159417447e-01,0.000000000000000000e+00,0.000000000000000000e+00
7.140000000000000000e+02,3.432182972876626792e+01,7.793899999999999295e+01,5.000000000000000000e+01,-2.454387656117532845e+00,3.647966541356442605e+01,2.965519713193732199e-01,0.000000000000000000e+00,0.000000000000000000e+00
7.150000000000000000e+02,3.429567840062986050e+01,7.793899999999999295e+01,5.000000000000000000e+01,-2.454387656117532845e+00,3.646487707663160904e+01,2.851889801157853621e-01,0.000000000000000000e+00,0.000000000000000000e+00
7.160000000000000000e+02,3.426996246858446682e+01,7.793899999999999295e+01,5.000000000000000000e+01,-2.454387656117532845e+00,3.645008873969879204e+01,2.742613850032042944e-01,0.000000000000000000e+00,0.000000000000000000e+00
7.170000000000000000e+02,3.424466524954436863e+01,7.793899999999999295e+01,5.000000000000000000e+01,-2.454387656117532845e+00,3.643530040276597504e+01,2.637525028959294970e-01,0.000000000000000000e+00,0.000000000000000000e+00
7.180000000000000000e+02,3.421977069967020668e+01,7.793899999999999295e+01,5.000000000000000000e+01,-2.454387656117532845e+00,3.642051206583315803e+01,2.536462899545794403e-01,0.000000000000000000e+00,0.000000000000000000e+00
7.190000000000000000e+02,3.419526338987488145e+01,7.793899999999999295e+01,5.000000000000000000e+01,-2.454387656117532845e+00,3.640572372890034103e+01,2.439273170920703004e-01,0.000000000000000000e+00,0.000000000000000000e+00
7.200000000000000000e+02,3.417112848226812361e+01,7.793899999999999295e+01,5.000000000000000000e+01,-2.454387656117532845e+00,3.639093539196752403e+01,2.345807464181328961e-01,0.000000000000000000e+00,0.000000000000000000e+00
7.210000000000000000e+02,3.414735170750358151e+01,7.793899999999999295e+01,5.000000000000000000e+01,-2.454387656117532845e+00,3.637614705503470702e+01,2.255923085864057764e-01,0.000000000000000000e+00,0.000000000000000000e+00
7.220000000000000000e+02,3.412391934299387941e+01,7.793899999999999295e+01,5.000000000000000000e+01,-2.454387656117532845e+00,3.636135871810189002e+01,2.169482810095203218e-01,0.000000000000000000e+00,0.000000000000000000e+00
7.230000000000000000e+02,3.410081819196045672e+01,7.793899999999999295e+01,5.000000000000000000e+01,-2.454387656117532845e+00,3.634657038116907302e+01,2.086354669089194036e-01,0.000000000000000000e+00,0.000000000000000000e+00
7.240000000000000000e+02,3.407803556328615002e+01,7.793899999999999295e+01,5.000000000000000000e+01,-2.454387656117532845e+00,3.633178204423625601e+01,2.006411751674245236e-01,0.000000000000000000e+00,0.000000000000000000e+00
7.250000000000000000e+02,3.405555925213970170e+01,7.793899999999999295e+01,5.000000000000000000e+01,-2.454387656117532845e+00,3.631699370730343901e+01,1.929532009537928694e-01,0.000000000000000000e+00,0.000000000000000000e+00
7.260000000000000000e+02,3.403337752134277139e+01,7.793899999999999295e+01,5.000000000000000000e+01,-2.454387656117532845e+00,3.630220537037062201e+01,1.855598070896839202e-01,0.000000000000000000e+00,0.000000000000000000e+00
7.270000000000000000e+02,3.401147908345085824e+01,7.793899999999999295e+01,5.000000000000000000e+01,-2.454387656117532845e+00,3.628741703343780500e+01,1.784497061305884147e-01,0.000000000000000000e+00,0.000000000000000000e+00
7.280000000000000000e+02,3.398985308352082058e+01,7.793899999999999295e+01,5.000000000000000000e+01,-2.454387656117532845e+00,3.627262869650498800e+01,1.716120431333630625e-01,0.000000000000000000e+00,0.000000000000000000e+00
7.290000000000000000e+02,3.396848908253870292e+01,7.793899999999999295e+01,5.000000000000000000e+01,-2.454387656117532845e+00,3.625784035957217100e+01,1.650363790840620737e-01,0.000000000000000000e+00,0.000000000000000000e+00
7.300000000000000000e+02,3.394737704148258928e+01,7.793899999999999295e+01,5.000000000000000000e+01,-2.454387656117532845e+00,3.624305202263935399e+01,1.587126749607650489e-01,0.000000000000000000e+00,0.000000000000000000e+00
7.310000000000000000e+02,3.392650730599607556e+01,7.793899999999999295e+01,5.000000000000000000e+01,-2.454387656117532845e+00,3.622826368570653699e+01,1.526312764070699435e-01,0.000000000000000000e+00,0.000000000000000000e+00
7.320000000000000000e+02,3.390587059164904105e+01,7.793899999999999295e+01,5.000000000000000000e+01,-2.454387656117532845e+00,3.621347534877371999e+01,1.467828989928523786e-01,0.000000000000000000e+00,0.000000000000000000e+00
7.330000000000000000e+02,3.388545796976315927e+01,7.793899999999999295e+01,5.000000000000000000e+01,-2.454387656117532845e+00,3.619868701184090298e+01,1.411586140397887712e-01,0.000000000000000000e+00,0.000000000000000000e+00
7.340000000000000000e+02,3.386526085378055484e+01,7.793899999999999295e+01,5.000000000000000000e+01,-2.454387656117532845e+00,3.618389867490808598e+01,1.357498349900034262e-01,0.000000000000000000e+00,0.000000000000000000e+00
7.350000000000000000e+02,3.384527098615476604e+01,7.793899999999999295e+01,5.000000000000000000e+01,-2.454387656117532845e+00,3.616911033797526898e+01,1.305483042970286001e-01,0.000000000000000000e+00,0.000000000000000000e+00
7.360000000000000000e+02,3.382548042574398295e+01,7.793899999999999295e+01,5.000000000000000000e+01,-2.454387656117532845e+00,3.615432200104245197e+01,1.255460808190640432e-01,0.000000000000000000e+00,0.000000000000000000e+00
7.370000000000000000e+02,3.380588153568739074e+01,7.793899999999999295e+01,5.000000000000000000e+01,-2.454387656117532845e+00,3.613953366410963497e+01,1.207355276952893491e-01,0.000000000000000000e+00,0.000000000000000000e+00
7.380000000000000000e+02,3.378646697174600888e+01,7.793899999999999295e+01,5.000000000000000000e+01,-2.454387656117532845e+00,3.612474532717681797e+01,1.161093006867201932e-01,0.000000000000000000e+00,0.000000000000000000e+00
7.390000000000000000e+02,3.376722967109027707e+01,7.793899999999999295e+01,5.000000000000000000e+01,-2.454387656117532845e+00,3.610995699024400096e+01,1.116603369638081711e-01,0.000000000000000000e+00,0.000000000000000000e+00
7.400000000000000000e+02,3.374816284151732049e+01,7.793899999999999295e+01,5.000000000000000000e+01,-2.454387656117532845e+00,3.609516865331118396e+01,1.073818443236666254e-01,0.000000000000000000e+00,0.000000000000000000e+00
7.410000000000000000e+02,3.372925995108129626e+01,7.793899999999999295e+01,5.000000000000000000e+01,-2.454387656117532845e+00,3.608038031637836696e+01,1.032672908204603224e-01,0.000000000000000000e+00,0.000000000000000000e+00
7.420000000000000000e+02,3.371051471812114642e+01,7.793899999999999295e+01,5.000000000000000000e+01,-2.454387656117532845e+00,3.606559197944554995e+01,9.931039479312786522e-02,0.000000000000000000e+00,0.000000000000000000e+00
7.430000000000000000e+02,3.369192110167040966e+01,7.793899999999999295e+01,5.000000000000000000e+01,-2.454387656117532845e+00,3.605080364251273295e+01,9.550511527521211852e-02,0.000000000000000000e+00,0.000000000000000000e+00
7.440000000000000000e+02,3.367347329223454011e+01,7.793899999999999295e+01,5.000000000000000000e+01,-2.454387656117532845e+00,3.603601530557991595e+01,9.184564277215753747e-02,0.000000000000000000e+00,0.000000000000000000e+00
7.450000000000000000e+02,3.365516570292155762e+01,7.793899999999999295e+01,5.000000000000000000e+01,-2.454387656117532845e+00,3.602122696864709894e+01,8.832639039199398356e-02,0.000000000000000000e+00,0.000000000000000000e+00
7.460000000000000000e+02,3.363699296091261459e+01,7.793899999999999295e+01,5.000000000000000000e+01,-2.454387656117532845e+00,3.600643863171428194e+01,8.494198531586652501e-02,0.000000000000000000e+00,0.000000000000000000e+00
7.470000000000000000e+02,3.361894989925932009e+01,7.793899999999999295e+01,5.000000000000000000e+01,-2.454387656117532845e+00,3.599165029478146494e+01,8.168726059538909678e-02,0.000000000000000000e+00,0.000000000000000000e+00
7.480000000000000000e+02,3.360103154899541522e+01,7.793899999999999295e+01,5.000000000000000000e+01,-2.454387656117532845e+00,3.597686195784864793e+01,7.855724726429931526e-02,0.000000000000000000e+00,0.000000000000000000e+00
7.490000000000000000e+02,3.358323313155067069e+01,7.793899999999999295e+01,5.000000000000000000e+01,-2.454387656117532845e+00,3.596207362091583093e+01,7.554716675237120593e-02,0.000000000000000000e+00,0.000000000000000000e+00
7.500000000000000000e+02,8.710877616117718958e+01,7.793899999999999295e+01,5.000000000000000000e+01,3.306214486363311522e+01,3.616128181720317514e+01,1.788534948034089922e+01,0.000000000000000000e+00,0.000000000000000000e+00
7.510000000000000000e+02,8.699491805737868333e+01,7.793899999999999295e+01,5.000000000000000000e+01,3.306214486363311522e+01,3.636049001349051935e+01,1.757228318025503810e+01,0.000000000000000000e+00,0.000000000000000000e+00
7.520000000000000000e+02,8.688653988610019496e+01,7.793899999999999295e+01,5.000000000000000000e+01,3.306214486363311522e+01,3.655969820977786355e+01,1.726469681268920908e+01,0.000000000000000000e+00,0.000000000000000000e+00
7.530000000000000000e+02,8.678354572625276830e+01,7.793899999999999295e+01,5.000000000000000000e+01,3.306214486363311522e+01,3.675890640606520776e+01,1.696249445655443822e+01,0.000000000000000000e+00,0.000000000000000000e+00
7.540000000000000000e+02,8.668584133575630801e+01,7.793899999999999295e+01,5.000000000000000000e+01,3.306214486363311522e+01,3.695811460235255197e+01,1.666558186977063016e+01,0.000000000000000000e+00,0.000000000000000000e+00
7.550000000000000000e+02,8.659333412215009673e+01,7.793899999999999295e+01,5.000000000000000000e+01,3.306214486363311522e+01,3.715732279863989618e+01,1.637386645987707467e+01,0.000000000000000000e+00,0.000000000000000000e+00
7.560000000000000000e+02,8.650593311371777361e+01,7.793899999999999295e+01,5.000000000000000000e+01,3.306214486363311522e+01,3.735653099492724039e+01,1.608725725515741445e+01,0.000000000000000000e+00,0.000000000000000000e+00
7.570000000000000000e+02,8.642354893111772185e+01,7.793899999999999295e+01,5.000000000000000000e+01,3.306214486363311522e+01,3.755573919121458459e+01,1.580566487627002203e+01,0.000000000000000000e+00,0.000000000000000000e+00
7.580000000000000000e+02,8.634609375951004040e+01,7.793899999999999295e+01,5.000000000000000000e+01,3.306214486363311522e+01,3.775494738750192880e+01,1.552900150837498217e+01,0.000000000000000000e+00,0.000000000000000000e+00
7.590000000000000000e+02,8.627348132117134583e+01,7.793899999999999295e+01,5.000000000000000000e+01,3.306214486363311522e+01,3.795415558378927301e+01,1.525718087374894516e+01,0.000000000000000000e+00,0.000000000000000000e+00
7.600000000000000000e+02,8.620562684858907687e+01,7.793899999999999295e+01,5.000000000000000000e+01,3.306214486363311522e+01,3.815336378007661722e+01,1.499011820487934443e+01,0.000000000000000000e+00,0.000000000000000000e+00
7.610000000000000000e+02,8.614244705802664726e+01,7.793899999999999295e+01,5.000000000000000000e+01,3.306214486363311522e+01,3.835257197636396143e+01,1.472773021802957061e+01,0.000000000000000000e+00,0.000000000000000000e+00
7.620000000000000000e+02,8.608386012355128969e+01,7.793899999999999295e+01,5.000000000000000000e+01,3.306214486363311522e+01,3.855178017265130563e+01,1.446993508726685995e+01,0.000000000000000000e+00,0.000000000000000000e+00
7.630000000000000000e+02,8.602978565151657619e+01,7.793899999999999295e+01,5.000000000000000000e+01,3.306214486363311522e+01,3.875098836893864984e+01,1.421665241894480403e+01,0.000000000000000000e+00,0.000000000000000000e+00
7.640000000000000000e+02,8.598014465549164242e+01,7.793899999999999295e+01,5.000000000000000000e+01,3.306214486363311522e+01,3.895019656522599405e+01,1.396780322663251894e+01,0.000000000000000000e+00,0.000000000000000000e+00
7.650000000000000000e+02,8.593485953162911528e+01,7.797199999999999420e+01,5.000000000000000000e+01,3.306214486363311522e+01,3.914940476151333826e+01,1.372330990648265470e+01,0.000000000000000000e+00,0.000000000000000000e+00
7.660000000000000000e+02,8.571394006979704727e+01,7.800400000000000489e+01,5.000000000000000000e+01,3.294173312315194124e+01,3.934788744511141090e+01,1.342431950153368447e+01,0.000000000000000000e+00,0.000000000000000000e+00
7.670000000000000000e+02,8.550298058075107122e+01,7.813299999999999557e+01,5.000000000000000000e+01,3.282497022329137337e+01,3.954566660125322386e+01,1.313234375620647754e+01,0.000000000000000000e+00,0.000000000000000000e+00
7.680000000000000000e+02,8.476759030899546588e+01,7.822899999999999920e+01,5.000000000000000000e+01,3.235426978322864500e+01,3.974060966233697911e+01,1.267271086342984709e+01,0.000000000000000000e+00,0.000000000000000000e+00
7.690000000000000000e+02,8.421732335037239636e+01,7.826200000000000045e+01,5.000000000000000000e+01,3.200398108364704797e+01,3.993344214105194112e+01,1.227990012567341083e+01,0.000000000000000000e+00,0.000000000000000000e+00
7.700000000000000000e+02,8.401529370799769936e+01,7.826200000000000045e+01,5.000000000000000000e+01,3.188356934316587044e+01,4.012554910707763867e+01,1.200617525775419736e+01,0.000000000000000000e+00,0.000000000000000000e+00
7.710000000000000000e+02,8.399724381517873439e+01,7.826200000000000045e+01,5.000000000000000000e+01,3.188356934316587044e+01,4.031765607310333621e+01,1.179601839890953130e+01,0.000000000000000000e+00,0.000000000000000000e+00
7.720000000000000000e+02,8.398287252144493209e+01,7.826200000000000045e+01,5.000000000000000000e+01,3.188356934316587044e+01,4.050976303912903376e+01,1.158954013915002612e+01,0.000000000000000000e+00,0.000000000000000000e+00
7.730000000000000000e+02,8.397211543636285569e+01,7.826200000000000045e+01,5.000000000000000000e+01,3.188356934316587044e+01,4.070187000515473130e+01,1.138667608804225218e+01,0.000000000000000000e+00,0.000000000000000000e+00
7.740000000000000000e+02,8.396490929659333347e+01,7.826200000000000045e+01,5.000000000000000000e+01,3.188356934316587044e+01,4.089397697118042885e+01,1.118736298224703951e+01,0.000000000000000000e+00,0.000000000000000000e+00
7.750000000000000000e+02,8.396119194616275649e+01,7.845499999999999829e+01,5.000000000000000000e+01,3.188356934316587044e+01,4.108608393720612639e+01,1.099153866579074901e+01,0.000000000000000000e+00,0.000000000000000000e+00
7.760000000000000000e+02,8.290867822069193949e+01,7.858400000000000318e+01,5.000000000000000000e+01,3.117934310338205961e+01,4.127394775326123977e+01,1.045538736404864899e+01,0.000000000000000000e+00,0.000000000000000000e+00
7.770000000000000000e+02,8.221023022458166452e+01,7.858400000000000318e+01,5.000000000000000000e+01,3.070864266331928150e+01,4.145897547425829543e+01,1.004261208700408936e+01,0.000000000000000000e+00,0.000000000000000000e+00
7.780000000000000000e+02,8.221947142193646130e+01,7.858400000000000318e+01,5.000000000000000000e+01,3.070864266331928150e+01,4.164400319525535110e+01,9.866825563361834028e+00,0.000000000000000000e+00,0.000000000000000000e+00
7.790000000000000000e+02,8.223178959783295738e+01,7.858400000000000318e+01,5.000000000000000000e+01,3.070864266331928150e+01,4.182903091625240677e+01,9.694116018261269119e+00,0.000000000000000000e+00,0.000000000000000000e+00
7.800000000000000000e+02,8.224713089264214716e+01,7.884199999999999875e+01,5.000000000000000000e+01,3.070864266331928150e+01,4.201405863724946244e+01,9.524429592073397899e+00,0.000000000000000000e+00,0.000000000000000000e+00
7.810000000000000000e+02,8.085884230209840950e+01,7.890600000000000591e+01,5.000000000000000000e+01,2.976724178319377856e+01,4.219341416813039558e+01,8.898186350774240694e+00,0.000000000000000000e+00,0.000000000000000000e+00
7.820000000000000000e+02,8.053351935785882176e+01,7.890600000000000591e+01,5.000000000000000000e+01,2.953371598347269256e+01,4.237136264409880226e+01,8.628440730287323390e+00,0.000000000000000000e+00,0.000000000000000000e+00
7.830000000000000000e+02,8.056043505597122589e+01,7.893800000000000239e+01,5.000000000000000000e+01,2.953371598347269256e+01,4.254931112006720895e+01,8.477407952431326166e+00,0.000000000000000000e+00,0.000000000000000000e+00
7.840000000000000000e+02,8.041553241513339856e+01,7.919599999999999795e+01,5.000000000000000000e+01,2.941695308361217442e+01,4.272655606857935595e+01,8.272023262941873512e+00,0.000000000000000000e+00,0.000000000000000000e+00
7.850000000000000000e+02,7.904138325251221886e+01,7.922899999999999920e+01,5.000000000000000000e+01,2.847555220348667149e+01,4.289812882697538754e+01,7.667702222050166050e+00,0.000000000000000000e+00,0.000000000000000000e+00
7.860000000000000000e+02,7.889882609661937352e+01,7.922899999999999920e+01,5.000000000000000000e+01,2.835514046300549396e+01,4.306897607268214756e+01,7.474709560931732000e+00,0.000000000000000000e+00,0.000000000000000000e+00
7.870000000000000000e+02,7.893883554857602292e+01,7.932500000000000284e+01,5.000000000000000000e+01,2.835514046300549396e+01,4.323982331838890758e+01,7.343871767181631149e+00,0.000000000000000000e+00,0.000000000000000000e+00
7.880000000000000000e+02,7.845774911460213730e+01,7.955100000000000193e+01,5.000000000000000000e+01,2.800485176342389337e+01,4.340855998172688146e+01,7.044337369451373121e+00,0.000000000000000000e+00,0.000000000000000000e+00
7.890000000000000000e+02,7.727104318547331729e+01,7.955100000000000193e+01,5.000000000000000000e+01,2.718021378315890502e+01,4.357232798240499960e+01,6.518501419909411787e+00,0.000000000000000000e+00,0.000000000000000000e+00
7.900000000000000000e+02,7.732071092079857522e+01,7.964700000000000557e+01,5.000000000000000000e+01,2.718021378315890502e+01,4.373609598308311774e+01,6.404401154556555120e+00,0.000000000000000000e+00,0.000000000000000000e+00
7.910000000000000000e+02,7.684898979542678887e+01,7.987300000000000466e+01,5.000000000000000000e+01,2.682992508357730443e+01,4.389775340139244975e+01,6.121311310457033805e+00,0.000000000000000000e+00,0.000000000000000000e+00
7.920000000000000000e+02,7.567136132838257367e+01,7.987300000000000466e+01,5.000000000000000000e+01,2.600528710331231608e+01,4.405444215704192601e+01,5.611632068028334253e+00,0.000000000000000000e+00,0.000000000000000000e+00
7.930000000000000000e+02,7.572982371775881916e+01,7.996999999999999886e+01,5.000000000000000000e+01,2.600528710331231608e+01,4.421113091269140227e+01,5.513405701755097255e+00,0.000000000000000000e+00,0.000000000000000000e+00
7.940000000000000000e+02,7.526116745037104749e+01,8.019499999999999318e+01,5.000000000000000000e+01,2.565134956311010583e+01,4.436568710073908051e+01,5.244130786521861154e+00,0.000000000000000000e+00,0.000000000000000000e+00
7.950000000000000000e+02,7.409724391532675725e+01,8.019499999999999318e+01,5.000000000000000000e+01,2.483036042346578043e+01,4.451529661135991489e+01,4.751586880501063703e+00,0.000000000000000000e+00,0.000000000000000000e+00
7.960000000000000000e+02,7.416368134558929626e+01,8.045300000000000296e+01,5.000000000000000000e+01,2.483036042346578043e+01,4.466490612198074928e+01,4.668414800142774546e+00,0.000000000000000000e+00,0.000000000000000000e+00
7.970000000000000000e+02,7.282497453786163533e+01,8.051800000000000068e+01,5.000000000000000000e+01,2.388895954334022420e+01,4.480884344248546824e+01,4.127171552035949986e+00,0.000000000000000000e+00,0.000000000000000000e+00
7.980000000000000000e+02,7.254229359280307676e+01,8.058199999999999363e+01,5.000000000000000000e+01,2.365178490299853209e+01,4.495135172284464886e+01,3.939156966959905137e+00,0.000000000000000000e+00,0.000000000000000000e+00
7.990000000000000000e+02,7.226692656523260894e+01,8.080800000000000693e+01,5.000000000000000000e+01,2.341825910327749583e+01,4.509245294829131012e+01,3.756214513663808763e+00,0.000000000000000000e+00,0.000000000000000000e+00
8.000000000000000000e+02,7.111014071077427445e+01,8.084000000000000341e+01,5.000000000000000000e+01,2.259362112301245773e+01,4.522858551107811564e+01,3.287934076683690865e+00,0.000000000000000000e+00,0.000000000000000000e+00
8.010000000000000000e+02,7.101425903905663972e+01,8.103300000000000125e+01,5.000000000000000000e+01,2.247685822315193960e+01,4.536401454640865438e+01,3.173386269496052847e+00,0.000000000000000000e+00,0.000000000000000000e+00
8.020000000000000000e+02,7.004191682197523505e+01,8.116200000000000614e+01,5.000000000000000000e+01,2.177263198336812877e+01,4.549520043176861606e+01,2.774084406838480010e+00,0.000000000000000000e+00,0.000000000000000000e+00
8.030000000000000000e+02,6.942124491292860000e+01,8.116200000000000614e+01,5.000000000000000000e+01,2.130193154330535066e+01,4.562355022207051292e+01,2.495763147552735095e+00,0.000000000000000000e+00,0.000000000000000000e+00
8.040000000000000000e+02,6.950590870562928103e+01,8.148399999999999466e+01,5.000000000000000000e+01,2.130193154330535066e+01,4.575190001237240978e+01,2.452077149951524593e+00,0.000000000000000000e+00,0.000000000000000000e+00
8.050000000000000000e+02,6.783581304073621254e+01,8.148399999999999466e+01,5.000000000000000000e+01,2.012700486345881501e+01,4.587317055764566476e+01,1.835637619631734552e+00,0.000000000000000000e+00,0.000000000000000000e+00
8.060000000000000000e+02,6.792495246782762308e+01,8.167799999999999727e+01,5.000000000000000000e+01,2.012700486345881501e+01,4.599444110291891974e+01,1.803506501449884336e+00,0.000000000000000000e+00,0.000000000000000000e+00
8.070000000000000000e+02,6.695697828535379870e+01,8.180700000000000216e+01,5.000000000000000000e+01,1.941912978305434478e+01,4.611144651298858577e+01,1.426401989310862817e+00,0.000000000000000000e+00,0.000000000000000000e+00
8.080000000000000000e+02,6.634571582016326374e+01,8.180700000000000216e+01,5.000000000000000000e+01,1.894842934299156667e+01,4.622561582800019409e+01,1.171670649171505874e+00,0.000000000000000000e+00,0.000000000000000000e+00
8.090000000000000000e+02,6.643937613726804159e+01,8.209699999999999420e+01,5.000000000000000000e+01,1.894842934299156667e+01,4.633978514301180240e+01,1.151161651264670960e+00,0.000000000000000000e+00,0.000000000000000000e+00
8.100000000000000000e+02,6.495233333143956145e+01,8.212900000000000489e+01,5.000000000000000000e+01,1.789026556300554560e+01,4.644757874045102852e+01,6.144890279829802182e-01,0.000000000000000000e+00,0.000000000000000000e+00
8.110000000000000000e+02,6.487490884732615370e+01,8.219299999999999784e+01,5.000000000000000000e+01,1.777350266314497773e+01,4.655466881043399496e+01,5.467373737471823425e-01,0.000000000000000000e+00,0.000000000000000000e+00
8.120000000000000000e+02,6.462350473869724965e+01,8.245099999999999341e+01,5.000000000000000000e+01,1.753997686342394147e+01,4.666035182550443494e+01,4.231760497688703548e-01,0.000000000000000000e+00,0.000000000000000000e+00
8.130000000000000000e+02,6.331518036575477026e+01,8.245099999999999341e+01,5.000000000000000000e+01,1.659857598329843853e+01,4.676036265045875950e+01,-4.375826800243121095e-02,0.000000000000000000e+00,0.000000000000000000e+00
8.140000000000000000e+02,6.341595713822813707e+01,8.267700000000000671e+01,5.000000000000000000e+01,1.659857598329843853e+01,4.686037347541308407e+01,-4.299232048338806622e-02,0.000000000000000000e+00,0.000000000000000000e+00
8.150000000000000000e+02,6.228458244245216235e+01,8.277299999999999613e+01,5.000000000000000000e+01,1.577393800303340043e+01,4.695541563770755289e+01,-4.447711982887891935e-01,0.000000000000000000e+00,0.000000000000000000e+00
8.160000000000000000e+02,6.186402382918794274e+01,8.283799999999999386e+01,5.000000000000000000e+01,1.542364930345184959e+01,4.704834721763323557e+01,-6.079726918971435357e-01,0.000000000000000000e+00,0.000000000000000000e+00
8.170000000000000000e+02,6.161322141094755978e+01,8.309600000000000364e+01,5.000000000000000000e+01,1.518647466311015748e+01,4.713984975741338701e+01,-7.131030095759852694e-01,0.000000000000000000e+00,0.000000000000000000e+00
8.180000000000000000e+02,6.031060606397186774e+01,8.309600000000000364e+01,5.000000000000000000e+01,1.424507378298460125e+01,4.722568010707741593e+01,-1.160147826090143663e+00,0.000000000000000000e+00,0.000000000000000000e+00
8.190000000000000000e+02,6.041674371531127719e+01,8.319199999999999307e+01,5.000000000000000000e+01,1.424507378298460125e+01,4.731151045674144484e+01,-1.139840524414774015e+00,0.000000000000000000e+00,0.000000000000000000e+00
8.200000000000000000e+02,5.999913982731247586e+01,8.341800000000000637e+01,5.000000000000000000e+01,1.389478508340305041e+01,4.739523022403668762e+01,-1.290875480127259056e+00,0.000000000000000000e+00,0.000000000000000000e+00
8.210000000000000000e+02,5.887331710043715560e+01,8.345000000000000284e+01,5.000000000000000000e+01,1.307014710313801231e+01,4.747398132867207465e+01,-1.670811331372928699e+00,0.000000000000000000e+00,0.000000000000000000e+00
8.220000000000000000e+02,5.880685216702912044e+01,8.367600000000000193e+01,5.000000000000000000e+01,1.295338420327749596e+01,4.755202890585120201e+01,-1.698560942099579307e+00,0.000000000000000000e+00,0.000000000000000000e+00
8.230000000000000000e+02,5.768249340241312950e+01,8.373999999999999488e+01,5.000000000000000000e+01,1.212874622301250760e+01,4.762510782037047363e+01,-2.071360640969853062e+00,0.000000000000000000e+00,0.000000000000000000e+00
8.240000000000000000e+02,5.744290549325315709e+01,8.383700000000000330e+01,5.000000000000000000e+01,1.189522042329147489e+01,4.769677967997721879e+01,-2.149094610015541029e+00,0.000000000000000000e+00,0.000000000000000000e+00
8.250000000000000000e+02,5.702335722487423197e+01,8.406300000000000239e+01,5.000000000000000000e+01,1.154128288308921313e+01,4.776631897198217303e+01,-2.284244630197153736e+00,0.000000000000000000e+00,0.000000000000000000e+00
8.260000000000000000e+02,5.590074201978271162e+01,8.406300000000000239e+01,5.000000000000000000e+01,1.071664490282422655e+01,4.783088960132727152e+01,-2.646792484368787779e+00,0.000000000000000000e+00,0.000000000000000000e+00
8.270000000000000000e+02,5.601164227389065076e+01,8.409499999999999886e+01,5.000000000000000000e+01,1.071664490282422655e+01,4.789546023067237002e+01,-2.600462859605950250e+00,0.000000000000000000e+00,0.000000000000000000e+00
8.280000000000000000e+02,5.594726954494245774e+01,8.428799999999999670e+01,5.000000000000000000e+01,1.059988200296371019e+01,4.795932733256120173e+01,-2.611939790582452403e+00,0.000000000000000000e+00,0.000000000000000000e+00
8.290000000000000000e+02,5.500463211142756137e+01,8.438500000000000512e+01,5.000000000000000000e+01,9.895655763179897590e+00,4.801895128447945638e+01,-2.909974936231788600e+00,0.000000000000000000e+00,0.000000000000000000e+00
8.300000000000000000e+02,5.458635443320657998e+01,8.441700000000000159e+01,5.000000000000000000e+01,9.541718222977637609e+00,4.807644266879591299e+01,-3.031806458566967066e+00,0.000000000000000000e+00,0.000000000000000000e+00
8.310000000000000000e+02,5.452245272514660712e+01,8.467499999999999716e+01,5.000000000000000000e+01,9.424955323117119477e+00,4.813323052565610283e+01,-3.035733123626614738e+00,0.000000000000000000e+00,0.000000000000000000e+00
8.320000000000000000e+02,5.322577816117152594e+01,8.470699999999999363e+01,5.000000000000000000e+01,8.483554442991616540e+00,4.818434619240017724e+01,-3.442122474220270067e+00,0.000000000000000000e+00,0.000000000000000000e+00
8.330000000000000000e+02,5.316268293329425632e+01,8.480400000000000205e+01,5.000000000000000000e+01,8.366791543131100184e+00,4.823475833168799198e+01,-3.438866941524836296e+00,0.000000000000000000e+00,0.000000000000000000e+00
8.340000000000000000e+02,5.274445120189696468e+01,8.502899999999999636e+01,5.000000000000000000e+01,8.012854002928838426e+00,4.828303790337400869e+01,-3.551440704405882443e+00,0.000000000000000000e+00,0.000000000000000000e+00
8.350000000000000000e+02,5.162820929586005292e+01,8.502899999999999636e+01,5.000000000000000000e+01,7.191864863284510356e+00,4.832637079763318155e+01,-3.890026365057634994e+00,0.000000000000000000e+00,0.000000000000000000e+00
8.360000000000000000e+02,5.173963346016590492e+01,8.502899999999999636e+01,5.000000000000000000e+01,7.191864863284510356e+00,4.836970369189235441e+01,-3.821935095010959849e+00,0.000000000000000000e+00,0.000000000000000000e+00
8.370000000000000000e+02,5.184986575053017077e+01,8.528700000000000614e+01,5.000000000000000000e+01,7.191864863284510356e+00,4.841303658615152727e+01,-3.755035698905864194e+00,0.000000000000000000e+00,0.000000000000000000e+00
8.380000000000000000e+02,5.055232694219142076e+01,8.535200000000000387e+01,5.000000000000000000e+01,6.250463983158954129e+00,4.845069729029458472e+01,-4.148834331262116315e+00,0.000000000000000000e+00,0.000000000000000000e+00
8.390000000000000000e+02,5.030823311654672381e+01,8.535200000000000387e+01,5.000000000000000000e+01,6.013289342817262018e+00,4.848692895429210381e+01,-4.191985180562640245e+00,0.000000000000000000e+00,0.000000000000000000e+00
8.400000000000000000e+02,5.041784155699113512e+01,8.554500000000000171e+01,5.000000000000000000e+01,6.013289342817262018e+00,4.852316061828962290e+01,-4.118608404115748023e+00,0.000000000000000000e+00,0.000000000000000000e+00
8.410000000000000000e+02,4.947394150926459844e+01,8.567400000000000659e+01,5.000000000000000000e+01,5.309063103033450304e+00,4.855514913231655783e+01,-4.390270726085410580e+00,0.000000000000000000e+00,0.000000000000000000e+00
8.420000000000000000e+02,4.887947755889715040e+01,8.567400000000000659e+01,5.000000000000000000e+01,4.838362662970672190e+00,4.858430155128543504e+01,-4.543186655358958603e+00,0.000000000000000000e+00,0.000000000000000000e+00
8.430000000000000000e+02,4.898815420736772808e+01,8.573799999999999955e+01,5.000000000000000000e+01,4.838362662970672190e+00,4.861345397025431225e+01,-4.463662425857261695e+00,0.000000000000000000e+00,0.000000000000000000e+00
8.440000000000000000e+02,4.874651480595582598e+01,8.586700000000000443e+01,5.000000000000000000e+01,4.604836863249638590e+00,4.864119933431067011e+01,-4.499521391604483611e+00,0.000000000000000000e+00,0.000000000000000000e+00
8.450000000000000000e+02,4.814972003624759367e+01,8.596399999999999864e+01,5.000000000000000000e+01,4.134136423186861364e+00,4.866610860330896315e+01,-4.650524990248229074e+00,0.000000000000000000e+00,0.000000000000000000e+00
8.460000000000000000e+02,4.772719437446444601e+01,8.599599999999999511e+01,5.000000000000000000e+01,3.780198882984651565e+00,4.868888530470546527e+01,-4.741889813225668604e+00,0.000000000000000000e+00,0.000000000000000000e+00
8.470000000000000000e+02,4.765851139179001450e+01,8.599599999999999511e+01,5.000000000000000000e+01,3.663435983124134765e+00,4.871095847864570061e+01,-4.715883069979827091e+00,0.000000000000000000e+00,0.000000000000000000e+00
8.480000000000000000e+02,4.776313168430787215e+01,8.618899999999999295e+01,5.000000000000000000e+01,3.663435983124134765e+00,4.873303165258593594e+01,-4.633335951402192343e+00,0.000000000000000000e+00,0.000000000000000000e+00
8.490000000000000000e+02,4.681408297040020727e+01,8.631799999999999784e+01,5.000000000000000000e+01,2.959209743340323495e+00,4.875086167655558711e+01,-4.895988449495706440e+00,0.000000000000000000e+00,0.000000000000000000e+00
8.500000000000000000e+02,4.621431264531881311e+01,8.631799999999999784e+01,5.000000000000000000e+01,2.488509303277545381e+00,4.876585560546718057e+01,-5.040052263425915058e+00,0.000000000000000000e+00,0.000000000000000000e+00
8.510000000000000000e+02,4.631752797108286757e+01,8.631799999999999784e+01,5.000000000000000000e+01,2.488509303277545381e+00,4.878084953437877402e+01,-4.951830866573453171e+00,0.000000000000000000e+00,0.000000000000000000e+00
8.520000000000000000e+02,4.641919906387952466e+01,8.641500000000000625e+01,5.000000000000000000e+01,2.488509303277545381e+00,4.879584346329036748e+01,-4.865153702688391313e+00,0.000000000000000000e+00,0.000000000000000000e+00
8.530000000000000000e+02,4.599051493670582147e+01,8.647899999999999920e+01,5.000000000000000000e+01,2.134571763075284512e+00,4.880870482460017001e+01,-4.952761650969631724e+00,0.000000000000000000e+00,0.000000000000000000e+00
8.540000000000000000e+02,4.574114570172213945e+01,8.664100000000000534e+01,5.000000000000000000e+01,1.901045963354250912e+00,4.882015913099744608e+01,-4.980059392629557991e+00,0.000000000000000000e+00,0.000000000000000000e+00
8.550000000000000000e+02,4.495655727756136599e+01,8.664100000000000534e+01,5.000000000000000000e+01,1.309933782810297265e+00,4.882805182964739288e+01,-5.181428334896326149e+00,0.000000000000000000e+00,0.000000000000000000e+00
8.560000000000000000e+02,4.505514602885199338e+01,8.664100000000000534e+01,5.000000000000000000e+01,1.309933782810297265e+00,4.883594452829733967e+01,-5.090732282255641117e+00,0.000000000000000000e+00,0.000000000000000000e+00
8.570000000000000000e+02,4.515214723064219271e+01,8.664100000000000534e+01,5.000000000000000000e+01,1.309933782810297265e+00,4.884383722694728647e+01,-5.001623779115391244e+00,0.000000000000000000e+00,0.000000000000000000e+00
8.580000000000000000e+02,4.524758867149984809e+01,8.676999999999999602e+01,5.000000000000000000e+01,1.309933782810297265e+00,4.885172992559723326e+01,-4.914075036907683547e+00,0.000000000000000000e+00,0.000000000000000000e+00
8.590000000000000000e+02,4.463819760988052110e+01,8.686599999999999966e+01,5.000000000000000000e+01,8.392333427475712204e-01,4.885678652918912235e+01,-5.057822262056167695e+00,0.000000000000000000e+00,0.000000000000000000e+00
8.600000000000000000e+02,4.420840057848410254e+01,8.696299999999999386e+01,5.000000000000000000e+01,4.889446431659690839e-01,4.885973255041222529e+01,-5.140276615094092172e+00,0.000000000000000000e+00,0.000000000000000000e+00
8.610000000000000000e+02,4.377248431265967810e+01,8.696299999999999386e+01,5.000000000000000000e+01,1.350071029637597841e-01,4.886054600403353021e+01,-5.223068794337616616e+00,0.000000000000000000e+00,0.000000000000000000e+00
8.620000000000000000e+02,4.386472269618433728e+01,8.696299999999999386e+01,5.000000000000000000e+01,1.350071029637597841e-01,4.886135945765483513e+01,-5.131643864434259683e+00,0.000000000000000000e+00,0.000000000000000000e+00
8.630000000000000000e+02,4.395536077189439084e+01,8.696299999999999386e+01,5.000000000000000000e+01,1.350071029637597841e-01,4.886217291127614004e+01,-5.041819242345514596e+00,0.000000000000000000e+00,0.000000000000000000e+00
8.640000000000000000e+02,4.404442655168006127e+01,8.696299999999999386e+01,5.000000000000000000e+01,1.350071029637597841e-01,4.886298636489744496e+01,-4.953566916181142865e+00,0.000000000000000000e+00,0.000000000000000000e+00
8.650000000000000000e+02,4.413194755710969019e+01,8.699500000000000455e+01,5.000000000000000000e+01,1.350071029637597841e-01,4.886379981851874987e+01,-4.866859364372823293e+00,0.000000000000000000e+00,0.000000000000000000e+00
8.660000000000000000e+02,4.404348880166816826e+01,8.715600000000000591e+01,5.000000000000000000e+01,1.824420310319116098e-02,4.886390974468378801e+01,-4.838665146118813709e+00,0.000000000000000000e+00,0.000000000000000000e+00
8.670000000000000000e+02,4.325053296167314443e+01,8.722100000000000364e+01,5.000000000000000000e+01,-5.692191368201034996e-01,4.886048004833450875e+01,-5.040727949841262046e+00,0.000000000000000000e+00,0.000000000000000000e+00
8.680000000000000000e+02,4.298096049842315125e+01,8.728499999999999659e+01,5.000000000000000000e+01,-8.063937771617960548e-01,4.885562131183969825e+01,-5.068267036254755276e+00,0.000000000000000000e+00,0.000000000000000000e+00
8.690000000000000000e+02,4.271589297927908291e+01,8.728499999999999659e+01,5.000000000000000000e+01,-1.039919576882829544e+00,4.884935552043236129e+01,-5.093542964270449502e+00,0.000000000000000000e+00,0.000000000000000000e+00
8.700000000000000000e+02,4.279878488936957126e+01,8.728499999999999659e+01,5.000000000000000000e+01,-1.039919576882829544e+00,4.884308972902502433e+01,-5.004385262772624188e+00,0.000000000000000000e+00,0.000000000000000000e+00
8.710000000000000000e+02,4.288011617735632086e+01,8.728499999999999659e+01,5.000000000000000000e+01,-1.039919576882829544e+00,4.883682393761768736e+01,-4.916788183378535848e+00,0.000000000000000000e+00,0.000000000000000000e+00
8.720000000000000000e+02,4.295991416046835809e+01,8.728499999999999659e+01,5.000000000000000000e+01,-1.039919576882829544e+00,4.883055814621035040e+01,-4.830724408859165209e+00,0.000000000000000000e+00,0.000000000000000000e+00
8.730000000000000000e+02,4.303820567777216866e+01,8.728499999999999659e+01,5.000000000000000000e+01,-1.039919576882829544e+00,4.882429235480301344e+01,-4.746167100148014129e+00,0.000000000000000000e+00,0.000000000000000000e+00
8.740000000000000000e+02,4.311501709854152153e+01,8.728499999999999659e+01,5.000000000000000000e+01,-1.039919576882829544e+00,4.881802656339567648e+01,-4.663089887971321623e+00,0.000000000000000000e+00,0.000000000000000000e+00
8.750000000000000000e+02,4.319037433048072927e+01,8.728499999999999659e+01,5.000000000000000000e+01,-1.039919576882829544e+00,4.881176077198833951e+01,-4.581466864624776925e+00,0.000000000000000000e+00,0.000000000000000000e+00
8.760000000000000000e+02,4.326430282780398784e+01,8.728499999999999659e+01,5.000000000000000000e+01,-1.039919576882829544e+00,4.880549498058100255e+01,-4.501272575894182282e+00,0.000000000000000000e+00,0.000000000000000000e+00
8.770000000000000000e+02,4.333682759917330429e+01,8.734999999999999432e+01,5.000000000000000000e+01,-1.039919576882829544e+00,4.879922918917366559e+01,-4.422482013117530641e+00,0.000000000000000000e+00,0.000000000000000000e+00
8.780000000000000000e+02,4.305359722448609716e+01,8.731699999999999307e+01,5.000000000000000000e+01,-1.277094217224522099e+00,4.879153435762079738e+01,-4.460842915910176565e+00,0.000000000000000000e+00,0.000000000000000000e+00
8.790000000000000000e+02,4.330389923702558974e+01,8.751099999999999568e+01,5.000000000000000000e+01,-1.156682476743346344e+00,4.878456503875719363e+01,-4.323983324988255994e+00,0.000000000000000000e+00,0.000000000000000000e+00
8.800000000000000000e+02,4.231494116385200499e+01,8.744599999999999795e+01,5.000000000000000000e+01,-1.864557557147816791e+00,4.877333058469000093e+01,-4.593831863690174266e+00,0.000000000000000000e+00,0.000000000000000000e+00
8.810000000000000000e+02,4.273849342726047951e+01,8.754300000000000637e+01,5.000000000000000000e+01,-1.627382916806124236e+00,4.876352517076833948e+01,-4.397648826701736624e+00,0.000000000000000000e+00,0.000000000000000000e+00
8.820000000000000000e+02,4.227682672203309266e+01,8.751099999999999568e+01,5.000000000000000000e+01,-1.981320457008385327e+00,4.875158718924488710e+01,-4.493440010203407553e+00,0.000000000000000000e+00,0.000000000000000000e+00
8.830000000000000000e+02,4.251800422790010003e+01,8.760699999999999932e+01,5.000000000000000000e+01,-1.864557557147816791e+00,4.874035273517769440e+01,-4.357790950129777130e+00,0.000000000000000000e+00,0.000000000000000000e+00
8.840000000000000000e+02,4.205966274603223098e+01,8.751099999999999568e+01,5.000000000000000000e+01,-2.214846256729418705e+00,4.872700769874171556e+01,-4.452498695980066756e+00,0.000000000000000000e+00,0.000000000000000000e+00
8.850000000000000000e+02,4.264764061029469389e+01,8.757500000000000284e+01,5.000000000000000000e+01,-1.864557557147816791e+00,4.871577324467452286e+01,-4.203575077232010848e+00,0.000000000000000000e+00,0.000000000000000000e+00
8.860000000000000000e+02,4.236106175027806131e+01,8.760699999999999932e+01,5.000000000000000000e+01,-2.098083356868902349e+00,4.870313173569480369e+01,-4.243986628547839146e+00,0.000000000000000000e+00,0.000000000000000000e+00
8.870000000000000000e+02,4.224824522806935079e+01,8.760699999999999932e+01,5.000000000000000000e+01,-2.214846256729418705e+00,4.868978669925882485e+01,-4.226695214460054473e+00,0.000000000000000000e+00,0.000000000000000000e+00
8.880000000000000000e+02,4.230888453473139776e+01,8.760699999999999932e+01,5.000000000000000000e+01,-2.214846256729418705e+00,4.867644166282284601e+01,-4.152710871362029543e+00,0.000000000000000000e+00,0.000000000000000000e+00
8.890000000000000000e+02,4.236822881472463820e+01,8.760699999999999932e+01,5.000000000000000000e+01,-2.214846256729418705e+00,4.866309662638686717e+01,-4.080021554932812045e+00,0.000000000000000000e+00,0.000000000000000000e+00
8.900000000000000000e+02,4.242630073627862686e+01,8.760699999999999932e+01,5.000000000000000000e+01,-2.214846256729418705e+00,4.864975158995088833e+01,-4.008604596942845433e+00,0.000000000000000000e+00,0.000000000000000000e+00
8.910000000000000000e+02,4.248312257083678389e+01,8.757500000000000284e+01,5.000000000000000000e+01,-2.214846256729418705e+00,4.863640655351490949e+01,-3.938437725948711776e+00,0.000000000000000000e+00,0.000000000000000000e+00
8.920000000000000000e+02,4.271317822634578931e+01,8.760699999999999932e+01,5.000000000000000000e+01,-2.098083356868902349e+00,4.862376504453519033e+01,-3.812503461320496445e+00,0.000000000000000000e+00,0.000000000000000000e+00
8.930000000000000000e+02,4.259280899520837949e+01,8.760699999999999932e+01,5.000000000000000000e+01,-2.214846256729418705e+00,4.861042000809921149e+01,-3.802764756161417292e+00,0.000000000000000000e+00,0.000000000000000000e+00
8.940000000000000000e+02,4.264602779604138760e+01,8.760699999999999932e+01,5.000000000000000000e+01,-2.214846256729418705e+00,4.859707497166323265e+01,-3.736200918892430334e+00,0.000000000000000000e+00,0.000000000000000000e+00
8.950000000000000000e+02,4.269808145921375342e+01,8.757500000000000284e+01,5.000000000000000000e+01,-2.214846256729418705e+00,4.858372993522725380e+01,-3.670802219284087009e+00,0.000000000000000000e+00,0.000000000000000000e+00
8.960000000000000000e+02,4.292345240571356868e+01,8.757500000000000284e+01,5.000000000000000000e+01,-2.098083356868902349e+00,4.857108842624753464e+01,-3.549552663665063612e+00,0.000000000000000000e+00,0.000000000000000000e+00
8.970000000000000000e+02,4.297294249335682537e+01,8.757500000000000284e+01,5.000000000000000000e+01,-2.098083356868902349e+00,4.855844691726781548e+01,-3.487421067042085099e+00,0.000000000000000000e+00,0.000000000000000000e+00
8.980000000000000000e+02,4.302134502556290840e+01,8.760699999999999932e+01,5.000000000000000000e+01,-2.098083356868902349e+00,4.854580540828809632e+01,-3.426377025856285119e+00,0.000000000000000000e+00,0.000000000000000000e+00
8.990000000000000000e+02,4.289421701262763520e+01,8.757500000000000284e+01,5.000000000000000000e+01,-2.214846256729418705e+00,4.853246037185211748e+01,-3.423397102495068012e+00,0.000000000000000000e+00,0.000000000000000000e+00
9.000000000000000000e+02,4.311525736415525500e+01,8.754300000000000637e+01,5.000000000000000000e+01,-2.098083356868902349e+00,4.851981886287239831e+01,-3.306478141848236074e+00,0.000000000000000000e+00,0.000000000000000000e+00
9.010000000000000000e+02,4.333495468618146873e+01,8.757500000000000284e+01,5.000000000000000000e+01,-1.981320457008385327e+00,4.850788088134894593e+01,-3.191605738159087213e+00,0.000000000000000000e+00,0.000000000000000000e+00
9.020000000000000000e+02,4.320442074908191898e+01,8.751099999999999568e+01,5.000000000000000000e+01,-2.098083356868902349e+00,4.849523937236922677e+01,-3.192735266418400997e+00,0.000000000000000000e+00,0.000000000000000000e+00
9.030000000000000000e+02,4.359658913489314358e+01,8.734999999999999432e+01,5.000000000000000000e+01,-1.864557557147816791e+00,4.848400491830203407e+01,-3.022858226261071035e+00,0.000000000000000000e+00,0.000000000000000000e+00
9.040000000000000000e+02,4.451602905440712732e+01,8.741400000000000148e+01,5.000000000000000000e+01,-1.277094217224522099e+00,4.847631008674916586e+01,-2.683186815117517998e+00,0.000000000000000000e+00,0.000000000000000000e+00
9.050000000000000000e+02,4.420637684361976483e+01,8.731699999999999307e+01,5.000000000000000000e+01,-1.510620016945607436e+00,4.846720820028377119e+01,-2.750211339718400261e+00,0.000000000000000000e+00,0.000000000000000000e+00
9.060000000000000000e+02,4.477425284952466455e+01,8.731699999999999307e+01,5.000000000000000000e+01,-1.156682476743346344e+00,4.846023888142016744e+01,-2.529303555152156768e+00,0.000000000000000000e+00,0.000000000000000000e+00
9.070000000000000000e+02,4.481155662169994969e+01,8.731699999999999307e+01,5.000000000000000000e+01,-1.156682476743346344e+00,4.845326956255656370e+01,-2.485030464113266557e+00,0.000000000000000000e+00,0.000000000000000000e+00
9.080000000000000000e+02,4.484808543486087018e+01,8.728499999999999659e+01,5.000000000000000000e+01,-1.156682476743346344e+00,4.844630024369295995e+01,-2.441532332088744095e+00,0.000000000000000000e+00,0.000000000000000000e+00
9.090000000000000000e+02,4.505831488028357512e+01,8.728499999999999659e+01,5.000000000000000000e+01,-1.039919576882829544e+00,4.844003445228562299e+01,-2.341799995119220323e+00,0.000000000000000000e+00,0.000000000000000000e+00
9.100000000000000000e+02,4.509304010561979226e+01,8.728499999999999659e+01,5.000000000000000000e+01,-1.039919576882829544e+00,4.843376866087828603e+01,-2.300808978375660896e+00,0.000000000000000000e+00,0.000000000000000000e+00
9.110000000000000000e+02,4.512704782157982208e+01,8.728499999999999659e+01,5.000000000000000000e+01,-1.039919576882829544e+00,4.842750286947094907e+01,-2.260535471008296327e+00,0.000000000000000000e+00,0.000000000000000000e+00
9.120000000000000000e+02,4.516035058749362463e+01,8.728499999999999659e+01,5.000000000000000000e+01,-1.039919576882829544e+00,4.842123707806361210e+01,-2.220966913687160371e+00,0.000000000000000000e+00,0.000000000000000000e+00
9.130000000000000000e+02,4.519296074285184517e+01,8.728499999999999659e+01,5.000000000000000000e+01,-1.039919576882829544e+00,4.841497128665627514e+01,-2.182090966921601094e+00,0.000000000000000000e+00,0.000000000000000000e+00
9.140000000000000000e+02,4.522489041115390762e+01,8.728499999999999659e+01,5.000000000000000000e+01,-1.039919576882829544e+00,4.840870549524893818e+01,-2.143895507212199458e+00,0.000000000000000000e+00,0.000000000000000000e+00
9.150000000000000000e+02,4.525615150368872719e+01,8.728499999999999659e+01,5.000000000000000000e+01,-1.039919576882829544e+00,4.840243970384160122e+01,-2.106368623270045148e+00,0.000000000000000000e+00,0.000000000000000000e+00
9.160000000000000000e+02,4.528675572324924303e+01,8.728499999999999659e+01,5.000000000000000000e+01,-1.039919576882829544e+00,4.839617391243426425e+01,-2.069498612302189233e+00,0.000000000000000000e+00,0.000000000000000000e+00
9.170000000000000000e+02,4.531671456778197893e+01,8.728499999999999659e+01,5.000000000000000000e+01,-1.039919576882829544e+00,4.838990812102692729e+01,-2.033273976362119040e+00,0.000000000000000000e+00,0.000000000000000000e+00
9.180000000000000000e+02,4.534603933397264797e+01,8.725300000000000011e+01,5.000000000000000000e+01,-1.039919576882829544e+00,4.838364232961959033e+01,-1.997683418764111929e+00,0.000000000000000000e+00,0.000000000000000000e+00
9.190000000000000000e+02,4.554920314711311136e+01,8.728499999999999659e+01,5.000000000000000000e+01,-9.231566770223127438e-01,4.837808006566851304e+01,-1.905720241533088721e+00,0.000000000000000000e+00,0.000000000000000000e+00
9.200000000000000000e+02,4.540253670569152433e+01,8.728499999999999659e+01,5.000000000000000000e+01,-1.039919576882829544e+00,4.837181427426117608e+01,-1.929357991686823093e+00,0.000000000000000000e+00,0.000000000000000000e+00
9.210000000000000000e+02,4.543004251984673658e+01,8.728499999999999659e+01,5.000000000000000000e+01,-1.039919576882829544e+00,4.836554848285383912e+01,-1.895586386124270106e+00,0.000000000000000000e+00,0.000000000000000000e+00
9.220000000000000000e+02,4.545695719366035803e+01,8.715600000000000591e+01,5.000000000000000000e+01,-1.039919576882829544e+00,4.835928269144650216e+01,-1.862405920903316359e+00,0.000000000000000000e+00,0.000000000000000000e+00
9.230000000000000000e+02,4.618659111819014385e+01,8.722100000000000364e+01,5.000000000000000000e+01,-5.692191368201034996e-01,4.835585299509722290e+01,-1.600042740086978554e+00,0.000000000000000000e+00,0.000000000000000000e+00
9.240000000000000000e+02,4.585679268118649077e+01,8.715600000000000591e+01,5.000000000000000000e+01,-8.063937771617960548e-01,4.835099425860241240e+01,-1.687807800254124357e+00,0.000000000000000000e+00,0.000000000000000000e+00
9.250000000000000000e+02,4.623585343128094394e+01,8.709199999999999875e+01,5.000000000000000000e+01,-5.692191368201034996e-01,4.834756456225313315e+01,-1.542491994152084267e+00,0.000000000000000000e+00,0.000000000000000000e+00
9.260000000000000000e+02,4.660834766604278911e+01,8.718800000000000239e+01,5.000000000000000000e+01,-3.356933370990181076e-01,4.834554192081638035e+01,-1.401500917674573188e+00,0.000000000000000000e+00,0.000000000000000000e+00
9.270000000000000000e+02,4.610747090718550822e+01,8.706000000000000227e+01,5.000000000000000000e+01,-6.859820366806202996e-01,4.834140869701083432e+01,-1.547955753144708790e+00,0.000000000000000000e+00,0.000000000000000000e+00
9.280000000000000000e+02,4.682828130516568876e+01,8.702700000000000102e+01,5.000000000000000000e+01,-2.189304372385013631e-01,4.834008958303034120e+01,-1.292877840626153851e+00,0.000000000000000000e+00,0.000000000000000000e+00
9.290000000000000000e+02,4.702950677218309039e+01,8.699500000000000455e+01,5.000000000000000000e+01,-9.851869675732560783e-02,4.833949598173911966e+01,-1.211470512798703325e+00,0.000000000000000000e+00,0.000000000000000000e+00
9.300000000000000000e+02,4.722458085449868292e+01,8.696299999999999386e+01,5.000000000000000000e+01,1.824420310319116098e-02,4.833960590790415779e+01,-1.133269256508665501e+00,0.000000000000000000e+00,0.000000000000000000e+00
9.310000000000000000e+02,4.741898962448386357e+01,8.696299999999999386e+01,5.000000000000000000e+01,1.350071029637597841e-01,4.834041936152546270e+01,-1.056436840005361866e+00,0.000000000000000000e+00,0.000000000000000000e+00
9.320000000000000000e+02,4.743829501605350885e+01,8.696299999999999386e+01,5.000000000000000000e+01,1.350071029637597841e-01,4.834123281514676762e+01,-1.037944902057019725e+00,0.000000000000000000e+00,0.000000000000000000e+00
9.330000000000000000e+02,4.745727672355977234e+01,8.696299999999999386e+01,5.000000000000000000e+01,1.350071029637597841e-01,4.834204626876807254e+01,-1.019776648172065148e+00,0.000000000000000000e+00,0.000000000000000000e+00
9.340000000000000000e+02,4.747594041278917132e+01,8.696299999999999386e+01,5.000000000000000000e+01,1.350071029637597841e-01,4.834285972238937745e+01,-1.001926412563970858e+00,0.000000000000000000e+00,0.000000000000000000e+00
9.350000000000000000e+02,4.749429165035394362e+01,8.696299999999999386e+01,5.000000000000000000e+01,1.350071029637597841e-01,4.834367317601068237e+01,-9.843886286204991398e-01,0.000000000000000000e+00,0.000000000000000000e+00
9.360000000000000000e+02,4.751233590542800300e+01,8.696299999999999386e+01,5.000000000000000000e+01,1.350071029637597841e-01,4.834448662963198728e+01,-9.671578271677482297e-01,0.000000000000000000e+00,0.000000000000000000e+00
9.370000000000000000e+02,4.753007855145246907e+01,8.696299999999999386e+01,5.000000000000000000e+01,1.350071029637597841e-01,4.834530008325329220e+01,-9.502286347645859665e-01,0.000000000000000000e+00,0.000000000000000000e+00
9.380000000000000000e+02,4.754752486781141840e+01,8.696299999999999386e+01,5.000000000000000000e+01,1.350071029637597841e-01,4.834611353687459712e+01,-9.335957720269371096e-01,0.000000000000000000e+00,0.000000000000000000e+00
9.390000000000000000e+02,4.756468004147826178e+01,8.696299999999999386e+01,5.000000000000000000e+01,1.350071029637597841e-01,4.834692699049590203e+01,-9.172540519814026405e-01,0.000000000000000000e+00,0.000000000000000000e+00
9.400000000000000000e+02,4.758154916863327344e+01,8.696299999999999386e+01,5.000000000000000000e+01,1.350071029637597841e-01,4.834774044411720695e+01,-9.011983784476971238e-01,0.000000000000000000e+00,0.000000000000000000e+00
9.410000000000000000e+02,4.759813725625287617e+01,8.696299999999999386e+01,5.000000000000000000e+01,1.350071029637597841e-01,4.834855389773851186e+01,-8.854237444494006404e-01,0.000000000000000000e+00,0.000000000000000000e+00
9.420000000000000000e+02,4.761444922367105193e+01,8.696299999999999386e+01,5.000000000000000000e+01,1.350071029637597841e-01,4.834936735135981678e+01,-8.699252306525284695e-01,0.000000000000000000e+00,0.000000000000000000e+00
9.430000000000000000e+02,4.763048990411345329e+01,8.696299999999999386e+01,5.000000000000000000e+01,1.350071029637597841e-01,4.835018080498112170e+01,-8.546980038314322403e-01,0.000000000000000000e+00,0.000000000000000000e+00
9.440000000000000000e+02,4.764626404620463518e+01,8.693099999999999739e+01,5.000000000000000000e+01,1.350071029637597841e-01,4.835099425860242661e+01,-8.397373153615540486e-01,0.000000000000000000e+00,0.000000000000000000e+00
9.450000000000000000e+02,4.783623834179297063e+01,8.689799999999999613e+01,5.000000000000000000e+01,2.517700028242765287e-01,4.835251123967999121e+01,-7.680429007112981044e-01,0.000000000000000000e+00,0.000000000000000000e+00
9.460000000000000000e+02,4.803111315954591021e+01,8.693099999999999739e+01,5.000000000000000000e+01,3.721817433054522839e-01,4.835475373344682737e+01,-6.958223172063745521e-01,0.000000000000000000e+00,0.000000000000000000e+00
9.470000000000000000e+02,4.786562140694527301e+01,8.686599999999999966e+01,5.000000000000000000e+01,2.517700028242765287e-01,4.835627071452439196e+01,-7.424193104033980362e-01,0.000000000000000000e+00,0.000000000000000000e+00
9.480000000000000000e+02,4.823450973408029085e+01,8.680200000000000671e+01,5.000000000000000000e+01,4.889446431659690839e-01,4.835921673574749491e+01,-6.136516448331741369e-01,0.000000000000000000e+00,0.000000000000000000e+00
9.490000000000000000e+02,4.859712120559182580e+01,8.676999999999999602e+01,5.000000000000000000e+01,7.224704428870025730e-01,4.836356981188311721e+01,-4.889190491782947623e-01,0.000000000000000000e+00,0.000000000000000000e+00
9.500000000000000000e+02,4.878449437834780156e+01,8.667300000000000182e+01,5.000000000000000000e+01,8.392333427475712204e-01,4.836862641547500630e+01,-4.233653798747707975e-01,0.000000000000000000e+00,0.000000000000000000e+00
9.510000000000000000e+02,4.932579961395530432e+01,8.670499999999999829e+01,5.000000000000000000e+01,1.193170882949780465e+00,4.837581558666868631e+01,-2.431868556631620326e-01,0.000000000000000000e+00,0.000000000000000000e+00
9.520000000000000000e+02,4.916278351706485950e+01,8.670499999999999829e+01,5.000000000000000000e+01,1.076407983089263665e+00,4.838230123040610664e+01,-2.959256964305084781e-01,0.000000000000000000e+00,0.000000000000000000e+00
9.530000000000000000e+02,4.917444906310073094e+01,8.664100000000000534e+01,5.000000000000000000e+01,1.076407983089263665e+00,4.838878687414352697e+01,-2.907457941320567008e-01,0.000000000000000000e+00,0.000000000000000000e+00
9.540000000000000000e+02,4.953494799248389313e+01,8.664100000000000534e+01,5.000000000000000000e+01,1.309933782810297265e+00,4.839667957279347377e+01,-1.716653631198751251e-01,0.000000000000000000e+00,0.000000000000000000e+00
9.550000000000000000e+02,4.954584553261842927e+01,8.664100000000000534e+01,5.000000000000000000e+01,1.309933782810297265e+00,4.840457227144342056e+01,-1.686605216352897729e-01,0.000000000000000000e+00,0.000000000000000000e+00
9.560000000000000000e+02,4.955669047581562126e+01,8.664100000000000534e+01,5.000000000000000000e+01,1.309933782810297265e+00,4.841246497009336736e+01,-1.657082770880445310e-01,0.000000000000000000e+00,0.000000000000000000e+00
9.570000000000000000e+02,4.956748374273562519e+01,8.664100000000000534e+01,5.000000000000000000e+01,1.309933782810297265e+00,4.842035766874331415e+01,-1.628077088179875342e-01,0.000000000000000000e+00,0.000000000000000000e+00
9.580000000000000000e+02,4.957822623792329608e+01,8.664100000000000534e+01,5.000000000000000000e+01,1.309933782810297265e+00,4.842825036739326094e+01,-1.599579122802610442e-01,0.000000000000000000e+00,0.000000000000000000e+00
9.590000000000000000e+02,4.958891885009028755e+01,8.664100000000000534e+01,5.000000000000000000e+01,1.309933782810297265e+00,4.843614306604320774e+01,-1.571579987632182873e-01,0.000000000000000000e+00,0.000000000000000000e+00
9.600000000000000000e+02,4.959956245239217765e+01,8.664100000000000534e+01,5.000000000000000000e+01,1.309933782810297265e+00,4.844403576469315453e+01,-1.544070951112779255e-01,0.000000000000000000e+00,0.000000000000000000e+00
9.610000000000000000e+02,4.961015790270077019e+01,8.664100000000000534e+01,5.000000000000000000e+01,1.309933782810297265e+00,4.845192846334310133e+01,-1.517043434526297585e-01,0.000000000000000000e+00,0.000000000000000000e+00
9.620000000000000000e+02,4.962070604387164252e+01,8.664100000000000534e+01,5.000000000000000000e+01,1.309933782810297265e+00,4.845982116199304812e+01,-1.490489009317065017e-01,0.000000000000000000e+00,0.000000000000000000e+00
9.630000000000000000e+02,4.963120770400695392e+01,8.664100000000000534e+01,5.000000000000000000e+01,1.309933782810297265e+00,4.846771386064299492e+01,-1.464399394463386239e-01,0.000000000000000000e+00,0.000000000000000000e+00
9.640000000000000000e+02,4.964166369671372792e+01,8.664100000000000534e+01,5.000000000000000000e+01,1.309933782810297265e+00,4.847560655929294171e+01,-1.438766453895098663e-01,0.000000000000000000e+00,0.000000000000000000e+00
9.650000000000000000e+02,4.965207482135755157e+01,8.664100000000000534e+01,5.000000000000000000e+01,1.309933782810297265e+00,4.848349925794288851e+01,-1.413582193956331723e-01,0.000000000000000000e+00,0.000000000000000000e+00
9.660000000000000000e+02,4.966244186331186228e+01,8.664100000000000534e+01,5.000000000000000000e+01,1.309933782810297265e+00,4.849139195659283530e+01,-1.388838760912677883e-01,0.000000000000000000e+00,0.000000000000000000e+00
9.670000000000000000e+02,4.967276559420287896e+01,8.664100000000000534e+01,5.000000000000000000e+01,1.309933782810297265e+00,4.849928465524278209e+01,-1.364528438501998453e-01,0.000000000000000000e+00,0.000000000000000000e+00
9.680000000000000000e+02,4.968304677215021314e+01,8.664100000000000534e+01,5.000000000000000000e+01,1.309933782810297265e+00,4.850717735389272889e+01,-1.340643645528100392e-01,0.000000000000000000e+00,0.000000000000000000e+00
9.690000000000000000e+02,4.969328614200332339e+01,8.664100000000000534e+01,5.000000000000000000e+01,1.309933782810297265e+00,4.851507005254267568e+01,-1.317176933496533031e-01,0.000000000000000000e+00,0.000000000000000000e+00
9.700000000000000000e+02,4.970348443557374196e+01,8.664100000000000534e+01,5.000000000000000000e+01,1.309933782810297265e+00,4.852296275119262248e+01,-1.294120984291768639e-01,0.000000000000000000e+00,0.000000000000000000e+00
9.710000000000000000e+02,4.971364237186336510e+01,8.664100000000000534e+01,5.000000000000000000e+01,1.309933782810297265e+00,4.853085544984256927e+01,-1.271468607895041014e-01,0.000000000000000000e+00,0.000000000000000000e+00
9.720000000000000000e+02,4.972376065728860084e+01,8.664100000000000534e+01,5.000000000000000000e+01,1.309933782810297265e+00,4.853874814849251607e+01,-1.249212740142132266e-01,0.000000000000000000e+00,0.000000000000000000e+00
9.730000000000000000e+02,4.973383998590072252e+01,8.664100000000000534e+01,5.000000000000000000e+01,1.309933782810297265e+00,4.854664084714246286e+01,-1.227346440520406118e-01,0.000000000000000000e+00,0.000000000000000000e+00
9.740000000000000000e+02,4.974388103960226459e+01,8.664100000000000534e+01,5.000000000000000000e+01,1.309933782810297265e+00,4.855453354579240965e+01,-1.205862890004402860e-01,0.000000000000000000e+00,0.000000000000000000e+00
9.750000000000000000e+02,4.975388448835972355e+01,8.664100000000000534e+01,5.000000000000000000e+01,1.309933782810297265e+00,4.856242624444235645e+01,-1.184755388929320252e-01,0.000000000000000000e+00,0.000000000000000000e+00
9.760000000000000000e+02,4.976385099041242910e+01,8.664100000000000534e+01,5.000000000000000000e+01,1.309933782810297265e+00,4.857031894309230324e+01,-1.164017354901716872e-01,0.000000000000000000e+00,0.000000000000000000e+00
9.770000000000000000e+02,4.977378119247786969e+01,8.660800000000000409e+01,5.000000000000000000e+01,1.309933782810297265e+00,4.857821164174225004e+01,-1.143642320746786484e-01,0.000000000000000000e+00,0.000000000000000000e+00
9.780000000000000000e+02,4.996358969462065858e+01,8.664100000000000534e+01,5.000000000000000000e+01,1.430345523291473020e+00,4.858682985308146840e+01,-5.358568175228013014e-02,0.000000000000000000e+00,0.000000000000000000e+00
9.790000000000000000e+02,4.979323190848980119e+01,8.664100000000000534e+01,5.000000000000000000e+01,1.309933782810297265e+00,4.859472255173141519e+01,-1.114244260519146323e-01,0.000000000000000000e+00,0.000000000000000000e+00
9.800000000000000000e+02,4.980307498741280625e+01,8.657599999999999341e+01,5.000000000000000000e+01,1.309933782810297265e+00,4.860261525038136199e+01,-1.094740457788533489e-01,0.000000000000000000e+00,0.000000000000000000e+00
9.810000000000000000e+02,5.016725991776633720e+01,8.664100000000000534e+01,5.000000000000000000e+01,1.547108423152041556e+00,4.861193698917684003e+01,8.214505437456096071e-03,0.000000000000000000e+00,0.000000000000000000e+00
9.820000000000000000e+02,4.982206187832233013e+01,8.664100000000000534e+01,5.000000000000000000e+01,1.309933782810297265e+00,4.861982968782678682e+01,-1.077015923147529586e-01,0.000000000000000000e+00,0.000000000000000000e+00
9.830000000000000000e+02,4.983183979252573437e+01,8.657599999999999341e+01,5.000000000000000000e+01,1.309933782810297265e+00,4.862772238647673362e+01,-1.058163767612969181e-01,0.000000000000000000e+00,0.000000000000000000e+00
9.840000000000000000e+02,5.019596069880707745e+01,8.660800000000000409e+01,5.000000000000000000e+01,1.547108423152041556e+00,4.863704412527221166e+01,1.180815038282295726e-02,0.000000000000000000e+00,0.000000000000000000e+00
9.850000000000000000e+02,5.003061372063964996e+01,8.660800000000000409e+01,5.000000000000000000e+01,1.430345523291473020e+00,4.864566233661143002e+01,-4.539413926324898513e-02,0.000000000000000000e+00,0.000000000000000000e+00
9.860000000000000000e+02,5.004002651389298961e+01,8.660800000000000409e+01,5.000000000000000000e+01,1.430345523291473020e+00,4.865428054795064838e+01,-4.459955734913271380e-02,0.000000000000000000e+00,0.000000000000000000e+00
9.870000000000000000e+02,5.004942539873372453e+01,8.664100000000000534e+01,5.000000000000000000e+01,1.430345523291473020e+00,4.866289875928986675e+01,-4.381888384761083860e-02,0.000000000000000000e+00,0.000000000000000000e+00
9.880000000000000000e+02,4.987889665394829564e+01,8.664100000000000534e+01,5.000000000000000000e+01,1.309933782810297265e+00,4.867079145793981354e+01,-1.018285868018169171e-01,0.000000000000000000e+00,0.000000000000000000e+00
9.890000000000000000e+02,4.988857176668794580e+01,8.664100000000000534e+01,5.000000000000000000e+01,1.309933782810297265e+00,4.867868415658976033e+01,-1.000461727121141897e-01,0.000000000000000000e+00,0.000000000000000000e+00
9.900000000000000000e+02,4.989821567993747919e+01,8.664100000000000534e+01,5.000000000000000000e+01,1.309933782810297265e+00,4.868657685523970713e+01,-9.829495811252472737e-02,0.000000000000000000e+00,0.000000000000000000e+00
9.910000000000000000e+02,4.990782893981477031e+01,8.664100000000000534e+01,5.000000000000000000e+01,1.309933782810297265e+00,4.869446955388965392e+01,-9.657439688518010268e-02,0.000000000000000000e+00,0.000000000000000000e+00
9.920000000000000000e+02,4.991741208287840692e+01,8.664100000000000534e+01,5.000000000000000000e+01,1.309933782810297265e+00,4.870236225253960072e+01,-9.488395247149393474e-02,0.000000000000000000e+00,0.000000000000000000e+00
9.930000000000000000e+02,4.992696563629500872e+01,8.664100000000000534e+01,5.000000000000000000e+01,1.309933782810297265e+00,4.871025495118954751e+01,-9.322309770483565294e-02,0.000000000000000000e+00,0.000000000000000000e+00
9.940000000000000000e+02,4.993649011800366111e+01,8.664100000000000534e+01,5.000000000000000000e+01,1.309933782810297265e+00,4.871814764983949431e+01,-9.159131464613304296e-02,0.000000000000000000e+00,0.000000000000000000e+00
9.950000000000000000e+02,4.994598603687738603e+01,8.664100000000000534e+01,5.000000000000000000e+01,1.309933782810297265e+00,4.872604034848944110e+01,-8.998809442235251865e-02,0.000000000000000000e+00,0.000000000000000000e+00
9.960000000000000000e+02,4.995545389288187721e+01,8.664100000000000534e+01,5.000000000000000000e+01,1.309933782810297265e+00,4.873393304713938790e+01,-8.841293706780659067e-02,0.000000000000000000e+00,0.000000000000000000e+00
9.970000000000000000e+02,4.996489417723139326e+01,8.664100000000000534e+01,5.000000000000000000e+01,1.309933782810297265e+00,4.874182574578933469e+01,-8.686535136823909931e-02,0.000000000000000000e+00,0.000000000000000000e+00
9.980000000000000000e+02,4.997430737254193645e+01,8.664100000000000534e+01,5.000000000000000000e+01,1.309933782810297265e+00,4.874971844443928148e+01,-8.534485470763961135e-02,0.000000000000000000e+00,0.000000000000000000e+00
9.990000000000000000e+02,4.998369395298178830e+01,8.664100000000000534e+01,5.000000000000000000e+01,1.309933782810297265e+00,4.875761114308922828e+01,-8.385097291773918604e-02,0.000000000000000000e+00,0.000000000000000000e+00
1.000000000000000000e+03,4.999305438441933092e+01,8.664100000000000534e+01,5.000000000000000000e+01,1.309933782810297265e+00,4.876550384173917507e+01,-8.238324013014056146e-02,0.000000000000000000e+00,0.000000000000000000e+00
1.001000000000000000e+03,5.000238912456838136e+01,8.660800000000000409e+01,5.000000000000000000e+01,1.309933782810297265e+00,4.877339654038912187e+01,-8.094119863103664547e-02,0.000000000000000000e+00,0.000000000000000000e+00
1.002000000000000000e+03,5.019161258779821821e+01,8.664100000000000534e+01,5.000000000000000000e+01,1.430345523291473020e+00,4.878201475172834023e+01,-2.074768722159580497e-02,0.000000000000000000e+00,0.000000000000000000e+00
1.003000000000000000e+03,5.002068000331291131e+01,8.664100000000000534e+01,5.000000000000000000e+01,1.309933782810297265e+00,4.878990745037828702e+01,-7.916122987567461577e-02,0.000000000000000000e+00,0.000000000000000000e+00
1.004000000000000000e+03,5.002995834518859652e+01,8.664100000000000534e+01,5.000000000000000000e+01,1.309933782810297265e+00,4.879780014902823382e+01,-7.777558664993478033e-02,0.000000000000000000e+00,0.000000000000000000e+00
1.005000000000000000e+03,5.003921243267672736e+01,8.664100000000000534e+01,5.000000000000000000e+01,1.309933782810297265e+00,4.880569284767818061e+01,-7.641419781175377846e-02,0.000000000000000000e+00,0.000000000000000000e+00
1.006000000000000000e+03,5.004844269032764004e+01,8.664100000000000534e+01,5.000000000000000000e+01,1.309933782810297265e+00,4.881358554632812741e+01,-7.507663881078205370e-02,0.000000000000000000e+00,0.000000000000000000e+00
1.007000000000000000e+03,5.005764953526034589e+01,8.664100000000000534e+01,5.000000000000000000e+01,1.309933782810297265e+00,4.882147824497807420e+01,-7.376249252802648260e-02,0.000000000000000000e+00,0.000000000000000000e+00
1.008000000000000000e+03,5.006683337729254646e+01,8.664100000000000534e+01,5.000000000000000000e+01,1.309933782810297265e+00,4.882937094362802100e+01,-7.247134914577146869e-02,0.000000000000000000e+00,0.000000000000000000e+00
1.009000000000000000e+03,5.007599461906848859e+01,8.664100000000000534e+01,5.000000000000000000e+01,1.309933782810297265e+00,4.883726364227796779e+01,-7.120280601977688195e-02,0.000000000000000000e+00,0.000000000000000000e+00
1.010000000000000000e+03,5.008513365618449598e+01,8.664100000000000534e+01,5.000000000000000000e+01,1.309933782810297265e+00,4.884515634092791458e+01,-6.995646755371308367e-02,0.000000000000000000e+00,0.000000000000000000e+00
1.011000000000000000e+03,5.009425087731236204e+01,8.664100000000000534e+01,5.000000000000000000e+01,1.309933782810297265e+00,4.885304903957786138e+01,-6.873194507579390156e-02,0.000000000000000000e+00,0.000000000000000000e+00
1.012000000000000000e+03,5.010334666432054007e+01,8.664100000000000534e+01,5.000000000000000000e+01,1.309933782810297265e+00,4.886094173822780817e+01,-6.752885671756891917e-02,0.000000000000000000e+00,0.000000000000000000e+00
1.013000000000000000e+03,5.011242139239321602e+01,8.664100000000000534e+01,5.000000000000000000e+01,1.309933782810297265e+00,4.886883443687775497e+01,-6.634682729483747099e-02,0.000000000000000000e+00,0.000000000000000000e+00
1.014000000000000000e+03,5.012147543014734907e+01,8.664100000000000534e+01,5.000000000000000000e+01,1.309933782810297265e+00,4.887672713552770176e+01,-6.518548819064712285e-02,0.000000000000000000e+00,0.000000000000000000e+00
1.015000000000000000e+03,5.013050913974760903e+01,8.664100000000000534e+01,5.000000000000000000e+01,1.309933782810297265e+00,4.888461983417764856e+01,-6.404447724034012523e-02,0.000000000000000000e+00,0.000000000000000000e+00
1.016000000000000000e+03,5.013952287701928157e+01,8.664100000000000534e+01,5.000000000000000000e+01,1.309933782810297265e+00,4.889251253282759535e+01,-6.292343861861203480e-02,0.000000000000000000e+00,0.000000000000000000e+00
1.017000000000000000e+03,5.014851699155929055e+01,8.664100000000000534e+01,5.000000000000000000e+01,1.309933782810297265e+00,4.890040523147754215e+01,-6.182202272854728925e-02,0.000000000000000000e+00,0.000000000000000000e+00
1.018000000000000000e+03,5.015749182684518814e+01,8.664100000000000534e+01,5.000000000000000000e+01,1.309933782810297265e+00,4.890829793012748894e+01,-6.073988609259705490e-02,0.000000000000000000e+00,0.000000000000000000e+00
1.019000000000000000e+03,5.016644772034226918e+01,8.664100000000000534e+01,5.000000000000000000e+01,1.309933782810297265e+00,4.891619062877743573e+01,-5.967669124546546439e-02,0.000000000000000000e+00,0.000000000000000000e+00
1.020000000000000000e+03,5.017538500360880960e+01,8.664100000000000534e+01,5.000000000000000000e+01,1.309933782810297265e+00,4.892408332742738253e+01,-5.863210662887075736e-02,0.000000000000000000e+00,0.000000000000000000e+00
1.021000000000000000e+03,5.018430400239947886e+01,8.664100000000000534e+01,5.000000000000000000e+01,1.309933782810297265e+00,4.893197602607732932e+01,-5.760580648814851712e-02,0.000000000000000000e+00,0.000000000000000000e+00
1.022000000000000000e+03,5.019320503676691203e+01,8.664100000000000534e+01,5.000000000000000000e+01,1.309933782810297265e+00,4.893986872472727612e+01,-5.659747077066478588e-02,0.000000000000000000e+00,0.000000000000000000e+00
1.023000000000000000e+03,5.020208842116151260e+01,8.664100000000000534e+01,5.000000000000000000e+01,1.309933782810297265e+00,4.894776142337722291e+01,-5.560678502600736178e-02,0.000000000000000000e+00,0.000000000000000000e+00
1.024000000000000000e+03,5.021095446452954292e+01,8.664100000000000534e+01,5.000000000000000000e+01,1.309933782810297265e+00,4.895565412202716971e+01,-5.463344030792415679e-02,0.000000000000000000e+00,0.000000000000000000e+00
1.025000000000000000e+03,5.021980347040943826e+01,8.664100000000000534e+01,5.000000000000000000e+01,1.309933782810297265e+00,4.896354682067711650e+01,-5.367713307797800787e-02,0.000000000000000000e+00,0.000000000000000000e+00
1.026000000000000000e+03,5.022863573702647244e+01,8.664100000000000534e+01,5.000000000000000000e+01,1.309933782810297265e+00,4.897143951932706329e+01,-5.273756511088795867e-02,0.000000000000000000e+00,0.000000000000000000e+00
1.027000000000000000e+03,5.023745155738578205e+01,8.664100000000000534e+01,5.000000000000000000e+01,1.309933782810297265e+00,4.897933221797701009e+01,-5.181444340152741718e-02,0.000000000000000000e+00,0.000000000000000000e+00
1.028000000000000000e+03,5.024625121936370675e+01,8.664100000000000534e+01,5.000000000000000000e+01,1.309933782810297265e+00,4.898722491662695688e+01,-5.090748007355026111e-02,0.000000000000000000e+00,0.000000000000000000e+00
1.029000000000000000e+03,5.025503500579758764e+01,8.664100000000000534e+01,5.000000000000000000e+01,1.309933782810297265e+00,4.899511761527690368e+01,-5.001639228961631684e-02,0.000000000000000000e+00,0.000000000000000000e+00
1.030000000000000000e+03,5.026380319457395984e+01,8.664100000000000534e+01,5.000000000000000000e+01,1.309933782810297265e+00,4.900301031392685047e+01,-4.914090216318828253e-02,0.000000000000000000e+00,0.000000000000000000e+00
1.031000000000000000e+03,5.027255605871522448e+01,8.667300000000000182e+01,5.000000000000000000e+01,1.309933782810297265e+00,4.901090301257679727e+01,-4.828073667187256918e-02,0.000000000000000000e+00,0.000000000000000000e+00
1.032000000000000000e+03,5.010683184012071223e+01,8.670499999999999829e+01,5.000000000000000000e+01,1.193170882949780465e+00,4.901809218377047728e+01,-1.044312265995425426e-01,0.000000000000000000e+00,0.000000000000000000e+00
1.033000000000000000e+03,4.994138695583336585e+01,8.667300000000000182e+01,5.000000000000000000e+01,1.076407983089263665e+00,4.902457782750789761e+01,-1.595988547637906541e-01,0.000000000000000000e+00,0.000000000000000000e+00
1.034000000000000000e+03,5.012512825446616205e+01,8.670499999999999829e+01,5.000000000000000000e+01,1.193170882949780465e+00,4.903176699870157762e+01,-9.980962718519259536e-02,0.000000000000000000e+00,0.000000000000000000e+00
1.035000000000000000e+03,4.995960247340737226e+01,8.670499999999999829e+01,5.000000000000000000e+01,1.076407983089263665e+00,4.903825264243899795e+01,-1.550581521208859448e-01,0.000000000000000000e+00,0.000000000000000000e+00
1.036000000000000000e+03,4.996880226494693744e+01,8.667300000000000182e+01,5.000000000000000000e+01,1.076407983089263665e+00,4.904473828617641828e+01,-1.523440043187423987e-01,0.000000000000000000e+00,0.000000000000000000e+00
1.037000000000000000e+03,5.015241657421399424e+01,8.670499999999999829e+01,5.000000000000000000e+01,1.193170882949780465e+00,4.905192745737009830e+01,-9.268176610588213515e-02,0.000000000000000000e+00,0.000000000000000000e+00
1.038000000000000000e+03,4.998676602661943491e+01,8.680200000000000671e+01,5.000000000000000000e+01,1.076407983089263665e+00,4.905841310110751863e+01,-1.480550575773414423e-01,0.000000000000000000e+00,0.000000000000000000e+00
1.039000000000000000e+03,4.946700521818915774e+01,8.676999999999999602e+01,5.000000000000000000e+01,7.224704428870025730e-01,4.906276617724314093e+01,-3.182314019409825390e-01,0.000000000000000000e+00,0.000000000000000000e+00
1.040000000000000000e+03,4.965139066346183228e+01,8.670499999999999829e+01,5.000000000000000000e+01,8.392333427475712204e-01,4.906782278083503002e+01,-2.556654601207645205e-01,0.000000000000000000e+00,0.000000000000000000e+00
1.041000000000000000e+03,5.001529844261474977e+01,8.670499999999999829e+01,5.000000000000000000e+01,1.076407983089263665e+00,4.907430842457245035e+01,-1.354179650469589657e-01,0.000000000000000000e+00,0.000000000000000000e+00
1.042000000000000000e+03,5.002415445106486658e+01,8.676999999999999602e+01,5.000000000000000000e+01,1.076407983089263665e+00,4.908079406830987068e+01,-1.330476003342645208e-01,0.000000000000000000e+00,0.000000000000000000e+00
1.043000000000000000e+03,4.967859297748822911e+01,8.676999999999999602e+01,5.000000000000000000e+01,8.392333427475712204e-01,4.908585067190175977e+01,-2.464910371610970485e-01,0.000000000000000000e+00,0.000000000000000000e+00
1.044000000000000000e+03,4.968796417594410286e+01,8.683400000000000318e+01,5.000000000000000000e+01,8.392333427475712204e-01,4.909090727549364885e+01,-2.421764422971178776e-01,0.000000000000000000e+00,0.000000000000000000e+00
1.045000000000000000e+03,4.934833579876762144e+01,8.686599999999999966e+01,5.000000000000000000e+01,6.057075430264858840e-01,4.909455682417301148e+01,-3.519285684318745888e-01,0.000000000000000000e+00,0.000000000000000000e+00
1.046000000000000000e+03,4.918368350125120259e+01,8.689799999999999613e+01,5.000000000000000000e+01,4.889446431659690839e-01,4.909750284539611442e+01,-4.027639873108805335e-01,0.000000000000000000e+00,0.000000000000000000e+00
1.047000000000000000e+03,4.901921750269870159e+01,8.686599999999999966e+01,5.000000000000000000e+01,3.721817433054522839e-01,4.909974533916295059e+01,-4.527095797697061608e-01,0.000000000000000000e+00,0.000000000000000000e+00
1.048000000000000000e+03,4.920384628021969320e+01,8.693099999999999739e+01,5.000000000000000000e+01,4.889446431659690839e-01,4.910269136038605353e+01,-3.877897233323345794e-01,0.000000000000000000e+00,0.000000000000000000e+00
1.049000000000000000e+03,4.885920420652639962e+01,8.693099999999999739e+01,5.000000000000000000e+01,2.517700028242765287e-01,4.910420834146361813e+01,-4.967741377614955378e-01,0.000000000000000000e+00,0.000000000000000000e+00
1.050000000000000000e+03,4.886941675385266137e+01,8.693099999999999739e+01,5.000000000000000000e+01,2.517700028242765287e-01,4.910572532254118272e+01,-4.880785715128022617e-01,0.000000000000000000e+00,0.000000000000000000e+00
1.051000000000000000e+03,4.887947709343169578e+01,8.696299999999999386e+01,5.000000000000000000e+01,2.517700028242765287e-01,4.910724230361874731e+01,-4.795352130113281763e-01,0.000000000000000000e+00,0.000000000000000000e+00
1.052000000000000000e+03,4.871492586317360463e+01,8.693099999999999739e+01,5.000000000000000000e+01,1.350071029637597841e-01,4.910805575724005223e+01,-5.281369970302061123e-01,0.000000000000000000e+00,0.000000000000000000e+00
1.053000000000000000e+03,4.889944588688021554e+01,8.696299999999999386e+01,5.000000000000000000e+01,2.517700028242765287e-01,4.910957273831761682e+01,-4.618968542616821993e-01,0.000000000000000000e+00,0.000000000000000000e+00
1.054000000000000000e+03,4.873458591366357240e+01,8.696299999999999386e+01,5.000000000000000000e+01,1.350071029637597841e-01,4.911038619193892174e+01,-5.108073812391145108e-01,0.000000000000000000e+00,0.000000000000000000e+00
1.055000000000000000e+03,4.874434057232404882e+01,8.696299999999999386e+01,5.000000000000000000e+01,1.350071029637597841e-01,4.911119964556022666e+01,-5.018661761999367865e-01,0.000000000000000000e+00,0.000000000000000000e+00
1.056000000000000000e+03,4.875393872356023195e+01,8.696299999999999386e+01,5.000000000000000000e+01,1.350071029637597841e-01,4.911201309918153157e+01,-4.930814785850619608e-01,0.000000000000000000e+00,0.000000000000000000e+00
1.057000000000000000e+03,4.876338310688806388e+01,8.696299999999999386e+01,5.000000000000000000e+01,1.350071029637597841e-01,4.911282655280283649e+01,-4.844505488785349478e-01,0.000000000000000000e+00,0.000000000000000000e+00
1.058000000000000000e+03,4.877267641387084041e+01,8.696299999999999386e+01,5.000000000000000000e+01,1.350071029637597841e-01,4.911364000642414140e+01,-4.759706955170630582e-01,0.000000000000000000e+00,0.000000000000000000e+00
1.059000000000000000e+03,4.878182128895856096e+01,8.696299999999999386e+01,5.000000000000000000e+01,1.350071029637597841e-01,4.911445346004544632e+01,-4.676392740506494783e-01,0.000000000000000000e+00,0.000000000000000000e+00
1.060000000000000000e+03,4.879082033031259158e+01,8.696299999999999386e+01,5.000000000000000000e+01,1.350071029637597841e-01,4.911526691366675124e+01,-4.594536863179190522e-01,0.000000000000000000e+00,0.000000000000000000e+00
1.061000000000000000e+03,4.879967609061593947e+01,8.696299999999999386e+01,5.000000000000000000e+01,1.350071029637597841e-01,4.911608036728805615e+01,-4.514113796358793507e-01,0.000000000000000000e+00,0.000000000000000000e+00
1.062000000000000000e+03,4.880839107786925979e+01,8.696299999999999386e+01,5.000000000000000000e+01,1.350071029637597841e-01,4.911689382090936107e+01,-4.435098460038641721e-01,0.000000000000000000e+00,0.000000000000000000e+00
1.063000000000000000e+03,4.881696775617301398e+01,8.696299999999999386e+01,5.000000000000000000e+01,1.350071029637597841e-01,4.911770727453066598e+01,-4.357466213214111761e-01,0.000000000000000000e+00,0.000000000000000000e+00
1.064000000000000000e+03,4.882540854649590045e+01,8.696299999999999386e+01,5.000000000000000000e+01,1.350071029637597841e-01,4.911852072815197090e+01,-4.281192846198300095e-01,0.000000000000000000e+00,0.000000000000000000e+00
1.065000000000000000e+03,4.883371582742981332e+01,8.696299999999999386e+01,5.000000000000000000e+01,1.350071029637597841e-01,4.911933418177327582e+01,-4.206254573072209513e-01,0.000000000000000000e+00,0.000000000000000000e+00
1.066000000000000000e+03,4.884189193593163481e+01,8.696299999999999386e+01,5.000000000000000000e+01,1.350071029637597841e-01,4.912014763539458073e+01,-4.132628024267089306e-01,0.000000000000000000e+00,0.000000000000000000e+00
1.067000000000000000e+03,4.884993916805198921e+01,8.696299999999999386e+01,5.000000000000000000e+01,1.350071029637597841e-01,4.912096108901588565e+01,-4.060290239276612145e-01,0.000000000000000000e+00,0.000000000000000000e+00
1.068000000000000000e+03,4.885785977965129234e+01,8.696299999999999386e+01,5.000000000000000000e+01,1.350071029637597841e-01,4.912177454263719056e+01,-3.989218659496621133e-01,0.000000000000000000e+00,0.000000000000000000e+00
1.069000000000000000e+03,4.886565598710323854e+01,8.696299999999999386e+01,5.000000000000000000e+01,1.350071029637597841e-01,4.912258799625849548e+01,-3.919391121190208271e-01,0.000000000000000000e+00,0.000000000000000000e+00
1.070000000000000000e+03,4.887332996798596696e+01,8.696299999999999386e+01,5.000000000000000000e+01,1.350071029637597841e-01,4.912340144987980040e+01,-3.850785848575931647e-01,0.000000000000000000e+00,0.000000000000000000e+00
1.071000000000000000e+03,4.888088386176116273e+01,8.696299999999999386e+01,5.000000000000000000e+01,1.350071029637597841e-01,4.912421490350110531e+01,-3.783381447037019729e-01,0.000000000000000000e+00,0.000000000000000000e+00
1.072000000000000000e+03,4.888831977044122823e+01,8.696299999999999386e+01,5.000000000000000000e+01,1.350071029637597841e-01,4.912502835712241023e+01,-3.717156896449440029e-01,0.000000000000000000e+00,0.000000000000000000e+00
1.073000000000000000e+03,4.889563975924480133e+01,8.696299999999999386e+01,5.000000000000000000e+01,1.350071029637597841e-01,4.912584181074371514e+01,-3.652091544626754338e-01,0.000000000000000000e+00,0.000000000000000000e+00
1.074000000000000000e+03,4.890284585724081268e+01,8.696299999999999386e+01,5.000000000000000000e+01,1.350071029637597841e-01,4.912665526436502006e+01,-3.588165100879714409e-01,0.000000000000000000e+00,0.000000000000000000e+00
1.075000000000000000e+03,4.890994005798122402e+01,8.696299999999999386e+01,5.000000000000000000e+01,1.350071029637597841e-01,4.912746871798632498e+01,-3.525357629688594119e-01,0.000000000000000000e+00,0.000000000000000000e+00
1.076000000000000000e+03,4.891692432012276726e+01,8.696299999999999386e+01,5.000000000000000000e+01,1.350071029637597841e-01,4.912828217160762989e+01,-3.463649544486278042e-01,0.000000000000000000e+00,0.000000000000000000e+00
1.077000000000000000e+03,4.892380056803767729e+01,8.696299999999999386e+01,5.000000000000000000e+01,1.350071029637597841e-01,4.912909562522893481e+01,-3.403021601550172970e-01,0.000000000000000000e+00,0.000000000000000000e+00
1.078000000000000000e+03,4.893057069241389456e+01,8.696299999999999386e+01,5.000000000000000000e+01,1.350071029637597841e-01,4.912990907885023972e+01,-3.343454894001035571e-01,0.000000000000000000e+00,0.000000000000000000e+00
1.079000000000000000e+03,4.893723655084462365e+01,8.696299999999999386e+01,5.000000000000000000e+01,1.350071029637597841e-01,4.913072253247154464e+01,-3.284930845906845476e-01,0.000000000000000000e+00,0.000000000000000000e+00
1.080000000000000000e+03,4.894379996840762459e+01,8.696299999999999386e+01,5.000000000000000000e+01,1.350071029637597841e-01,4.913153598609284956e+01,-3.227431206489881910e-01,0.000000000000000000e+00,0.000000000000000000e+00
1.081000000000000000e+03,4.895026273823439311e+01,8.696299999999999386e+01,5.000000000000000000e+01,1.350071029637597841e-01,4.913234943971415447e+01,-3.170938044435204772e-01,0.000000000000000000e+00,0.000000000000000000e+00
1.082000000000000000e+03,4.895662662206934357e+01,8.696299999999999386e+01,5.000000000000000000e+01,1.350071029637597841e-01,4.913316289333545939e+01,-3.115433742298755471e-01,0.000000000000000000e+00,0.000000000000000000e+00
1.083000000000000000e+03,4.896289335081919347e+01,8.696299999999999386e+01,5.000000000000000000e+01,1.350071029637597841e-01,4.913397634695676430e+01,-3.060900991013342232e-01,0.000000000000000000e+00,0.000000000000000000e+00
1.084000000000000000e+03,4.896906462509274860e+01,8.696299999999999386e+01,5.000000000000000000e+01,1.350071029637597841e-01,4.913478980057806922e+01,-3.007322784490791823e-01,0.000000000000000000e+00,0.000000000000000000e+00
1.085000000000000000e+03,4.897514211573128051e+01,8.696299999999999386e+01,5.000000000000000000e+01,1.350071029637597841e-01,4.913560325419937413e+01,-2.954682414318584027e-01,0.000000000000000000e+00,0.000000000000000000e+00
1.086000000000000000e+03,4.898112746432951070e+01,8.696299999999999386e+01,5.000000000000000000e+01,1.350071029637597841e-01,4.913641670782067905e+01,-2.902963464549320194e-01,0.000000000000000000e+00,0.000000000000000000e+00
1.087000000000000000e+03,4.898702228374760637e+01,8.696299999999999386e+01,5.000000000000000000e+01,1.350071029637597841e-01,4.913723016144198397e+01,-2.852149806581392721e-01,0.000000000000000000e+00,0.000000000000000000e+00
1.088000000000000000e+03,4.899282815861412388e+01,8.696299999999999386e+01,5.000000000000000000e+01,1.350071029637597841e-01,4.913804361506328888e+01,-2.802225594129267860e-01,0.000000000000000000e+00,0.000000000000000000e+00
1.089000000000000000e+03,4.899854664582017705e+01,8.696299999999999386e+01,5.000000000000000000e+01,1.350071029637597841e-01,4.913885706868459380e+01,-2.753175258281805315e-01,0.000000000000000000e+00,0.000000000000000000e+00
1.090000000000000000e+03,4.900417927500495097e+01,8.696299999999999386e+01,5.000000000000000000e+01,1.350071029637597841e-01,4.913967052230589871e+01,-2.704983502647081428e-01,0.000000000000000000e+00,0.000000000000000000e+00
1.091000000000000000e+03,4.900972754903274620e+01,8.696299999999999386e+01,5.000000000000000000e+01,1.350071029637597841e-01,4.914048397592720363e+01,-2.657635298582193273e-01,0.000000000000000000e+00,0.000000000000000000e+00
1.092000000000000000e+03,4.901519294446161723e+01,8.696299999999999386e+01,5.000000000000000000e+01,1.350071029637597841e-01,4.914129742954850855e+01,-2.611115880506564291e-01,0.000000000000000000e+00,0.000000000000000000e+00
1.093000000000000000e+03,4.902057691200384681e+01,8.696299999999999386e+01,5.000000000000000000e+01,1.350071029637597841e-01,4.914211088316981346e+01,-2.565410741297283193e-01,0.000000000000000000e+00,0.000000000000000000e+00
1.094000000000000000e+03,4.902588087697837693e+01,8.696299999999999386e+01,5.000000000000000000e+01,1.350071029637597841e-01,4.914292433679111838e+01,-2.520505627765044498e-01,0.000000000000000000e+00,0.000000000000000000e+00
1.095000000000000000e+03,4.903110623975526039e+01,8.696299999999999386e+01,5.000000000000000000e+01,1.350071029637597841e-01,4.914373779041242329e+01,-2.476386536209280453e-01,0.000000000000000000e+00,0.000000000000000000e+00
1.096000000000000000e+03,4.903625437619238170e+01,8.699500000000000455e+01,5.000000000000000000e+01,1.350071029637597841e-01,4.914455124403372821e+01,-2.433039708051091821e-01,0.000000000000000000e+00,0.000000000000000000e+00
1.097000000000000000e+03,4.886686461172040907e+01,8.696299999999999386e+01,5.000000000000000000e+01,1.824420310319116098e-02,4.914466117019876634e+01,-2.960407615815532356e-01,0.000000000000000000e+00,0.000000000000000000e+00
1.098000000000000000e+03,4.904661848063577878e+01,8.696299999999999386e+01,5.000000000000000000e+01,1.350071029637597841e-01,4.914547462382007126e+01,-2.338632461480546487e-01,0.000000000000000000e+00,0.000000000000000000e+00
1.099000000000000000e+03,4.905152549146031760e+01,8.696299999999999386e+01,5.000000000000000000e+01,1.350071029637597841e-01,4.914628807744137617e+01,-2.297696889448187507e-01,0.000000000000000000e+00,0.000000000000000000e+00
1.100000000000000000e+03,4.905636084839801470e+01,8.696299999999999386e+01,5.000000000000000000e+01,1.350071029637597841e-01,4.914710153106268109e+01,-2.257477856284255957e-01,0.000000000000000000e+00,0.000000000000000000e+00
1.101000000000000000e+03,4.906112580568308346e+01,8.699500000000000455e+01,5.000000000000000000e+01,1.350071029637597841e-01,4.914791498468398601e+01,-2.217962819646615291e-01,0.000000000000000000e+00,0.000000000000000000e+00
1.102000000000000000e+03,4.889135956925142068e+01,8.696299999999999386e+01,5.000000000000000000e+01,1.824420310319116098e-02,4.914802491084902414e+01,-2.749095447007996462e-01,0.000000000000000000e+00,0.000000000000000000e+00
1.103000000000000000e+03,4.907074355599633009e+01,8.696299999999999386e+01,5.000000000000000000e+01,1.350071029637597841e-01,4.914883836447032905e+01,-2.131019114377579737e-01,0.000000000000000000e+00,0.000000000000000000e+00
1.104000000000000000e+03,4.907528715909155892e+01,8.702700000000000102e+01,5.000000000000000000e+01,1.350071029637597841e-01,4.914965181809163397e+01,-2.093717619638337801e-01,0.000000000000000000e+00,0.000000000000000000e+00
1.105000000000000000e+03,4.873084141672389080e+01,8.696299999999999386e+01,5.000000000000000000e+01,-9.851869675732560783e-02,4.914905821680041242e+01,-3.196981033191949040e-01,0.000000000000000000e+00,0.000000000000000000e+00
1.106000000000000000e+03,4.908476788414840541e+01,8.696299999999999386e+01,5.000000000000000000e+01,1.350071029637597841e-01,4.914987167042171734e+01,-2.001108892370724868e-01,0.000000000000000000e+00,0.000000000000000000e+00
1.107000000000000000e+03,4.908908409156097719e+01,8.706000000000000227e+01,5.000000000000000000e+01,1.350071029637597841e-01,4.915068512404302226e+01,-1.966081354458086849e-01,0.000000000000000000e+00,0.000000000000000000e+00
1.108000000000000000e+03,4.856450096919188297e+01,8.696299999999999386e+01,5.000000000000000000e+01,-2.189304372385013631e-01,4.914936601006252914e+01,-3.659346036321478035e-01,0.000000000000000000e+00,0.000000000000000000e+00
1.109000000000000000e+03,4.909842521525020231e+01,8.696299999999999386e+01,5.000000000000000000e+01,1.350071029637597841e-01,4.915017946368383406e+01,-1.867613513973962747e-01,0.000000000000000000e+00,0.000000000000000000e+00
1.110000000000000000e+03,4.910250775149945923e+01,8.702700000000000102e+01,5.000000000000000000e+01,1.350071029637597841e-01,4.915099291730513897e+01,-1.834922687694450771e-01,0.000000000000000000e+00,0.000000000000000000e+00
1.111000000000000000e+03,4.875760901282934867e+01,8.702700000000000102e+01,5.000000000000000000e+01,-9.851869675732560783e-02,4.915039931601391743e+01,-2.942716064272474785e-01,0.000000000000000000e+00,0.000000000000000000e+00
1.112000000000000000e+03,4.876216636053947440e+01,8.709199999999999875e+01,5.000000000000000000e+01,-9.851869675732560783e-02,4.914980571472269588e+01,-2.891206574259006512e-01,0.000000000000000000e+00,0.000000000000000000e+00
1.113000000000000000e+03,4.841225755469779557e+01,8.702700000000000102e+01,5.000000000000000000e+01,-3.356933370990181076e-01,4.914778307328594309e+01,-3.998321814891344084e-01,0.000000000000000000e+00,0.000000000000000000e+00
1.114000000000000000e+03,4.877160959232441684e+01,8.706000000000000227e+01,5.000000000000000000e+01,-9.851869675732560783e-02,4.914718947199472154e+01,-2.770611829129838721e-01,0.000000000000000000e+00,0.000000000000000000e+00
1.115000000000000000e+03,4.859595172301436605e+01,8.699500000000000455e+01,5.000000000000000000e+01,-2.189304372385013631e-01,4.914587035801422843e+01,-3.309881977613646775e-01,0.000000000000000000e+00,0.000000000000000000e+00
1.116000000000000000e+03,4.895480223860730007e+01,8.696299999999999386e+01,5.000000000000000000e+01,1.824420310319116098e-02,4.914598028417926656e+01,-2.094222486751620149e-01,0.000000000000000000e+00,0.000000000000000000e+00
1.117000000000000000e+03,4.913303993153827776e+01,8.702700000000000102e+01,5.000000000000000000e+01,1.350071029637597841e-01,4.914679373780057148e+01,-1.487609092260550048e-01,0.000000000000000000e+00,0.000000000000000000e+00
1.118000000000000000e+03,4.878753325293156706e+01,8.706000000000000227e+01,5.000000000000000000e+01,-9.851869675732560783e-02,4.914620013650934993e+01,-2.601481868204604253e-01,0.000000000000000000e+00,0.000000000000000000e+00
1.119000000000000000e+03,4.861157933745725757e+01,8.699500000000000455e+01,5.000000000000000000e+01,-2.189304372385013631e-01,4.914488102252885682e+01,-3.143712478330983329e-01,0.000000000000000000e+00,0.000000000000000000e+00
1.120000000000000000e+03,4.897013898889691319e+01,8.709199999999999875e+01,5.000000000000000000e+01,1.824420310319116098e-02,4.914499094869389495e+01,-1.930961629001777813e-01,0.000000000000000000e+00,0.000000000000000000e+00
1.121000000000000000e+03,4.844479086527979916e+01,8.706000000000000227e+01,5.000000000000000000e+01,-3.356933370990181076e-01,4.914296830725714216e+01,-3.624841048783272734e-01,0.000000000000000000e+00,0.000000000000000000e+00
1.122000000000000000e+03,4.862357519511974857e+01,8.709199999999999875e+01,5.000000000000000000e+01,-2.189304372385013631e-01,4.914164919327664904e+01,-2.991435609183988875e-01,0.000000000000000000e+00,0.000000000000000000e+00
1.123000000000000000e+03,4.845303028279926849e+01,8.702700000000000102e+01,5.000000000000000000e+01,-3.356933370990181076e-01,4.913962655183989625e+01,-3.509029319416115955e-01,0.000000000000000000e+00,0.000000000000000000e+00
1.124000000000000000e+03,4.881152585971548064e+01,8.706000000000000227e+01,5.000000000000000000e+01,-9.851869675732560783e-02,4.913903295054867471e+01,-2.289883940758686287e-01,0.000000000000000000e+00,0.000000000000000000e+00
1.125000000000000000e+03,4.863502652123802505e+01,8.722100000000000364e+01,5.000000000000000000e+01,-2.189304372385013631e-01,4.913771383656818159e+01,-2.837568780916585598e-01,0.000000000000000000e+00,0.000000000000000000e+00
1.126000000000000000e+03,4.776091223573867950e+01,8.706000000000000227e+01,5.000000000000000000e+01,-8.063937771617960548e-01,4.913285510007337109e+01,-5.655490871728987567e-01,0.000000000000000000e+00,0.000000000000000000e+00
1.127000000000000000e+03,4.864371497664500055e+01,8.715600000000000591e+01,5.000000000000000000e+01,-2.189304372385013631e-01,4.913153598609287798e+01,-2.688905722093785644e-01,0.000000000000000000e+00,0.000000000000000000e+00
1.128000000000000000e+03,4.812371646138897319e+01,8.706000000000000227e+01,5.000000000000000000e+01,-5.692191368201034996e-01,4.912810628974359872e+01,-4.351706915345209259e-01,0.000000000000000000e+00,0.000000000000000000e+00
1.129000000000000000e+03,4.865129009966170059e+01,8.709199999999999875e+01,5.000000000000000000e+01,-2.189304372385013631e-01,4.912678717576310561e+01,-2.565666388629065375e-01,0.000000000000000000e+00,0.000000000000000000e+00
1.130000000000000000e+03,4.847999991817711418e+01,8.706000000000000227e+01,5.000000000000000000e+01,-3.356933370990181076e-01,4.912476453432635282e+01,-3.090712790502252449e-01,0.000000000000000000e+00,0.000000000000000000e+00
1.131000000000000000e+03,4.865784930650096385e+01,8.709199999999999875e+01,5.000000000000000000e+01,-2.189304372385013631e-01,4.912344542034585970e+01,-2.466656766063972106e-01,0.000000000000000000e+00,0.000000000000000000e+00
1.132000000000000000e+03,4.848638581794041613e+01,8.715600000000000591e+01,5.000000000000000000e+01,-3.356933370990181076e-01,4.912142277890910691e+01,-2.993436238696745022e-01,0.000000000000000000e+00,0.000000000000000000e+00
1.133000000000000000e+03,4.814067885373422939e+01,8.706000000000000227e+01,5.000000000000000000e+01,-5.692191368201034996e-01,4.911799308255982766e+01,-4.080950920054959297e-01,0.000000000000000000e+00,0.000000000000000000e+00
1.134000000000000000e+03,4.866777855898281047e+01,8.709199999999999875e+01,5.000000000000000000e+01,-2.189304372385013631e-01,4.911667396857933454e+01,-2.299649723580293736e-01,0.000000000000000000e+00,0.000000000000000000e+00
1.135000000000000000e+03,4.849602274022800685e+01,8.712399999999999523e+01,5.000000000000000000e+01,-3.356933370990181076e-01,4.911465132714258175e+01,-2.829352498155592865e-01,0.000000000000000000e+00,0.000000000000000000e+00
1.136000000000000000e+03,4.832449058913808670e+01,8.722100000000000364e+01,5.000000000000000000e+01,-4.524562369595349076e-01,4.911192515824956217e+01,-3.349783321519439472e-01,0.000000000000000000e+00,0.000000000000000000e+00
1.137000000000000000e+03,4.779878988501896231e+01,8.712399999999999523e+01,5.000000000000000000e+01,-8.063937771617960548e-01,4.910706642175475167e+01,-5.018827595739939751e-01,0.000000000000000000e+00,0.000000000000000000e+00
1.138000000000000000e+03,4.833155415377095210e+01,8.715600000000000591e+01,5.000000000000000000e+01,-4.524562369595349076e-01,4.910434025286173210e+01,-3.203298621312473671e-01,0.000000000000000000e+00,0.000000000000000000e+00
1.139000000000000000e+03,4.815997303290799181e+01,8.722100000000000364e+01,5.000000000000000000e+01,-5.692191368201034996e-01,4.910091055651245284e+01,-3.717183867843598111e-01,0.000000000000000000e+00,0.000000000000000000e+00
1.140000000000000000e+03,4.780867392794051796e+01,8.718800000000000239e+01,5.000000000000000000e+01,-8.063937771617960548e-01,4.909605182001764234e+01,-4.809841149153323836e-01,0.000000000000000000e+00,0.000000000000000000e+00
1.141000000000000000e+03,4.799214833279291526e+01,8.712399999999999523e+01,5.000000000000000000e+01,-6.859820366806202996e-01,4.909191859621209630e+01,-4.137882267385634139e-01,0.000000000000000000e+00,0.000000000000000000e+00
1.142000000000000000e+03,4.834418213723530755e+01,8.722100000000000364e+01,5.000000000000000000e+01,-4.524562369595349076e-01,4.908919242731907673e+01,-2.925540531242327158e-01,0.000000000000000000e+00,0.000000000000000000e+00
1.143000000000000000e+03,4.781773883582539497e+01,8.718800000000000239e+01,5.000000000000000000e+01,-8.063937771617960548e-01,4.908433369082426623e+01,-4.602010778370773103e-01,0.000000000000000000e+00,0.000000000000000000e+00
1.144000000000000000e+03,4.800084945306884521e+01,8.712399999999999523e+01,5.000000000000000000e+01,-6.859820366806202996e-01,4.908020046701872019e+01,-3.933689772692554598e-01,0.000000000000000000e+00,0.000000000000000000e+00
1.145000000000000000e+03,4.835252583766384760e+01,8.715600000000000591e+01,5.000000000000000000e+01,-4.524562369595349076e-01,4.907747429812570061e+01,-2.724922235023206629e-01,0.000000000000000000e+00,0.000000000000000000e+00
1.146000000000000000e+03,4.818010736371774527e+01,8.718800000000000239e+01,5.000000000000000000e+01,-5.692191368201034996e-01,4.907404460177642136e+01,-3.247181012385733090e-01,0.000000000000000000e+00,0.000000000000000000e+00
1.147000000000000000e+03,4.800789952741631339e+01,8.715600000000000591e+01,5.000000000000000000e+01,-6.859820366806202996e-01,4.906991137797087532e+01,-3.760298138739399110e-01,0.000000000000000000e+00,0.000000000000000000e+00
1.148000000000000000e+03,4.818481037984324189e+01,8.718800000000000239e+01,5.000000000000000000e+01,-5.692191368201034996e-01,4.906648168162159607e+01,-3.124521649582510663e-01,0.000000000000000000e+00,0.000000000000000000e+00
1.149000000000000000e+03,4.801238783980942770e+01,8.722100000000000364e+01,5.000000000000000000e+01,-6.859820366806202996e-01,4.906234845781605003e+01,-3.639785813259987513e-01,0.000000000000000000e+00,0.000000000000000000e+00
1.150000000000000000e+03,4.783471175568045908e+01,8.712399999999999523e+01,5.000000000000000000e+01,-8.063937771617960548e-01,4.905748972132123953e+01,-4.163841884789827863e-01,0.000000000000000000e+00,0.000000000000000000e+00
1.151000000000000000e+03,4.836597945198108306e+01,8.725300000000000011e+01,5.000000000000000000e+01,-4.524562369595349076e-01,4.905476355242821995e+01,-2.363278634876028461e-01,0.000000000000000000e+00,0.000000000000000000e+00
1.152000000000000000e+03,4.766408993741115552e+01,8.722100000000000364e+01,5.000000000000000000e+01,-9.231566770223127438e-01,4.904920128847714267e+01,-4.619546740436772936e-01,0.000000000000000000e+00,0.000000000000000000e+00
1.153000000000000000e+03,4.784107578393511773e+01,8.718800000000000239e+01,5.000000000000000000e+01,-8.063937771617960548e-01,4.904434255198233217e+01,-3.968729908854201072e-01,0.000000000000000000e+00,0.000000000000000000e+00
1.154000000000000000e+03,4.802307790229822615e+01,8.715600000000000591e+01,5.000000000000000000e+01,-6.859820366806202996e-01,4.904020932817678613e+01,-3.311493891979395698e-01,0.000000000000000000e+00,0.000000000000000000e+00
1.155000000000000000e+03,4.819920316490399870e+01,8.718800000000000239e+01,5.000000000000000000e+01,-5.692191368201034996e-01,4.903677963182750688e+01,-2.683573301034080649e-01,0.000000000000000000e+00,0.000000000000000000e+00
1.156000000000000000e+03,4.802600878606344992e+01,8.725300000000000011e+01,5.000000000000000000e+01,-6.859820366806202996e-01,4.903264640802196084e+01,-3.206555852778883997e-01,0.000000000000000000e+00,0.000000000000000000e+00
1.157000000000000000e+03,4.767311234709949019e+01,8.718800000000000239e+01,5.000000000000000000e+01,-9.231566770223127438e-01,4.902708414407088355e+01,-4.308151199490810046e-01,0.000000000000000000e+00,0.000000000000000000e+00
1.158000000000000000e+03,4.802946708954623745e+01,8.715600000000000591e+01,5.000000000000000000e+01,-6.859820366806202996e-01,4.902295092026533752e+01,-3.075017940384768833e-01,0.000000000000000000e+00,0.000000000000000000e+00
1.159000000000000000e+03,4.820517842313537926e+01,8.715600000000000591e+01,5.000000000000000000e+01,-5.692191368201034996e-01,4.901952122391605826e+01,-2.451236639605764989e-01,0.000000000000000000e+00,0.000000000000000000e+00
1.160000000000000000e+03,4.820603938706221214e+01,8.722100000000000364e+01,5.000000000000000000e+01,-5.692191368201034996e-01,4.901609152756677901e+01,-2.408330036844673616e-01,0.000000000000000000e+00,0.000000000000000000e+00
1.161000000000000000e+03,4.785244925598605192e+01,8.718800000000000239e+01,5.000000000000000000e+01,-8.063937771617960548e-01,4.901123279107196851e+01,-3.523897579241241917e-01,0.000000000000000000e+00,0.000000000000000000e+00
1.162000000000000000e+03,4.803367273699715412e+01,8.718800000000000239e+01,5.000000000000000000e+01,-6.859820366806202996e-01,4.900709956726642247e+01,-2.874447935886483285e-01,0.000000000000000000e+00,0.000000000000000000e+00
1.163000000000000000e+03,4.803457096522483027e+01,8.712399999999999523e+01,5.000000000000000000e+01,-6.859820366806202996e-01,4.900296634346087643e+01,-2.824133415554265780e-01,0.000000000000000000e+00,0.000000000000000000e+00
1.164000000000000000e+03,4.838430517528279751e+01,8.709199999999999875e+01,5.000000000000000000e+01,-4.524562369595349076e-01,4.900024017456785685e+01,-1.634787623255219424e-01,0.000000000000000000e+00,0.000000000000000000e+00
1.165000000000000000e+03,4.855890257543502742e+01,8.718800000000000239e+01,5.000000000000000000e+01,-3.356933370990181076e-01,4.899821753313110406e+01,-1.036216205970571791e-01,0.000000000000000000e+00,0.000000000000000000e+00
1.166000000000000000e+03,4.803530765443387907e+01,8.718800000000000239e+01,5.000000000000000000e+01,-6.859820366806202996e-01,4.899408430932555802e+01,-2.727946182110588258e-01,0.000000000000000000e+00,0.000000000000000000e+00
1.167000000000000000e+03,4.803594944505567099e+01,8.715600000000000591e+01,5.000000000000000000e+01,-6.859820366806202996e-01,4.898995108552001199e+01,-2.680196037837173639e-01,0.000000000000000000e+00,0.000000000000000000e+00
1.168000000000000000e+03,4.821096967986388648e+01,8.722100000000000364e+01,5.000000000000000000e+01,-5.692191368201034996e-01,4.898652138917073273e+01,-2.063325724867454691e-01,0.000000000000000000e+00,0.000000000000000000e+00
1.169000000000000000e+03,4.785677565103564035e+01,8.718800000000000239e+01,5.000000000000000000e+01,-8.063937771617960548e-01,4.898166265267592223e+01,-3.184932244784876021e-01,0.000000000000000000e+00,0.000000000000000000e+00
1.170000000000000000e+03,4.803740580495949786e+01,8.718800000000000239e+01,5.000000000000000000e+01,-6.859820366806202996e-01,4.897752942887037619e+01,-2.541415872302585366e-01,0.000000000000000000e+00,0.000000000000000000e+00
1.171000000000000000e+03,4.803772109173517180e+01,8.718800000000000239e+01,5.000000000000000000e+01,-6.859820366806202996e-01,4.897339620506483016e+01,-2.496930766490378928e-01,0.000000000000000000e+00,0.000000000000000000e+00
1.172000000000000000e+03,4.803795851149739349e+01,8.709199999999999875e+01,5.000000000000000000e+01,-6.859820366806202996e-01,4.896926298125928412e+01,-2.453224330812679155e-01,0.000000000000000000e+00,0.000000000000000000e+00
1.173000000000000000e+03,4.856150550626756512e+01,8.718800000000000239e+01,5.000000000000000000e+01,-3.356933370990181076e-01,4.896724033982253133e+01,-7.004149645594795470e-02,0.000000000000000000e+00,0.000000000000000000e+00
1.174000000000000000e+03,4.803732279662785487e+01,8.718800000000000239e+01,5.000000000000000000e+01,-6.859820366806202996e-01,4.896310711601698529e+01,-2.398022827085130593e-01,0.000000000000000000e+00,0.000000000000000000e+00
1.175000000000000000e+03,4.803738708730097073e+01,8.706000000000000227e+01,5.000000000000000000e+01,-6.859820366806202996e-01,4.895897389221143925e+01,-2.356047682298489654e-01,0.000000000000000000e+00,0.000000000000000000e+00
1.176000000000000000e+03,4.873522600978871822e+01,8.718800000000000239e+01,5.000000000000000000e+01,-2.189304372385013631e-01,4.895765477823094614e+01,-3.498331203731608330e-03,0.000000000000000000e+00,0.000000000000000000e+00
1.177000000000000000e+03,4.803612002544487325e+01,8.718800000000000239e+01,5.000000000000000000e+01,-6.859820366806202996e-01,4.895352155442540010e+01,-2.314194922999035231e-01,0.000000000000000000e+00,0.000000000000000000e+00
1.178000000000000000e+03,4.803603758321906270e+01,8.718800000000000239e+01,5.000000000000000000e+01,-6.859820366806202996e-01,4.894938833061985406e+01,-2.273687107201689817e-01,0.000000000000000000e+00,0.000000000000000000e+00
1.179000000000000000e+03,4.803588423585365774e+01,8.718800000000000239e+01,5.000000000000000000e+01,-6.859820366806202996e-01,4.894525510681430802e+01,-2.233888342800302573e-01,0.000000000000000000e+00,0.000000000000000000e+00
1.180000000000000000e+03,4.803566122447674758e+01,8.718800000000000239e+01,5.000000000000000000e+01,-6.859820366806202996e-01,4.894112188300876198e+01,-2.194786218513933851e-01,0.000000000000000000e+00,0.000000000000000000e+00
1.181000000000000000e+03,4.803536976849164830e+01,8.722100000000000364e+01,5.000000000000000000e+01,-6.859820366806202996e-01,4.893698865920321595e+01,-2.156368540309498705e-01,0.000000000000000000e+00,0.000000000000000000e+00
1.182000000000000000e+03,4.785509710128982874e+01,8.728499999999999659e+01,5.000000000000000000e+01,-8.063937771617960548e-01,4.893212992270840545e+01,-2.706390442567809251e-01,0.000000000000000000e+00,0.000000000000000000e+00
1.183000000000000000e+03,4.750605159523004062e+01,8.715600000000000591e+01,5.000000000000000000e+01,-1.039919576882829544e+00,4.892586413130106848e+01,-3.798929591881963219e-01,0.000000000000000000e+00,0.000000000000000000e+00
1.184000000000000000e+03,4.820973551815300340e+01,8.718800000000000239e+01,5.000000000000000000e+01,-5.692191368201034996e-01,4.892243443495178923e+01,-1.434797799786842465e-01,0.000000000000000000e+00,0.000000000000000000e+00
1.185000000000000000e+03,4.803435527469603983e+01,8.718800000000000239e+01,5.000000000000000000e+01,-6.859820366806202996e-01,4.891830121114624319e+01,-1.979638997695818414e-01,0.000000000000000000e+00,0.000000000000000000e+00
1.186000000000000000e+03,4.803368722364093912e+01,8.718800000000000239e+01,5.000000000000000000e+01,-6.859820366806202996e-01,4.891416798734069715e+01,-1.944987270191385897e-01,0.000000000000000000e+00,0.000000000000000000e+00
1.187000000000000000e+03,4.803295851798060312e+01,8.715600000000000591e+01,5.000000000000000000e+01,-6.859820366806202996e-01,4.891003476353515111e+01,-1.910942088739258360e-01,0.000000000000000000e+00,0.000000000000000000e+00
1.188000000000000000e+03,4.820663224576117756e+01,8.709199999999999875e+01,5.000000000000000000e+01,-5.692191368201034996e-01,4.890660506718587186e+01,-1.307536846045925794e-01,0.000000000000000000e+00,0.000000000000000000e+00
1.189000000000000000e+03,4.855441532294987184e+01,8.715600000000000591e+01,5.000000000000000000e+01,-3.356933370990181076e-01,4.890458242574911907e+01,-1.447376570022851361e-02,0.000000000000000000e+00,0.000000000000000000e+00
1.190000000000000000e+03,4.820372197854457141e+01,8.718800000000000239e+01,5.000000000000000000e+01,-5.692191368201034996e-01,4.890115272939983981e+01,-1.282116140351687861e-01,0.000000000000000000e+00,0.000000000000000000e+00
1.191000000000000000e+03,4.802807448013537339e+01,8.706000000000000227e+01,5.000000000000000000e+01,-6.859820366806202996e-01,4.889701950559429378e+01,-1.829629887782990572e-01,0.000000000000000000e+00,0.000000000000000000e+00
1.192000000000000000e+03,4.872499195755206358e+01,8.706000000000000227e+01,5.000000000000000000e+01,-2.189304372385013631e-01,4.889570039161380066e+01,4.822200317675903736e-02,0.000000000000000000e+00,0.000000000000000000e+00
1.193000000000000000e+03,4.872282876254682549e+01,8.709199999999999875e+01,5.000000000000000000e+01,-2.189304372385013631e-01,4.889438127763330755e+01,4.737792215201470231e-02,0.000000000000000000e+00,0.000000000000000000e+00
1.194000000000000000e+03,4.854621831604573146e+01,8.702700000000000102e+01,5.000000000000000000e+01,-3.356933370990181076e-01,4.889235863619655476e+01,-1.044698305180559450e-02,0.000000000000000000e+00,0.000000000000000000e+00
1.195000000000000000e+03,4.889875453027919150e+01,8.706000000000000227e+01,5.000000000000000000e+01,-9.851869675732560783e-02,4.889176503490533321e+01,1.055081921311835924e-01,0.000000000000000000e+00,0.000000000000000000e+00
1.196000000000000000e+03,4.871640014218415615e+01,8.702700000000000102e+01,5.000000000000000000e+01,-2.189304372385013631e-01,4.889044592092484010e+01,4.488465849781147349e-02,0.000000000000000000e+00,0.000000000000000000e+00
1.197000000000000000e+03,4.889420932894073957e+01,8.702700000000000102e+01,5.000000000000000000e+01,-9.851869675732560783e-02,4.888985231963361855e+01,1.028757060644429067e-01,0.000000000000000000e+00,0.000000000000000000e+00
1.198000000000000000e+03,4.889181498471733534e+01,8.712399999999999523e+01,5.000000000000000000e+01,-9.851869675732560783e-02,4.888925871834239700e+01,1.010749631322616360e-01,0.000000000000000000e+00,0.000000000000000000e+00
1.199000000000000000e+03,4.836061414345785892e+01,8.709199999999999875e+01,5.000000000000000000e+01,-4.524562369595349076e-01,4.888653254944937743e+01,-7.346216903198383996e-02,0.000000000000000000e+00,0.000000000000000000e+00
1.200000000000000000e+03,4.853363588740948131e+01,8.712399999999999523e+01,5.000000000000000000e+01,-3.356933370990181076e-01,4.888450990801262463e+01,-1.518068350412715706e-02,0.000000000000000000e+00,0.000000000000000000e+00
1.201000000000000000e+03,4.835741694328270057e+01,8.702700000000000102e+01,5.000000000000000000e+01,-4.524562369595349076e-01,4.888178373911960506e+01,-7.191055887736873264e-02,0.000000000000000000e+00,0.000000000000000000e+00
1.202000000000000000e+03,4.888478751876240125e+01,8.715600000000000591e+01,5.000000000000000000e+01,-9.851869675732560783e-02,4.888119013782838351e+01,1.021160776913434542e-01,0.000000000000000000e+00,0.000000000000000000e+00
1.203000000000000000e+03,4.817910642742304361e+01,8.712399999999999523e+01,5.000000000000000000e+01,-5.692191368201034996e-01,4.887776044147910426e+01,-1.294348772359569244e-01,0.000000000000000000e+00,0.000000000000000000e+00
1.204000000000000000e+03,4.835240439377924559e+01,8.712399999999999523e+01,5.000000000000000000e+01,-4.524562369595349076e-01,4.887503427258608468e+01,-7.017364184730398580e-02,0.000000000000000000e+00,0.000000000000000000e+00
1.205000000000000000e+03,4.835090654879685701e+01,8.709199999999999875e+01,5.000000000000000000e+01,-4.524562369595349076e-01,4.887230810369306511e+01,-6.894531793667346697e-02,0.000000000000000000e+00,0.000000000000000000e+00
1.206000000000000000e+03,4.852384922949830326e+01,8.712399999999999523e+01,5.000000000000000000e+01,-3.356933370990181076e-01,4.887028546225631231e+01,-1.074289565899268217e-02,0.000000000000000000e+00,0.000000000000000000e+00
1.207000000000000000e+03,4.834755260604953264e+01,8.706000000000000227e+01,5.000000000000000000e+01,-4.524562369595349076e-01,4.886755929336329274e+01,-6.755045035422735378e-02,0.000000000000000000e+00,0.000000000000000000e+00
1.208000000000000000e+03,4.869493289724373142e+01,8.715600000000000591e+01,5.000000000000000000e+01,-2.189304372385013631e-01,4.886624017938279962e+01,4.762315509943094993e-02,0.000000000000000000e+00,0.000000000000000000e+00
1.209000000000000000e+03,4.816939410548128819e+01,8.706000000000000227e+01,5.000000000000000000e+01,-5.692191368201034996e-01,4.886281048303352037e+01,-1.241972407321264293e-01,0.000000000000000000e+00,0.000000000000000000e+00
1.210000000000000000e+03,4.869152444460156204e+01,8.709199999999999875e+01,5.000000000000000000e+01,-2.189304372385013631e-01,4.886149136905302726e+01,4.896351278703643672e-02,0.000000000000000000e+00,0.000000000000000000e+00
1.211000000000000000e+03,4.851488624382069048e+01,8.718800000000000239e+01,5.000000000000000000e+01,-3.356933370990181076e-01,4.885946872761627446e+01,-8.889146696570378314e-03,0.000000000000000000e+00,0.000000000000000000e+00
1.212000000000000000e+03,4.798963311954346267e+01,8.718800000000000239e+01,5.000000000000000000e+01,-6.859820366806202996e-01,4.885533550381072843e+01,-1.797203475866447075e-01,0.000000000000000000e+00,0.000000000000000000e+00
1.213000000000000000e+03,4.798864573218528307e+01,8.712399999999999523e+01,5.000000000000000000e+01,-6.859820366806202996e-01,4.885120228000518239e+01,-1.765745111392808819e-01,0.000000000000000000e+00,0.000000000000000000e+00
1.214000000000000000e+03,4.833652733259309286e+01,8.715600000000000591e+01,5.000000000000000000e+01,-4.524562369595349076e-01,4.884847611111216281e+01,-5.949254155953814793e-02,0.000000000000000000e+00,0.000000000000000000e+00
1.215000000000000000e+03,4.816038049860468107e+01,8.709199999999999875e+01,5.000000000000000000e+01,-5.692191368201034996e-01,4.884504641476288356e+01,-1.154467793381029755e-01,0.000000000000000000e+00,0.000000000000000000e+00
1.216000000000000000e+03,4.850789564274555943e+01,8.722100000000000364e+01,5.000000000000000000e+01,-3.356933370990181076e-01,4.884302377332613077e+01,5.652065184438420653e-04,0.000000000000000000e+00,0.000000000000000000e+00
1.217000000000000000e+03,4.780256306419826018e+01,8.712399999999999523e+01,5.000000000000000000e+01,-8.063937771617960548e-01,4.883816503683132026e+01,-2.292081954712669734e-01,0.000000000000000000e+00,0.000000000000000000e+00
1.218000000000000000e+03,4.833055441995768575e+01,8.702700000000000102e+01,5.000000000000000000e+01,-4.524562369595349076e-01,4.883543886793830069e+01,-5.242821102107875220e-02,0.000000000000000000e+00,0.000000000000000000e+00
1.219000000000000000e+03,4.885758397517569307e+01,8.706000000000000227e+01,5.000000000000000000e+01,-9.851869675732560783e-02,4.883484526664707914e+01,1.212574052859349549e-01,0.000000000000000000e+00,0.000000000000000000e+00
1.220000000000000000e+03,4.867495391184729669e+01,8.718800000000000239e+01,5.000000000000000000e+01,-2.189304372385013631e-01,4.883352615266658603e+01,6.035819641920823347e-02,0.000000000000000000e+00,0.000000000000000000e+00
1.221000000000000000e+03,4.797473017876384205e+01,8.718800000000000239e+01,5.000000000000000000e+01,-6.859820366806202996e-01,4.882939292886103999e+01,-1.686807134165797806e-01,0.000000000000000000e+00,0.000000000000000000e+00
1.222000000000000000e+03,4.797354955294376566e+01,8.718800000000000239e+01,5.000000000000000000e+01,-6.859820366806202996e-01,4.882525970505549395e+01,-1.657281154311046889e-01,0.000000000000000000e+00,0.000000000000000000e+00
1.223000000000000000e+03,4.797231724465990510e+01,8.715600000000000591e+01,5.000000000000000000e+01,-6.859820366806202996e-01,4.882112648124994791e+01,-1.628271999094232092e-01,0.000000000000000000e+00,0.000000000000000000e+00
1.224000000000000000e+03,4.814549618490944738e+01,8.709199999999999875e+01,5.000000000000000000e+01,-5.692191368201034996e-01,4.881769678490066866e+01,-1.029814631711213069e-01,0.000000000000000000e+00,0.000000000000000000e+00
1.225000000000000000e+03,4.849279313535966907e+01,8.709199999999999875e+01,5.000000000000000000e+01,-3.356933370990181076e-01,4.881567414346391587e+01,1.281232899476897336e-02,0.000000000000000000e+00,0.000000000000000000e+00
1.226000000000000000e+03,4.849054622609754972e+01,8.718800000000000239e+01,5.000000000000000000e+01,-3.356933370990181076e-01,4.881365150202716308e+01,1.258806116940251740e-02,0.000000000000000000e+00,0.000000000000000000e+00
1.227000000000000000e+03,4.796491716340155875e+01,8.718800000000000239e+01,5.000000000000000000e+01,-6.859820366806202996e-01,4.880951827822161704e+01,-1.586190781394410665e-01,0.000000000000000000e+00,0.000000000000000000e+00
1.228000000000000000e+03,4.796356041807470660e+01,8.718800000000000239e+01,5.000000000000000000e+01,-6.859820366806202996e-01,4.880538505441607100e+01,-1.558425996607438468e-01,0.000000000000000000e+00,0.000000000000000000e+00
1.229000000000000000e+03,4.796215507309116077e+01,8.712399999999999523e+01,5.000000000000000000e+01,-6.859820366806202996e-01,4.880125183061052496e+01,-1.531147208387404479e-01,0.000000000000000000e+00,0.000000000000000000e+00
1.230000000000000000e+03,4.830962603183058945e+01,8.718800000000000239e+01,5.000000000000000000e+01,-4.524562369595349076e-01,4.879852566171750539e+01,-3.644339292737847069e-02,0.000000000000000000e+00,0.000000000000000000e+00
1.231000000000000000e+03,4.795861371772775072e+01,8.728499999999999659e+01,5.000000000000000000e+01,-6.859820366806202996e-01,4.879439243791195935e+01,-1.497966835035883792e-01,0.000000000000000000e+00,0.000000000000000000e+00
1.232000000000000000e+03,4.742826452728608189e+01,8.715600000000000591e+01,5.000000000000000000e+01,-1.039919576882829544e+00,4.878812664650462239e+01,-3.199425423357101783e-01,0.000000000000000000e+00,0.000000000000000000e+00
1.233000000000000000e+03,4.813089907428193470e+01,8.718800000000000239e+01,5.000000000000000000e+01,-5.692191368201034996e-01,4.878469695015534313e+01,-8.457873905330778874e-02,0.000000000000000000e+00,0.000000000000000000e+00
1.234000000000000000e+03,4.795448782324113779e+01,8.722100000000000364e+01,5.000000000000000000e+01,-6.859820366806202996e-01,4.878056372634979709e+01,-1.400938664280371726e-01,0.000000000000000000e+00,0.000000000000000000e+00
1.235000000000000000e+03,4.777289284675751446e+01,8.715600000000000591e+01,5.000000000000000000e+01,-8.063937771617960548e-01,4.877570498985498659e+01,-1.964183659356785183e-01,0.000000000000000000e+00,0.000000000000000000e+00
1.236000000000000000e+03,4.812584822090153125e+01,8.709199999999999875e+01,5.000000000000000000e+01,-5.692191368201034996e-01,4.877227529350570734e+01,-7.720793578407376956e-02,0.000000000000000000e+00,0.000000000000000000e+00
1.237000000000000000e+03,4.847269402988157339e+01,8.712399999999999523e+01,5.000000000000000000e+01,-3.356933370990181076e-01,4.877025265206895455e+01,3.813471491163759886e-02,0.000000000000000000e+00,0.000000000000000000e+00
1.238000000000000000e+03,4.829554184961434515e+01,8.722100000000000364e+01,5.000000000000000000e+01,-4.524562369595349076e-01,4.876752648317593497e+01,-1.952839660205366729e-02,0.000000000000000000e+00,0.000000000000000000e+00
1.239000000000000000e+03,4.776431948966772723e+01,8.722100000000000364e+01,5.000000000000000000e+01,-8.063937771617960548e-01,4.876266774668112447e+01,-1.919544798515997186e-01,0.000000000000000000e+00,0.000000000000000000e+00
1.240000000000000000e+03,4.776282073665314698e+01,8.722100000000000364e+01,5.000000000000000000e+01,-8.063937771617960548e-01,4.875780901018631397e+01,-1.885944963713719058e-01,0.000000000000000000e+00,0.000000000000000000e+00
1.241000000000000000e+03,4.776126317027303969e+01,8.715600000000000591e+01,5.000000000000000000e+01,-8.063937771617960548e-01,4.875295027369150347e+01,-1.852933262566676953e-01,0.000000000000000000e+00,0.000000000000000000e+00
1.242000000000000000e+03,4.811402381101168402e+01,8.718800000000000239e+01,5.000000000000000000e+01,-5.692191368201034996e-01,4.874952057734222421e+01,-6.627762951043726647e-02,0.000000000000000000e+00,0.000000000000000000e+00
1.243000000000000000e+03,4.793729221618010428e+01,8.715600000000000591e+01,5.000000000000000000e+01,-6.859820366806202996e-01,4.874538735353667818e+01,-1.221131006759519771e-01,0.000000000000000000e+00,0.000000000000000000e+00
1.244000000000000000e+03,4.810975849423524409e+01,8.728499999999999659e+01,5.000000000000000000e+01,-5.692191368201034996e-01,4.874195765718739892e+01,-6.298002613205461175e-02,0.000000000000000000e+00,0.000000000000000000e+00
1.245000000000000000e+03,4.740413116058802245e+01,8.715600000000000591e+01,5.000000000000000000e+01,-1.039919576882829544e+00,4.873569186578006196e+01,-2.916411283092117945e-01,0.000000000000000000e+00,0.000000000000000000e+00
1.246000000000000000e+03,4.810627031782443908e+01,8.722100000000000364e+01,5.000000000000000000e+01,-5.692191368201034996e-01,4.873226216943078271e+01,-5.677271478624421053e-02,0.000000000000000000e+00,0.000000000000000000e+00
1.247000000000000000e+03,4.774945838369089302e+01,8.715600000000000591e+01,5.000000000000000000e+01,-8.063937771617960548e-01,4.872740343293597221e+01,-1.715512720832827187e-01,0.000000000000000000e+00,0.000000000000000000e+00
1.248000000000000000e+03,4.810197848263523923e+01,8.712399999999999523e+01,5.000000000000000000e+01,-5.692191368201034996e-01,4.872397373658669295e+01,-5.277611713134990057e-02,0.000000000000000000e+00,0.000000000000000000e+00
1.249000000000000000e+03,4.827393460915646983e+01,8.706000000000000227e+01,5.000000000000000000e+01,-4.524562369595349076e-01,4.872124756769367337e+01,5.143278422330928301e-03,0.000000000000000000e+00,0.000000000000000000e+00
1.250000000000000000e+03,4.862004246467741098e+01,8.712399999999999523e+01,5.000000000000000000e+01,-2.189304372385013631e-01,4.871992845371318026e+01,1.190444482027284284e-01,0.000000000000000000e+00,0.000000000000000000e+00
1.251000000000000000e+03,4.826771553638115364e+01,8.712399999999999523e+01,5.000000000000000000e+01,-4.524562369595349076e-01,4.871720228482016068e+01,2.969488520527960307e-03,0.000000000000000000e+00,0.000000000000000000e+00
1.252000000000000000e+03,4.826493738937133315e+01,8.728499999999999659e+01,5.000000000000000000e+01,-4.524562369595349076e-01,4.871447611592714111e+01,2.917510403729573105e-03,0.000000000000000000e+00,0.000000000000000000e+00
1.253000000000000000e+03,4.738439808214621962e+01,8.706000000000000227e+01,5.000000000000000000e+01,-1.039919576882829544e+00,4.870821032451980415e+01,-2.838926654907549807e-01,0.000000000000000000e+00,0.000000000000000000e+00
1.254000000000000000e+03,4.860978768882658585e+01,8.712399999999999523e+01,5.000000000000000000e+01,-2.189304372385013631e-01,4.870689121053931103e+01,1.218269155257732939e-01,0.000000000000000000e+00,0.000000000000000000e+00
1.255000000000000000e+03,4.825741205604452233e+01,8.712399999999999523e+01,5.000000000000000000e+01,-4.524562369595349076e-01,4.870416504164629146e+01,5.703251357764879681e-03,0.000000000000000000e+00,0.000000000000000000e+00
1.256000000000000000e+03,4.825458605707532911e+01,8.709199999999999875e+01,5.000000000000000000e+01,-4.524562369595349076e-01,4.870143887275327188e+01,5.603421281590092312e-03,0.000000000000000000e+00,0.000000000000000000e+00
1.257000000000000000e+03,4.842622383188221846e+01,8.725300000000000011e+01,5.000000000000000000e+01,-3.356933370990181076e-01,4.869941623131651909e+01,6.250093766471283285e-02,0.000000000000000000e+00,0.000000000000000000e+00
1.258000000000000000e+03,4.754534509999550806e+01,8.712399999999999523e+01,5.000000000000000000e+01,-9.231566770223127438e-01,4.869385396736544180e+01,-2.253521903476229660e-01,0.000000000000000000e+00,0.000000000000000000e+00
1.259000000000000000e+03,4.824702745888265554e+01,8.712399999999999523e+01,5.000000000000000000e+01,-4.524562369595349076e-01,4.869112779847242223e+01,8.355897369767578686e-03,0.000000000000000000e+00,0.000000000000000000e+00
1.260000000000000000e+03,4.824415502782817811e+01,8.712399999999999523e+01,5.000000000000000000e+01,-4.524562369595349076e-01,4.868840162957940265e+01,8.209635208308240298e-03,0.000000000000000000e+00,0.000000000000000000e+00
1.261000000000000000e+03,4.824128515695591801e+01,8.709199999999999875e+01,5.000000000000000000e+01,-4.524562369595349076e-01,4.868567546068638308e+01,8.065933229068487226e-03,0.000000000000000000e+00,0.000000000000000000e+00
1.262000000000000000e+03,4.841287982779633126e+01,8.722100000000000364e+01,5.000000000000000000e+01,-3.356933370990181076e-01,4.868365281924963028e+01,6.492034564572068955e-02,0.000000000000000000e+00,0.000000000000000000e+00
1.263000000000000000e+03,4.770642077278179016e+01,8.709199999999999875e+01,5.000000000000000000e+01,-8.063937771617960548e-01,4.867879408275481978e+01,-1.659795328112368407e-01,0.000000000000000000e+00,0.000000000000000000e+00
1.264000000000000000e+03,4.840776739633407999e+01,8.706000000000000227e+01,5.000000000000000000e+01,-3.356933370990181076e-01,4.867677144131806699e+01,6.668929211502891419e-02,0.000000000000000000e+00,0.000000000000000000e+00
1.265000000000000000e+03,4.857903944761108761e+01,8.715600000000000591e+01,5.000000000000000000e+01,-2.189304372385013631e-01,4.867545232733757388e+01,1.225175575120097254e-01,0.000000000000000000e+00,0.000000000000000000e+00
1.266000000000000000e+03,4.805218969944344565e+01,8.715600000000000591e+01,5.000000000000000000e+01,-5.692191368201034996e-01,4.867202263098829462e+01,-5.061379472474508701e-02,0.000000000000000000e+00,0.000000000000000000e+00
1.267000000000000000e+03,4.804964595019099249e+01,8.715600000000000591e+01,5.000000000000000000e+01,-5.692191368201034996e-01,4.866859293463901537e+01,-4.972784762792160917e-02,0.000000000000000000e+00,0.000000000000000000e+00
1.268000000000000000e+03,4.804708669326394244e+01,8.718800000000000239e+01,5.000000000000000000e+01,-5.692191368201034996e-01,4.866516323828973611e+01,-4.885740820568840181e-02,0.000000000000000000e+00,0.000000000000000000e+00
1.269000000000000000e+03,4.787005017376558413e+01,8.712399999999999523e+01,5.000000000000000000e+01,-6.859820366806202996e-01,4.866103001448419008e+01,-1.049978040379841021e-01,0.000000000000000000e+00,0.000000000000000000e+00
1.270000000000000000e+03,4.821667889091890657e+01,8.712399999999999523e+01,5.000000000000000000e+01,-4.524562369595349076e-01,4.865830384559117050e+01,1.083128228727357756e-02,0.000000000000000000e+00,0.000000000000000000e+00
1.271000000000000000e+03,4.821376313056867247e+01,8.709199999999999875e+01,5.000000000000000000e+01,-4.524562369595349076e-01,4.865557767669815092e+01,1.064169083005383001e-02,0.000000000000000000e+00,0.000000000000000000e+00
1.272000000000000000e+03,4.838531271518345989e+01,8.709199999999999875e+01,5.000000000000000000e+01,-3.356933370990181076e-01,4.865355503526139813e+01,6.745101702108070862e-02,0.000000000000000000e+00,0.000000000000000000e+00
1.273000000000000000e+03,4.838210940683499928e+01,8.712399999999999523e+01,5.000000000000000000e+01,-3.356933370990181076e-01,4.865153239382464534e+01,6.627035010937014359e-02,0.000000000000000000e+00,0.000000000000000000e+00
1.274000000000000000e+03,4.820446473861154857e+01,8.712399999999999523e+01,5.000000000000000000e+01,-4.524562369595349076e-01,4.864880622493162576e+01,8.114750639455187153e-03,0.000000000000000000e+00,0.000000000000000000e+00
1.275000000000000000e+03,4.820159652860484556e+01,8.712399999999999523e+01,5.000000000000000000e+01,-4.524562369595349076e-01,4.864608005603860619e+01,7.972709525771273439e-03,0.000000000000000000e+00,0.000000000000000000e+00
1.276000000000000000e+03,4.819873080489487194e+01,8.718800000000000239e+01,5.000000000000000000e+01,-4.524562369595349076e-01,4.864335388714558661e+01,7.833154708816980963e-03,0.000000000000000000e+00,0.000000000000000000e+00
1.277000000000000000e+03,4.784694347127315694e+01,8.712399999999999523e+01,5.000000000000000000e+01,-6.859820366806202996e-01,4.863922066334004057e+01,-1.062951553862608867e-01,0.000000000000000000e+00,0.000000000000000000e+00
1.278000000000000000e+03,4.819359489734737423e+01,8.699500000000000455e+01,5.000000000000000000e+01,-4.524562369595349076e-01,4.863649449444702100e+01,9.556639859891108424e-03,0.000000000000000000e+00,0.000000000000000000e+00
1.279000000000000000e+03,4.889400149211908797e+01,8.706000000000000227e+01,5.000000000000000000e+01,1.824420310319116098e-02,4.863660442061205913e+01,2.391528684038362329e-01,0.000000000000000000e+00,0.000000000000000000e+00
1.280000000000000000e+03,4.853554928018358083e+01,8.718800000000000239e+01,5.000000000000000000e+01,-2.189304372385013631e-01,4.863528530663156602e+01,1.191944107905136413e-01,0.000000000000000000e+00,0.000000000000000000e+00
1.281000000000000000e+03,4.783429567424443718e+01,8.712399999999999523e+01,5.000000000000000000e+01,-6.859820366806202996e-01,4.863115208282601998e+01,-1.108743719009616241e-01,0.000000000000000000e+00,0.000000000000000000e+00
1.282000000000000000e+03,4.818102725521711704e+01,8.712399999999999523e+01,5.000000000000000000e+01,-4.524562369595349076e-01,4.862842591393300040e+01,5.057578243652119387e-03,0.000000000000000000e+00,0.000000000000000000e+00
1.283000000000000000e+03,4.817821255815136539e+01,8.718800000000000239e+01,5.000000000000000000e+01,-4.524562369595349076e-01,4.862569974503998083e+01,4.969050070921957572e-03,0.000000000000000000e+00,0.000000000000000000e+00
1.284000000000000000e+03,4.782647535800024485e+01,8.699500000000000455e+01,5.000000000000000000e+01,-6.859820366806202996e-01,4.862156652123443479e+01,-1.091091265535726190e-01,0.000000000000000000e+00,0.000000000000000000e+00
1.285000000000000000e+03,4.887647608370502894e+01,8.706000000000000227e+01,5.000000000000000000e+01,1.824420310319116098e-02,4.862167644739947292e+01,2.365554332023632189e-01,0.000000000000000000e+00,0.000000000000000000e+00
1.286000000000000000e+03,4.851806933744125416e+01,8.699500000000000455e+01,5.000000000000000000e+01,-2.189304372385013631e-01,4.862035733341897981e+01,1.166424412607699607e-01,0.000000000000000000e+00,0.000000000000000000e+00
1.287000000000000000e+03,4.886908449772744234e+01,8.709199999999999875e+01,5.000000000000000000e+01,1.824420310319116098e-02,4.862046725958401794e+01,2.303730350402303229e-01,0.000000000000000000e+00,0.000000000000000000e+00
1.288000000000000000e+03,4.833632394221207562e+01,8.709199999999999875e+01,5.000000000000000000e+01,-3.356933370990181076e-01,4.861844461814726515e+01,5.357266116382503052e-02,0.000000000000000000e+00,0.000000000000000000e+00
1.289000000000000000e+03,4.833336356149128932e+01,8.715600000000000591e+01,5.000000000000000000e+01,-3.356933370990181076e-01,4.861642197671051235e+01,5.263492187979552928e-02,0.000000000000000000e+00,0.000000000000000000e+00
1.290000000000000000e+03,4.798149554233068415e+01,8.696299999999999386e+01,5.000000000000000000e+01,-5.692191368201034996e-01,4.861299228036123310e+01,-6.227760121044596808e-02,0.000000000000000000e+00,0.000000000000000000e+00
1.291000000000000000e+03,4.903138005347991424e+01,8.709199999999999875e+01,5.000000000000000000e+01,1.350071029637597841e-01,4.861380573398253802e+01,2.825672165336151065e-01,0.000000000000000000e+00,0.000000000000000000e+00
1.292000000000000000e+03,4.832394738878888774e+01,8.715600000000000591e+01,5.000000000000000000e+01,-3.356933370990181076e-01,4.861178309254578522e+01,4.785763334211859399e-02,0.000000000000000000e+00,0.000000000000000000e+00
1.293000000000000000e+03,4.797216299159208575e+01,8.702700000000000102e+01,5.000000000000000000e+01,-5.692191368201034996e-01,4.860835339619650597e+01,-6.697126778431519711e-02,0.000000000000000000e+00,0.000000000000000000e+00
1.294000000000000000e+03,4.867320560829276133e+01,8.712399999999999523e+01,5.000000000000000000e+01,-9.851869675732560783e-02,4.860775979490528442e+01,1.639645101447996800e-01,0.000000000000000000e+00,0.000000000000000000e+00
1.295000000000000000e+03,4.814090394438405696e+01,8.709199999999999875e+01,5.000000000000000000e+01,-4.524562369595349076e-01,4.860503362601226485e+01,-1.167344466867231700e-02,0.000000000000000000e+00,0.000000000000000000e+00
1.296000000000000000e+03,4.831284413455644255e+01,8.699500000000000455e+01,5.000000000000000000e+01,-3.356933370990181076e-01,4.860301098457551205e+01,4.552648707994681743e-02,0.000000000000000000e+00,0.000000000000000000e+00
1.297000000000000000e+03,4.883886261193634226e+01,8.699500000000000455e+01,5.000000000000000000e+01,1.824420310319116098e-02,4.860312091074055019e+01,2.174974980925980517e-01,0.000000000000000000e+00,0.000000000000000000e+00
1.298000000000000000e+03,4.883516544799779524e+01,8.712399999999999523e+01,5.000000000000000000e+01,1.824420310319116098e-02,4.860323083690558832e+01,2.136904079890121211e-01,0.000000000000000000e+00,0.000000000000000000e+00
1.299000000000000000e+03,4.812823487990821292e+01,8.706000000000000227e+01,5.000000000000000000e+01,-4.524562369595349076e-01,4.860050466801256874e+01,-1.981355114482000190e-02,0.000000000000000000e+00,0.000000000000000000e+00
1.300000000000000000e+03,4.847477958136850873e+01,8.715600000000000591e+01,5.000000000000000000e+01,-2.189304372385013631e-01,4.859918555403207563e+01,9.452446457493414445e-02,0.000000000000000000e+00,0.000000000000000000e+00
1.301000000000000000e+03,4.794841982608826214e+01,8.706000000000000227e+01,5.000000000000000000e+01,-5.692191368201034996e-01,4.859575585768279637e+01,-7.811689477443523044e-02,0.000000000000000000e+00,0.000000000000000000e+00
1.302000000000000000e+03,4.846974357188859273e+01,8.702700000000000102e+01,5.000000000000000000e+01,-2.189304372385013631e-01,4.859443674370230326e+01,9.423726542478677581e-02,0.000000000000000000e+00,0.000000000000000000e+00
1.303000000000000000e+03,4.864668888746015085e+01,8.706000000000000227e+01,5.000000000000000000e+01,-9.851869675732560783e-02,4.859384314241108171e+01,1.513644418063903041e-01,0.000000000000000000e+00,0.000000000000000000e+00
1.304000000000000000e+03,4.846353182864081788e+01,8.709199999999999875e+01,5.000000000000000000e+01,-2.189304372385013631e-01,4.859252402843058860e+01,8.993823744872453396e-02,0.000000000000000000e+00,0.000000000000000000e+00
1.305000000000000000e+03,4.828617640366138630e+01,8.699500000000000455e+01,5.000000000000000000e+01,-3.356933370990181076e-01,4.859050138699383581e+01,3.136835376656506302e-02,0.000000000000000000e+00,0.000000000000000000e+00
1.306000000000000000e+03,4.881244270591143675e+01,8.715600000000000591e+01,5.000000000000000000e+01,1.824420310319116098e-02,4.859061131315887394e+01,2.035871896493657296e-01,0.000000000000000000e+00,0.000000000000000000e+00
1.307000000000000000e+03,4.793122695885709561e+01,8.702700000000000102e+01,5.000000000000000000e+01,-5.692191368201034996e-01,4.858718161680959469e+01,-8.673552113239632599e-02,0.000000000000000000e+00,0.000000000000000000e+00
1.308000000000000000e+03,4.863261553031120599e+01,8.702700000000000102e+01,5.000000000000000000e+01,-9.851869675732560783e-02,4.858658801551837314e+01,1.445462115501576494e-01,0.000000000000000000e+00,0.000000000000000000e+00
1.309000000000000000e+03,4.862949178289724728e+01,8.718800000000000239e+01,5.000000000000000000e+01,-9.851869675732560783e-02,4.858599441422715159e+01,1.420160654274231493e-01,0.000000000000000000e+00,0.000000000000000000e+00
1.310000000000000000e+03,4.774865025327910928e+01,8.718800000000000239e+01,5.000000000000000000e+01,-6.859820366806202996e-01,4.858186119042160556e+01,-1.472289004618794195e-01,0.000000000000000000e+00,0.000000000000000000e+00
1.311000000000000000e+03,4.774709413355441256e+01,8.709199999999999875e+01,5.000000000000000000e+01,-6.859820366806202996e-01,4.857772796661605952e+01,-1.446517963810241003e-01,0.000000000000000000e+00,0.000000000000000000e+00
1.312000000000000000e+03,4.826887898306744518e+01,8.718800000000000239e+01,5.000000000000000000e+01,-3.356933370990181076e-01,4.857570532517930673e+01,2.886699498715813994e-02,0.000000000000000000e+00,0.000000000000000000e+00
1.313000000000000000e+03,4.774296497287377150e+01,8.715600000000000591e+01,5.000000000000000000e+01,-6.859820366806202996e-01,4.857157210137376069e+01,-1.426250918193717188e-01,0.000000000000000000e+00,0.000000000000000000e+00
1.314000000000000000e+03,4.791579029413249202e+01,8.715600000000000591e+01,5.000000000000000000e+01,-5.692191368201034996e-01,4.856814240502448143e+01,-8.313297407188904864e-02,0.000000000000000000e+00,0.000000000000000000e+00
1.315000000000000000e+03,4.791381576267313847e+01,8.722100000000000364e+01,5.000000000000000000e+01,-5.692191368201034996e-01,4.856471270867520218e+01,-8.167780918196461404e-02,0.000000000000000000e+00,0.000000000000000000e+00
1.316000000000000000e+03,4.755743976890320113e+01,8.718800000000000239e+01,5.000000000000000000e+01,-8.063937771617960548e-01,4.855985397218039168e+01,-1.960204261153928040e-01,0.000000000000000000e+00,0.000000000000000000e+00
1.317000000000000000e+03,4.773592615113913240e+01,8.706000000000000227e+01,5.000000000000000000e+01,-6.859820366806202996e-01,4.855572074837484564e+01,-1.338125605550941899e-01,0.000000000000000000e+00,0.000000000000000000e+00
1.318000000000000000e+03,4.843198329631974275e+01,8.718800000000000239e+01,5.000000000000000000e+01,-2.189304372385013631e-01,4.855440163439435253e+01,9.651209916388500676e-02,0.000000000000000000e+00,0.000000000000000000e+00
1.319000000000000000e+03,4.773112672301259352e+01,8.725300000000000011e+01,5.000000000000000000e+01,-6.859820366806202996e-01,4.855026841058880649e+01,-1.331596508955945335e-01,0.000000000000000000e+00,0.000000000000000000e+00
1.320000000000000000e+03,4.737494834323317150e+01,8.715600000000000591e+01,5.000000000000000000e+01,-9.231566770223127438e-01,4.854470614663772920e+01,-2.466011263822420752e-01,0.000000000000000000e+00,0.000000000000000000e+00
1.321000000000000000e+03,4.790254061851025114e+01,8.718800000000000239e+01,5.000000000000000000e+01,-5.692191368201034996e-01,4.854127645028844995e+01,-6.951669495809451038e-02,0.000000000000000000e+00,0.000000000000000000e+00
1.322000000000000000e+03,4.772586572048722786e+01,8.718800000000000239e+01,5.000000000000000000e+01,-6.859820366806202996e-01,4.853714322648290391e+01,-1.252954693150537813e-01,0.000000000000000000e+00,0.000000000000000000e+00
1.323000000000000000e+03,4.772392567658231144e+01,8.722100000000000364e+01,5.000000000000000000e+01,-6.859820366806202996e-01,4.853301000267735787e+01,-1.231022894144260943e-01,0.000000000000000000e+00,0.000000000000000000e+00
1.324000000000000000e+03,4.754203327844896165e+01,8.718800000000000239e+01,5.000000000000000000e+01,-8.063937771617960548e-01,4.852815126618254737e+01,-1.797242105717881955e-01,0.000000000000000000e+00,0.000000000000000000e+00
1.325000000000000000e+03,4.772023441068677130e+01,8.725300000000000011e+01,5.000000000000000000e+01,-6.859820366806202996e-01,4.852401804237700134e+01,-1.178015950096093223e-01,0.000000000000000000e+00,0.000000000000000000e+00
1.326000000000000000e+03,4.736378720251582308e+01,8.725300000000000011e+01,5.000000000000000000e+01,-9.231566770223127438e-01,4.851845577842592405e+01,-2.315118988877860329e-01,0.000000000000000000e+00,0.000000000000000000e+00
1.327000000000000000e+03,4.736227733763529812e+01,8.722100000000000364e+01,5.000000000000000000e+01,-9.231566770223127438e-01,4.851289351447484677e+01,-2.274594998172329019e-01,0.000000000000000000e+00,0.000000000000000000e+00
1.328000000000000000e+03,4.753515856564656872e+01,8.728499999999999659e+01,5.000000000000000000e+01,-8.063937771617960548e-01,4.850803477798003627e+01,-1.664824351716726880e-01,0.000000000000000000e+00,0.000000000000000000e+00
1.329000000000000000e+03,4.718428989564628040e+01,8.722100000000000364e+01,5.000000000000000000e+01,-1.039919576882829544e+00,4.850176898657269930e+01,-2.775595140435862529e-01,0.000000000000000000e+00,0.000000000000000000e+00
1.330000000000000000e+03,4.753180657639548912e+01,8.715600000000000591e+01,5.000000000000000000e+01,-8.063937771617960548e-01,4.849691025007788880e+01,-1.587098965206087953e-01,0.000000000000000000e+00,0.000000000000000000e+00
1.331000000000000000e+03,4.788410189908148595e+01,8.718800000000000239e+01,5.000000000000000000e+01,-5.692191368201034996e-01,4.849348055372860955e+01,-4.015951782702296968e-02,0.000000000000000000e+00,0.000000000000000000e+00
1.332000000000000000e+03,4.770691313115418808e+01,8.725300000000000011e+01,5.000000000000000000e+01,-6.859820366806202996e-01,4.848934732992306351e+01,-9.645216208825735382e-02,0.000000000000000000e+00,0.000000000000000000e+00
1.333000000000000000e+03,4.735009222114526750e+01,8.715600000000000591e+01,5.000000000000000000e+01,-9.231566770223127438e-01,4.848378506597198623e+01,-2.105361678044085361e-01,0.000000000000000000e+00,0.000000000000000000e+00
1.334000000000000000e+03,4.787705321308303041e+01,8.722100000000000364e+01,5.000000000000000000e+01,-5.692191368201034996e-01,4.848035536962270697e+01,-3.408301971957300447e-02,0.000000000000000000e+00,0.000000000000000000e+00
1.335000000000000000e+03,4.751984411707729095e+01,8.725300000000000011e+01,5.000000000000000000e+01,-8.063937771617960548e-01,4.847549663312789647e+01,-1.492587388888134969e-01,0.000000000000000000e+00,0.000000000000000000e+00
1.336000000000000000e+03,4.734313598874080498e+01,8.718800000000000239e+01,5.000000000000000000e+01,-9.231566770223127438e-01,4.846993436917681919e+01,-2.036417034137023852e-01,0.000000000000000000e+00,0.000000000000000000e+00
1.337000000000000000e+03,4.769551427318930337e+01,8.718800000000000239e+01,5.000000000000000000e+01,-6.859820366806202996e-01,4.846580114537127315e+01,-8.430483550134813819e-02,0.000000000000000000e+00,0.000000000000000000e+00
1.338000000000000000e+03,4.769285672661101927e+01,8.722100000000000364e+01,5.000000000000000000e+01,-6.859820366806202996e-01,4.846166792156572711e+01,-8.282915827408653120e-02,0.000000000000000000e+00,0.000000000000000000e+00
1.339000000000000000e+03,4.751025938501694412e+01,8.722100000000000364e+01,5.000000000000000000e+01,-8.063937771617960548e-01,4.845680918507091661e+01,-1.401560228921753803e-01,0.000000000000000000e+00,0.000000000000000000e+00
1.340000000000000000e+03,4.750785394850208831e+01,8.728499999999999659e+01,5.000000000000000000e+01,-8.063937771617960548e-01,4.845195044857610611e+01,-1.377027229122206875e-01,0.000000000000000000e+00,0.000000000000000000e+00
1.341000000000000000e+03,4.715648151657953946e+01,8.725300000000000011e+01,5.000000000000000000e+01,-1.039919576882829544e+00,4.844568465716876915e+01,-2.492835637063994525e-01,0.000000000000000000e+00,0.000000000000000000e+00
1.342000000000000000e+03,4.732904122694330340e+01,8.722100000000000364e+01,5.000000000000000000e+01,-9.231566770223127438e-01,4.844012239321769187e+01,-1.879244892520776644e-01,0.000000000000000000e+00,0.000000000000000000e+00
1.343000000000000000e+03,4.750123043160355252e+01,8.718800000000000239e+01,5.000000000000000000e+01,-8.063937771617960548e-01,4.843526365672288136e+01,-1.276394479575340690e-01,0.000000000000000000e+00,0.000000000000000000e+00
1.344000000000000000e+03,4.767851986882860871e+01,8.725300000000000011e+01,5.000000000000000000e+01,-6.859820366806202996e-01,4.843113043291733533e+01,-6.662852740810393248e-02,0.000000000000000000e+00,0.000000000000000000e+00
1.345000000000000000e+03,4.732117692401266851e+01,8.722100000000000364e+01,5.000000000000000000e+01,-9.231566770223127438e-01,4.842556816896625804e+01,-1.812345679312735713e-01,0.000000000000000000e+00,0.000000000000000000e+00
1.346000000000000000e+03,4.749324902786267444e+01,8.725300000000000011e+01,5.000000000000000000e+01,-8.063937771617960548e-01,4.842070943247144754e+01,-1.210666274469809345e-01,0.000000000000000000e+00,0.000000000000000000e+00
1.347000000000000000e+03,4.731604742300618227e+01,8.725300000000000011e+01,5.000000000000000000e+01,-9.231566770223127438e-01,4.841514716852037026e+01,-1.759430684918787957e-01,0.000000000000000000e+00,0.000000000000000000e+00
1.348000000000000000e+03,4.731356487776784547e+01,8.725300000000000011e+01,5.000000000000000000e+01,-9.231566770223127438e-01,4.840958490456929297e+01,-1.728633497791385032e-01,0.000000000000000000e+00,0.000000000000000000e+00
1.349000000000000000e+03,4.731102842493638150e+01,8.715600000000000591e+01,5.000000000000000000e+01,-9.231566770223127438e-01,4.840402264061821569e+01,-1.698375386595242231e-01,0.000000000000000000e+00,0.000000000000000000e+00
1.350000000000000000e+03,4.783727702546916305e+01,8.728499999999999659e+01,5.000000000000000000e+01,-5.692191368201034996e-01,4.840059294426893644e+01,5.903218020325867732e-03,0.000000000000000000e+00,0.000000000000000000e+00
1.351000000000000000e+03,4.713044395511500539e+01,8.728499999999999659e+01,5.000000000000000000e+01,-1.039919576882829544e+00,4.839432715286159947e+01,-2.239636208637600934e-01,0.000000000000000000e+00,0.000000000000000000e+00
1.352000000000000000e+03,4.712809843723739789e+01,8.722100000000000364e+01,5.000000000000000000e+01,-1.039919576882829544e+00,4.838806136145426251e+01,-2.200433473340357160e-01,0.000000000000000000e+00,0.000000000000000000e+00
1.353000000000000000e+03,4.747460835132952894e+01,8.725300000000000011e+01,5.000000000000000000e+01,-8.063937771617960548e-01,4.838320262495945201e+01,-1.022004964681298977e-01,0.000000000000000000e+00,0.000000000000000000e+00
1.354000000000000000e+03,4.729707651251093381e+01,8.725300000000000011e+01,5.000000000000000000e+01,-9.231566770223127438e-01,4.837764036100837473e+01,-1.574071714751304474e-01,0.000000000000000000e+00,0.000000000000000000e+00
1.355000000000000000e+03,4.729426951374686183e+01,8.728499999999999659e+01,5.000000000000000000e+01,-9.231566770223127438e-01,4.837207809705729744e+01,-1.546519062881199225e-01,0.000000000000000000e+00,0.000000000000000000e+00
1.356000000000000000e+03,4.711695226030087724e+01,8.725300000000000011e+01,5.000000000000000000e+01,-1.039919576882829544e+00,4.836581230564996048e+01,-2.089404684662556633e-01,0.000000000000000000e+00,0.000000000000000000e+00
1.357000000000000000e+03,4.728880580254783439e+01,8.728499999999999659e+01,5.000000000000000000e+01,-9.231566770223127438e-01,4.836025004169888319e+01,-1.482875621287339518e-01,0.000000000000000000e+00,0.000000000000000000e+00
1.358000000000000000e+03,4.711137714721503045e+01,8.725300000000000011e+01,5.000000000000000000e+01,-1.039919576882829544e+00,4.835398425029154623e+01,-2.026875261936844919e-01,0.000000000000000000e+00,0.000000000000000000e+00
1.359000000000000000e+03,4.728312123756092689e+01,8.718800000000000239e+01,5.000000000000000000e+01,-9.231566770223127438e-01,4.834842198634046895e+01,-1.421440717572327594e-01,0.000000000000000000e+00,0.000000000000000000e+00
1.360000000000000000e+03,4.763442306353552880e+01,8.728499999999999659e+01,5.000000000000000000e+01,-6.859820366806202996e-01,4.834428876253492291e+01,-2.388366231877618595e-02,0.000000000000000000e+00,0.000000000000000000e+00
1.361000000000000000e+03,4.710186988352584336e+01,8.725300000000000011e+01,5.000000000000000000e+01,-1.039919576882829544e+00,4.833802297112758595e+01,-1.962335107189122907e-01,0.000000000000000000e+00,0.000000000000000000e+00
1.362000000000000000e+03,4.727350100237248398e+01,8.728499999999999659e+01,5.000000000000000000e+01,-9.231566770223127438e-01,4.833246070717650866e+01,-1.358030277817094122e-01,0.000000000000000000e+00,0.000000000000000000e+00
1.363000000000000000e+03,4.709585381695277562e+01,8.728499999999999659e+01,5.000000000000000000e+01,-1.039919576882829544e+00,4.832619491576917170e+01,-1.904215219335678999e-01,0.000000000000000000e+00,0.000000000000000000e+00
1.364000000000000000e+03,4.709292117603231986e+01,8.722100000000000364e+01,5.000000000000000000e+01,-1.039919576882829544e+00,4.831992912436183474e+01,-1.870883714466854419e-01,0.000000000000000000e+00,0.000000000000000000e+00
1.365000000000000000e+03,4.743885424412086138e+01,8.728499999999999659e+01,5.000000000000000000e+01,-8.063937771617960548e-01,4.831507038786702424e+01,-6.982236658436552501e-02,0.000000000000000000e+00,0.000000000000000000e+00
1.366000000000000000e+03,4.708629363010394542e+01,8.725300000000000011e+01,5.000000000000000000e+01,-1.039919576882829544e+00,4.830880459645968728e+01,-1.825913894729132292e-01,0.000000000000000000e+00,0.000000000000000000e+00
1.367000000000000000e+03,4.725768595638863445e+01,8.725300000000000011e+01,5.000000000000000000e+01,-9.231566770223127438e-01,4.830324233250860999e+01,-1.223996990976617960e-01,0.000000000000000000e+00,0.000000000000000000e+00
1.368000000000000000e+03,4.725426618459127326e+01,8.722100000000000364e+01,5.000000000000000000e+01,-9.231566770223127438e-01,4.829768006855753271e+01,-1.202572069439441782e-01,0.000000000000000000e+00,0.000000000000000000e+00
1.369000000000000000e+03,4.742527093681841421e+01,8.728499999999999659e+01,5.000000000000000000e+01,-8.063937771617960548e-01,4.829282133206272221e+01,-6.115661808251394993e-02,0.000000000000000000e+00,0.000000000000000000e+00
1.370000000000000000e+03,4.707255863698601672e+01,8.728499999999999659e+01,5.000000000000000000e+01,-1.039919576882829544e+00,4.828655554065538524e+01,-1.740773267865348695e-01,0.000000000000000000e+00,0.000000000000000000e+00
1.371000000000000000e+03,4.706933990622940200e+01,8.725300000000000011e+01,5.000000000000000000e+01,-1.039919576882829544e+00,4.828028974924804828e+01,-1.710302661358162057e-01,0.000000000000000000e+00,0.000000000000000000e+00
1.372000000000000000e+03,4.724052986587250302e+01,8.725300000000000011e+01,5.000000000000000000e+01,-9.231566770223127438e-01,4.827472748529697100e+01,-1.110409424021537306e-01,0.000000000000000000e+00,0.000000000000000000e+00
1.373000000000000000e+03,4.723691126967218423e+01,8.728499999999999659e+01,5.000000000000000000e+01,-9.231566770223127438e-01,4.826916522134589371e+01,-1.090972746514004971e-01,0.000000000000000000e+00,0.000000000000000000e+00
1.374000000000000000e+03,4.705879662504331407e+01,8.725300000000000011e+01,5.000000000000000000e+01,-1.039919576882829544e+00,4.826289942993855675e+01,-1.641832280124123633e-01,0.000000000000000000e+00,0.000000000000000000e+00
1.375000000000000000e+03,4.722986673369361199e+01,8.728499999999999659e+01,5.000000000000000000e+01,-9.231566770223127438e-01,4.825733716598747947e+01,-1.043137552715525107e-01,0.000000000000000000e+00,0.000000000000000000e+00
1.376000000000000000e+03,4.705166835803588299e+01,8.728499999999999659e+01,5.000000000000000000e+01,-1.039919576882829544e+00,4.825107137458014250e+01,-1.594834396614315808e-01,0.000000000000000000e+00,0.000000000000000000e+00
1.377000000000000000e+03,4.704819417494655198e+01,8.725300000000000011e+01,5.000000000000000000e+01,-1.039919576882829544e+00,4.824480558317280554e+01,-1.566918313434251808e-01,0.000000000000000000e+00,0.000000000000000000e+00
1.378000000000000000e+03,4.721913315371089226e+01,8.722100000000000364e+01,5.000000000000000000e+01,-9.231566770223127438e-01,4.823924331922172826e+01,-9.695348848852106127e-02,0.000000000000000000e+00,0.000000000000000000e+00
1.379000000000000000e+03,4.738972999616120063e+01,8.725300000000000011e+01,5.000000000000000000e+01,-8.063937771617960548e-01,4.823438458272691776e+01,-3.826080940392248553e-02,0.000000000000000000e+00,0.000000000000000000e+00
1.380000000000000000e+03,4.721107895297481605e+01,8.718800000000000239e+01,5.000000000000000000e+01,-9.231566770223127438e-01,4.822882231877584047e+01,-9.458668877871254099e-02,0.000000000000000000e+00,0.000000000000000000e+00
1.381000000000000000e+03,4.756154833147908789e+01,8.728499999999999659e+01,5.000000000000000000e+01,-6.859820366806202996e-01,4.822468909497029443e+01,2.284127318941549245e-02,0.000000000000000000e+00,0.000000000000000000e+00
1.382000000000000000e+03,4.702817727521279068e+01,8.715600000000000591e+01,5.000000000000000000e+01,-1.039919576882829544e+00,4.821842330356295747e+01,-1.503264514673394170e-01,0.000000000000000000e+00,0.000000000000000000e+00
1.383000000000000000e+03,4.772784285131648119e+01,8.725300000000000011e+01,5.000000000000000000e+01,-5.692191368201034996e-01,4.821499360721367822e+01,8.206838092290594244e-02,0.000000000000000000e+00,0.000000000000000000e+00
1.384000000000000000e+03,4.719413860742836420e+01,8.725300000000000011e+01,5.000000000000000000e+01,-9.231566770223127438e-01,4.820943134326260093e+01,-9.213605881192399316e-02,0.000000000000000000e+00,0.000000000000000000e+00
1.385000000000000000e+03,4.719018909893775060e+01,8.728499999999999659e+01,5.000000000000000000e+01,-9.231566770223127438e-01,4.820386907931152365e+01,-9.052330335145911122e-02,0.000000000000000000e+00,0.000000000000000000e+00
1.386000000000000000e+03,4.701174933432847070e+01,8.725300000000000011e+01,5.000000000000000000e+01,-1.039919576882829544e+00,4.819760328790418669e+01,-1.459343766928865305e-01,0.000000000000000000e+00,0.000000000000000000e+00
1.387000000000000000e+03,4.718250001391926673e+01,8.722100000000000364e+01,5.000000000000000000e+01,-9.231566770223127438e-01,4.819204102395310940e+01,-8.638433301153153332e-02,0.000000000000000000e+00,0.000000000000000000e+00
1.388000000000000000e+03,4.735291185319678675e+01,8.718800000000000239e+01,5.000000000000000000e+01,-8.063937771617960548e-01,4.818718228745829890e+01,-2.787665709971692829e-02,0.000000000000000000e+00,0.000000000000000000e+00
1.389000000000000000e+03,4.752845503615633760e+01,8.725300000000000011e+01,5.000000000000000000e+01,-6.859820366806202996e-01,4.818304906365275286e+01,3.138800918420801833e-02,0.000000000000000000e+00,0.000000000000000000e+00
1.390000000000000000e+03,4.716939640362113551e+01,8.715600000000000591e+01,5.000000000000000000e+01,-9.231566770223127438e-01,4.817748679970167558e+01,-8.493371905822676149e-02,0.000000000000000000e+00,0.000000000000000000e+00
1.391000000000000000e+03,4.769415884227069569e+01,8.715600000000000591e+01,5.000000000000000000e+01,-5.692191368201034996e-01,4.817405710335239633e+01,8.932087573840420680e-02,0.000000000000000000e+00,0.000000000000000000e+00
1.392000000000000000e+03,4.768916566760535147e+01,8.715600000000000591e+01,5.000000000000000000e+01,-5.692191368201034996e-01,4.817062740700311707e+01,8.775739742233396035e-02,0.000000000000000000e+00,0.000000000000000000e+00
1.393000000000000000e+03,4.768419986016434109e+01,8.725300000000000011e+01,5.000000000000000000e+01,-5.692191368201034996e-01,4.816719771065383782e+01,8.622128633060643921e-02,0.000000000000000000e+00,0.000000000000000000e+00
1.394000000000000000e+03,4.715042292355462195e+01,8.712399999999999523e+01,5.000000000000000000e+01,-9.231566770223127438e-01,4.816163544670276053e+01,-8.805584612582920134e-02,0.000000000000000000e+00,0.000000000000000000e+00
1.395000000000000000e+03,4.784970203845998071e+01,8.715600000000000591e+01,5.000000000000000000e+01,-4.524562369595349076e-01,4.815890927780974096e+01,1.432489976097718332e-01,0.000000000000000000e+00,0.000000000000000000e+00
1.396000000000000000e+03,4.767000640361580110e+01,8.715600000000000591e+01,5.000000000000000000e+01,-5.692191368201034996e-01,4.815547958146046170e+01,8.374595897544429013e-02,0.000000000000000000e+00,0.000000000000000000e+00
1.397000000000000000e+03,4.766511081264967942e+01,8.709199999999999875e+01,5.000000000000000000e+01,-5.692191368201034996e-01,4.815204988511118245e+01,8.228006435860144019e-02,0.000000000000000000e+00,0.000000000000000000e+00
1.398000000000000000e+03,4.800916493348476166e+01,8.728499999999999659e+01,5.000000000000000000e+01,-3.356933370990181076e-01,4.815002724367442966e+01,1.948310269093513347e-01,0.000000000000000000e+00,0.000000000000000000e+00
1.399000000000000000e+03,4.695150786091666362e+01,8.709199999999999875e+01,5.000000000000000000e+01,-1.039919576882829544e+00,4.814376145226709269e+01,-1.523340144676012253e-01,0.000000000000000000e+00,0.000000000000000000e+00
1.400000000000000000e+03,4.800013263021955368e+01,8.709199999999999875e+01,5.000000000000000000e+01,-3.356933370990181076e-01,4.814173881083033990e+01,1.940871564882301059e-01,0.000000000000000000e+00,0.000000000000000000e+00
1.401000000000000000e+03,4.799471267479445658e+01,8.712399999999999523e+01,5.000000000000000000e+01,-3.356933370990181076e-01,4.813971616939358711e+01,1.906898424998876296e-01,0.000000000000000000e+00,0.000000000000000000e+00
1.402000000000000000e+03,4.781489015982643309e+01,8.709199999999999875e+01,5.000000000000000000e+01,-4.524562369595349076e-01,4.813699000050056753e+01,1.303563962854024927e-01,0.000000000000000000e+00,0.000000000000000000e+00
1.403000000000000000e+03,4.798434425058778174e+01,8.709199999999999875e+01,5.000000000000000000e+01,-3.356933370990181076e-01,4.813496735906381474e+01,1.850702286229841120e-01,0.000000000000000000e+00,0.000000000000000000e+00
1.404000000000000000e+03,4.797908212804417616e+01,8.715600000000000591e+01,5.000000000000000000e+01,-3.356933370990181076e-01,4.813294471762706195e+01,1.818307475161302922e-01,0.000000000000000000e+00,0.000000000000000000e+00
1.405000000000000000e+03,4.762495265689668145e+01,8.696299999999999386e+01,5.000000000000000000e+01,-5.692191368201034996e-01,4.812951502127778269e+01,6.465677243900067039e-02,0.000000000000000000e+00,0.000000000000000000e+00
1.406000000000000000e+03,4.867261530065909625e+01,8.696299999999999386e+01,5.000000000000000000e+01,1.350071029637597841e-01,4.813032847489908761e+01,4.072797227962473010e-01,0.000000000000000000e+00,0.000000000000000000e+00
1.407000000000000000e+03,4.866629970398949467e+01,8.699500000000000455e+01,5.000000000000000000e+01,1.350071029637597841e-01,4.813114192852039253e+01,4.001506725053392555e-01,0.000000000000000000e+00,0.000000000000000000e+00
1.408000000000000000e+03,4.848564686832756365e+01,8.706000000000000227e+01,5.000000000000000000e+01,1.824420310319116098e-02,4.813125185468543066e+01,3.361508105389420797e-01,0.000000000000000000e+00,0.000000000000000000e+00
1.409000000000000000e+03,4.812549679821525217e+01,8.699500000000000455e+01,5.000000000000000000e+01,-2.189304372385013631e-01,4.812993274070493754e+01,2.144944947488162112e-01,0.000000000000000000e+00,0.000000000000000000e+00
1.410000000000000000e+03,4.847479914990494620e+01,8.702700000000000102e+01,5.000000000000000000e+01,1.824420310319116098e-02,4.813004266686997568e+01,3.265122799317781710e-01,0.000000000000000000e+00,0.000000000000000000e+00
1.411000000000000000e+03,4.829473175791555661e+01,8.706000000000000227e+01,5.000000000000000000e+01,-9.851869675732560783e-02,4.812944906557875413e+01,2.638013890941290351e-01,0.000000000000000000e+00,0.000000000000000000e+00
1.412000000000000000e+03,4.810960659558676156e+01,8.696299999999999386e+01,5.000000000000000000e+01,-2.189304372385013631e-01,4.812812995159826102e+01,2.004070812269952151e-01,0.000000000000000000e+00,0.000000000000000000e+00
1.413000000000000000e+03,4.863361756060697161e+01,8.699500000000000455e+01,5.000000000000000000e+01,1.350071029637597841e-01,4.812894340521956593e+01,3.696670524236472799e-01,0.000000000000000000e+00,0.000000000000000000e+00
1.414000000000000000e+03,4.845349831217870218e+01,8.699500000000000455e+01,5.000000000000000000e+01,1.824420310319116098e-02,4.812905333138460406e+01,3.062007776909068113e-01,0.000000000000000000e+00,0.000000000000000000e+00
1.415000000000000000e+03,4.844824848036638087e+01,8.699500000000000455e+01,5.000000000000000000e+01,1.824420310319116098e-02,4.812916325754964220e+01,3.008410197135480968e-01,0.000000000000000000e+00,0.000000000000000000e+00
1.416000000000000000e+03,4.844309246610016118e+01,8.696299999999999386e+01,5.000000000000000000e+01,1.824420310319116098e-02,4.812927318371468033e+01,2.955750792822860462e-01,0.000000000000000000e+00,0.000000000000000000e+00
1.417000000000000000e+03,4.861249065353583632e+01,8.696299999999999386e+01,5.000000000000000000e+01,1.350071029637597841e-01,4.813008663733598524e+01,3.473969132360902323e-01,0.000000000000000000e+00,0.000000000000000000e+00
1.418000000000000000e+03,4.860722324939097660e+01,8.699500000000000455e+01,5.000000000000000000e+01,1.350071029637597841e-01,4.813090009095729016e+01,3.413160554699271598e-01,0.000000000000000000e+00,0.000000000000000000e+00
1.419000000000000000e+03,4.842760025862487083e+01,8.696299999999999386e+01,5.000000000000000000e+01,1.824420310319116098e-02,4.813101001712232829e+01,2.783460383993477394e-01,0.000000000000000000e+00,0.000000000000000000e+00
1.420000000000000000e+03,4.859730002429301265e+01,8.699500000000000455e+01,5.000000000000000000e+01,1.350071029637597841e-01,4.813182347074363321e+01,3.304694505856141107e-01,0.000000000000000000e+00,0.000000000000000000e+00
1.421000000000000000e+03,4.841786689319183523e+01,8.696299999999999386e+01,5.000000000000000000e+01,1.824420310319116098e-02,4.813193339690867134e+01,2.676892931799720321e-01,0.000000000000000000e+00,0.000000000000000000e+00
1.422000000000000000e+03,4.858775319520920988e+01,8.699500000000000455e+01,5.000000000000000000e+01,1.350071029637597841e-01,4.813274685052997626e+01,3.199992417154696178e-01,0.000000000000000000e+00,0.000000000000000000e+00
1.423000000000000000e+03,4.840850333531309246e+01,8.696299999999999386e+01,5.000000000000000000e+01,1.824420310319116098e-02,4.813285677669501439e+01,2.574023555148831077e-01,0.000000000000000000e+00,0.000000000000000000e+00
1.424000000000000000e+03,4.857856970054463375e+01,8.696299999999999386e+01,5.000000000000000000e+01,1.350071029637597841e-01,4.813367023031631931e+01,3.098923672645528815e-01,0.000000000000000000e+00,0.000000000000000000e+00
1.425000000000000000e+03,4.857395877836881226e+01,8.699500000000000455e+01,5.000000000000000000e+01,1.350071029637597841e-01,4.813448368393762422e+01,3.044679914674234267e-01,0.000000000000000000e+00,0.000000000000000000e+00
1.426000000000000000e+03,4.839498077846940305e+01,8.696299999999999386e+01,5.000000000000000000e+01,1.824420310319116098e-02,4.813459361010266235e+01,2.421429652635458396e-01,0.000000000000000000e+00,0.000000000000000000e+00
1.427000000000000000e+03,4.856531424504289873e+01,8.699500000000000455e+01,5.000000000000000000e+01,1.350071029637597841e-01,4.813540706372396727e+01,2.949000783551717353e-01,0.000000000000000000e+00,0.000000000000000000e+00
1.428000000000000000e+03,4.838650372250594955e+01,8.702700000000000102e+01,5.000000000000000000e+01,1.824420310319116098e-02,4.813551698988900540e+01,2.327425295137515171e-01,0.000000000000000000e+00,0.000000000000000000e+00
1.429000000000000000e+03,4.820807768221928313e+01,8.696299999999999386e+01,5.000000000000000000e+01,-9.851869675732560783e-02,4.813492338859778386e+01,1.716729903788249689e-01,0.000000000000000000e+00,0.000000000000000000e+00
1.430000000000000000e+03,4.855340315862361678e+01,8.696299999999999386e+01,5.000000000000000000e+01,1.350071029637597841e-01,4.813573684221908877e+01,2.826592134407679979e-01,0.000000000000000000e+00,0.000000000000000000e+00
1.431000000000000000e+03,4.854926892731238297e+01,8.706000000000000227e+01,5.000000000000000000e+01,1.350071029637597841e-01,4.813655029584039369e+01,2.777115285082287777e-01,0.000000000000000000e+00,0.000000000000000000e+00
1.432000000000000000e+03,4.801638328323885219e+01,8.702700000000000102e+01,5.000000000000000000e+01,-2.189304372385013631e-01,4.813523118185990057e+01,1.000825386174477305e-01,0.000000000000000000e+00,0.000000000000000000e+00
1.433000000000000000e+03,4.819322628277495824e+01,8.699500000000000455e+01,5.000000000000000000e+01,-9.851869675732560783e-02,4.813463758056867903e+01,1.571073989636039836e-01,0.000000000000000000e+00,0.000000000000000000e+00
1.434000000000000000e+03,4.836434468987796720e+01,8.712399999999999523e+01,5.000000000000000000e+01,1.824420310319116098e-02,4.813474750673371716e+01,2.113529800410546833e-01,0.000000000000000000e+00,0.000000000000000000e+00
1.435000000000000000e+03,4.765745503627653790e+01,8.699500000000000455e+01,5.000000000000000000e+01,-4.524562369595349076e-01,4.813202133784069758e+01,-2.211006460462675016e-02,0.000000000000000000e+00,0.000000000000000000e+00
1.436000000000000000e+03,4.835841592706653813e+01,8.706000000000000227e+01,5.000000000000000000e+01,1.824420310319116098e-02,4.813213126400573572e+01,2.080404599576050617e-01,0.000000000000000000e+00,0.000000000000000000e+00
1.437000000000000000e+03,4.800050830871639107e+01,8.699500000000000455e+01,5.000000000000000000e+01,-2.189304372385013631e-01,4.813081215002524260e+01,8.862659592964840238e-02,0.000000000000000000e+00,0.000000000000000000e+00
1.438000000000000000e+03,4.835201386014932723e+01,8.702700000000000102e+01,5.000000000000000000e+01,1.824420310319116098e-02,4.813092207619028073e+01,2.028475808558533600e-01,0.000000000000000000e+00,0.000000000000000000e+00
1.439000000000000000e+03,4.817411110295410026e+01,8.699500000000000455e+01,5.000000000000000000e+01,-9.851869675732560783e-02,4.813032847489905919e+01,1.423013248123683461e-01,0.000000000000000000e+00,0.000000000000000000e+00
1.440000000000000000e+03,4.834548867652508619e+01,8.702700000000000102e+01,5.000000000000000000e+01,1.824420310319116098e-02,4.813043840106409732e+01,1.968060723577943760e-01,0.000000000000000000e+00,0.000000000000000000e+00
1.441000000000000000e+03,4.816769167028063237e+01,8.696299999999999386e+01,5.000000000000000000e+01,-9.851869675732560783e-02,4.812984479977287577e+01,1.363655672650807560e-01,0.000000000000000000e+00,0.000000000000000000e+00
1.442000000000000000e+03,4.851363517007511206e+01,8.699500000000000455e+01,5.000000000000000000e+01,1.350071029637597841e-01,4.813065825339418069e+01,2.479698137171697514e-01,0.000000000000000000e+00,0.000000000000000000e+00
1.443000000000000000e+03,4.833564611788899157e+01,8.699500000000000455e+01,5.000000000000000000e+01,1.824420310319116098e-02,4.813076817955921882e+01,1.866337352265760030e-01,0.000000000000000000e+00,0.000000000000000000e+00
1.444000000000000000e+03,4.833248919522768716e+01,8.699500000000000455e+01,5.000000000000000000e+01,1.824420310319116098e-02,4.813087810572425695e+01,1.833668864002328536e-01,0.000000000000000000e+00,0.000000000000000000e+00
1.445000000000000000e+03,4.832938945569696898e+01,8.702700000000000102e+01,5.000000000000000000e+01,1.824420310319116098e-02,4.813098803188929509e+01,1.801572207044808693e-01,0.000000000000000000e+00,0.000000000000000000e+00
1.446000000000000000e+03,4.815188387201563103e+01,8.696299999999999386e+01,5.000000000000000000e+01,-9.851869675732560783e-02,4.813039443059807354e+01,1.200081381748829557e-01,0.000000000000000000e+00,0.000000000000000000e+00
1.447000000000000000e+03,4.849811369329406574e+01,8.699500000000000455e+01,5.000000000000000000e+01,1.350071029637597841e-01,4.813120788421937846e+01,2.318987061109225034e-01,0.000000000000000000e+00,0.000000000000000000e+00
1.448000000000000000e+03,4.832040595080233913e+01,8.696299999999999386e+01,5.000000000000000000e+01,1.824420310319116098e-02,4.813131781038441659e+01,1.708439373147297435e-01,0.000000000000000000e+00,0.000000000000000000e+00
1.449000000000000000e+03,4.849198744011669504e+01,8.696299999999999386e+01,5.000000000000000000e+01,1.350071029637597841e-01,4.813213126400572150e+01,2.248490731472133908e-01,0.000000000000000000e+00,0.000000000000000000e+00
1.450000000000000000e+03,4.848886512119493375e+01,8.699500000000000455e+01,5.000000000000000000e+01,1.350071029637597841e-01,4.813294471762702642e+01,2.209133006041435754e-01,0.000000000000000000e+00,0.000000000000000000e+00
1.451000000000000000e+03,4.831134966794311225e+01,8.699500000000000455e+01,5.000000000000000000e+01,1.824420310319116098e-02,4.813305464379206455e+01,1.600508210478524818e-01,0.000000000000000000e+00,0.000000000000000000e+00
1.452000000000000000e+03,4.830865805431010074e+01,8.696299999999999386e+01,5.000000000000000000e+01,1.824420310319116098e-02,4.813316456995710269e+01,1.572492812498054171e-01,0.000000000000000000e+00,0.000000000000000000e+00
1.453000000000000000e+03,4.848047750535284450e+01,8.699500000000000455e+01,5.000000000000000000e+01,1.350071029637597841e-01,4.813397802357840760e+01,2.114923788106781999e-01,0.000000000000000000e+00,0.000000000000000000e+00
1.454000000000000000e+03,4.830312695651804944e+01,8.706000000000000227e+01,5.000000000000000000e+01,1.824420310319116098e-02,4.813408794974344573e+01,1.507948036714084339e-01,0.000000000000000000e+00,0.000000000000000000e+00
1.455000000000000000e+03,4.794622136979324267e+01,8.696299999999999386e+01,5.000000000000000000e+01,-2.189304372385013631e-01,4.813276883576295262e+01,3.238297126878879328e-02,0.000000000000000000e+00,0.000000000000000000e+00
1.456000000000000000e+03,4.847317343957004709e+01,8.709199999999999875e+01,5.000000000000000000e+01,1.350071029637597841e-01,4.813358228938425754e+01,2.045840472220269990e-01,0.000000000000000000e+00,0.000000000000000000e+00
1.457000000000000000e+03,4.776710579725737205e+01,8.699500000000000455e+01,5.000000000000000000e+01,-3.356933370990181076e-01,4.813155964794750474e+01,-2.876051359111544969e-02,0.000000000000000000e+00,0.000000000000000000e+00
1.458000000000000000e+03,4.829442459904357321e+01,8.699500000000000455e+01,5.000000000000000000e+01,1.824420310319116098e-02,4.813166957411254288e+01,1.445108218278398637e-01,0.000000000000000000e+00,0.000000000000000000e+00
1.459000000000000000e+03,4.829200499854984230e+01,8.699500000000000455e+01,5.000000000000000000e+01,1.824420310319116098e-02,4.813177950027758101e+01,1.419812951690660185e-01,0.000000000000000000e+00,0.000000000000000000e+00
1.460000000000000000e+03,4.828962967505236747e+01,8.696299999999999386e+01,5.000000000000000000e+01,1.824420310319116098e-02,4.813188942644261914e+01,1.394960455065511196e-01,0.000000000000000000e+00,0.000000000000000000e+00
1.461000000000000000e+03,4.846175987986789835e+01,8.696299999999999386e+01,5.000000000000000000e+01,1.350071029637597841e-01,4.813270288006392406e+01,1.940498968402144253e-01,0.000000000000000000e+00,0.000000000000000000e+00
1.462000000000000000e+03,4.845917667169612031e+01,8.702700000000000102e+01,5.000000000000000000e+01,1.350071029637597841e-01,4.813351633368522897e+01,1.906532350471315251e-01,0.000000000000000000e+00,0.000000000000000000e+00
1.463000000000000000e+03,4.810772886622122968e+01,8.696299999999999386e+01,5.000000000000000000e+01,-9.851869675732560783e-02,4.813292273239400743e+01,7.332483058454761227e-02,0.000000000000000000e+00,0.000000000000000000e+00
1.464000000000000000e+03,4.845477583509854469e+01,8.696299999999999386e+01,5.000000000000000000e+01,1.350071029637597841e-01,4.813373618601531234e+01,1.860325461194719809e-01,0.000000000000000000e+00,0.000000000000000000e+00
1.465000000000000000e+03,4.845233296314604843e+01,8.699500000000000455e+01,5.000000000000000000e+01,1.350071029637597841e-01,4.813454963963661726e+01,1.827762205456724964e-01,0.000000000000000000e+00,0.000000000000000000e+00
1.466000000000000000e+03,4.827548506378033721e+01,8.706000000000000227e+01,5.000000000000000000e+01,1.824420310319116098e-02,4.813465956580165539e+01,1.225812948754884113e-01,0.000000000000000000e+00,0.000000000000000000e+00
1.467000000000000000e+03,4.791907332811619824e+01,8.696299999999999386e+01,5.000000000000000000e+01,-2.189304372385013631e-01,4.813334045182116228e+01,4.663313533530860644e-03,0.000000000000000000e+00,0.000000000000000000e+00
1.468000000000000000e+03,4.844651060455313996e+01,8.699500000000000455e+01,5.000000000000000000e+01,1.350071029637597841e-01,4.813415390544246719e+01,1.773495961469107873e-01,0.000000000000000000e+00,0.000000000000000000e+00
1.469000000000000000e+03,4.826975769316763376e+01,8.706000000000000227e+01,5.000000000000000000e+01,1.824420310319116098e-02,4.813426383160750532e+01,1.172496584569360789e-01,0.000000000000000000e+00,0.000000000000000000e+00
1.470000000000000000e+03,4.791343928280802800e+01,8.712399999999999523e+01,5.000000000000000000e+01,-2.189304372385013631e-01,4.813294471762701221e+01,-5.749975804869439377e-04,0.000000000000000000e+00,0.000000000000000000e+00
1.471000000000000000e+03,4.756320618093382535e+01,8.699500000000000455e+01,5.000000000000000000e+01,-4.524562369595349076e-01,4.813021854873399263e+01,-1.145561308406297663e-01,0.000000000000000000e+00,0.000000000000000000e+00
1.472000000000000000e+03,4.826578525357405169e+01,8.709199999999999875e+01,5.000000000000000000e+01,1.824420310319116098e-02,4.813032847489903077e+01,1.172125755718259055e-01,0.000000000000000000e+00,0.000000000000000000e+00
1.473000000000000000e+03,4.773500546597158944e+01,8.699500000000000455e+01,5.000000000000000000e+01,-3.356933370990181076e-01,4.812830583346227797e+01,-5.760703039167226758e-02,0.000000000000000000e+00,0.000000000000000000e+00
1.474000000000000000e+03,4.826282919903101742e+01,8.699500000000000455e+01,5.000000000000000000e+01,1.824420310319116098e-02,4.812841575962731611e+01,1.161692363005042694e-01,0.000000000000000000e+00,0.000000000000000000e+00
1.475000000000000000e+03,4.826090569146123244e+01,8.702700000000000102e+01,5.000000000000000000e+01,1.824420310319116098e-02,4.812852568579235424e+01,1.141358025656826758e-01,0.000000000000000000e+00,0.000000000000000000e+00
1.476000000000000000e+03,4.808455575090142275e+01,8.702700000000000102e+01,5.000000000000000000e+01,-9.851869675732560783e-02,4.812793208450113269e+01,5.514236315761583684e-02,0.000000000000000000e+00,0.000000000000000000e+00
1.477000000000000000e+03,4.808299693416217480e+01,8.706000000000000227e+01,5.000000000000000000e+01,-9.851869675732560783e-02,4.812733848320991115e+01,5.417714770959112386e-02,0.000000000000000000e+00,0.000000000000000000e+00
1.478000000000000000e+03,4.790154104794848422e+01,8.709199999999999875e+01,5.000000000000000000e+01,-2.189304372385013631e-01,4.812601936922941803e+01,-5.547884042435329011e-03,0.000000000000000000e+00,0.000000000000000000e+00
1.479000000000000000e+03,4.772585701814070802e+01,8.706000000000000227e+01,5.000000000000000000e+01,-3.356933370990181076e-01,4.812399672779266524e+01,-6.244637255294077649e-02,0.000000000000000000e+00,0.000000000000000000e+00
1.480000000000000000e+03,4.789938946834316624e+01,8.709199999999999875e+01,5.000000000000000000e+01,-2.189304372385013631e-01,4.812267761381217213e+01,-4.357708230506081304e-03,0.000000000000000000e+00,0.000000000000000000e+00
1.481000000000000000e+03,4.772368460562193349e+01,8.718800000000000239e+01,5.000000000000000000e+01,-3.356933370990181076e-01,4.812065497237541933e+01,-6.127702965446965577e-02,0.000000000000000000e+00,0.000000000000000000e+00
1.482000000000000000e+03,4.719934848219531887e+01,8.715600000000000591e+01,5.000000000000000000e+01,-6.859820366806202996e-01,4.811652174856987330e+01,-2.311912296939322431e-01,0.000000000000000000e+00,0.000000000000000000e+00
1.483000000000000000e+03,4.737372407079031689e+01,8.715600000000000591e+01,5.000000000000000000e+01,-5.692191368201034996e-01,4.811309205222059404e+01,-1.701488446101719065e-01,0.000000000000000000e+00,0.000000000000000000e+00
1.484000000000000000e+03,4.737327267068873482e+01,8.712399999999999523e+01,5.000000000000000000e+01,-5.692191368201034996e-01,4.810966235587131479e+01,-1.671705483624781607e-01,0.000000000000000000e+00,0.000000000000000000e+00
1.485000000000000000e+03,4.754723116464344912e+01,8.722100000000000364e+01,5.000000000000000000e+01,-4.524562369595349076e-01,4.810693618697829521e+01,-1.072487853753110176e-01,0.000000000000000000e+00,0.000000000000000000e+00
1.486000000000000000e+03,4.701754426798679987e+01,8.722100000000000364e+01,5.000000000000000000e+01,-8.063937771617960548e-01,4.810207745048348471e+01,-2.781394053348876794e-01,0.000000000000000000e+00,0.000000000000000000e+00
1.487000000000000000e+03,4.701755410141465319e+01,8.728499999999999659e+01,5.000000000000000000e+01,-8.063937771617960548e-01,4.809721871398867421e+01,-2.732708354122262984e-01,0.000000000000000000e+00,0.000000000000000000e+00
1.488000000000000000e+03,4.666855466239540817e+01,8.728499999999999659e+01,5.000000000000000000e+01,-1.039919576882829544e+00,4.809095292258133725e+01,-3.824786833030988653e-01,0.000000000000000000e+00,0.000000000000000000e+00
1.489000000000000000e+03,4.666898380229903154e+01,8.718800000000000239e+01,5.000000000000000000e+01,-1.039919576882829544e+00,4.808468713117400029e+01,-3.757837519921379266e-01,0.000000000000000000e+00,0.000000000000000000e+00
1.490000000000000000e+03,4.719813377105262475e+01,8.718800000000000239e+01,5.000000000000000000e+01,-6.859820366806202996e-01,4.808055390736845425e+01,-1.964380996352084463e-01,0.000000000000000000e+00,0.000000000000000000e+00
1.491000000000000000e+03,4.719743901229448113e+01,8.725300000000000011e+01,5.000000000000000000e+01,-6.859820366806202996e-01,4.807642068356290821e+01,-1.929996345878080555e-01,0.000000000000000000e+00,0.000000000000000000e+00
1.492000000000000000e+03,4.684230807541307939e+01,8.722100000000000364e+01,5.000000000000000000e+01,-9.231566770223127438e-01,4.807085841961183093e+01,-3.053936671764394539e-01,0.000000000000000000e+00,0.000000000000000000e+00
1.493000000000000000e+03,4.701655346806939662e+01,8.725300000000000011e+01,5.000000000000000000e+01,-8.063937771617960548e-01,4.806599968311702042e+01,-2.430524378858306411e-01,0.000000000000000000e+00,0.000000000000000000e+00
1.494000000000000000e+03,4.684148711063308923e+01,8.725300000000000011e+01,5.000000000000000000e+01,-9.231566770223127438e-01,4.806043741916594314e+01,-2.957936315105400560e-01,0.000000000000000000e+00,0.000000000000000000e+00
1.495000000000000000e+03,4.684110243730766854e+01,8.725300000000000011e+01,5.000000000000000000e+01,-9.231566770223127438e-01,4.805487515521486586e+01,-2.906160408848856846e-01,0.000000000000000000e+00,0.000000000000000000e+00
1.496000000000000000e+03,4.684062713510510889e+01,8.728499999999999659e+01,5.000000000000000000e+01,-9.231566770223127438e-01,4.804931289126378857e+01,-2.855290791363642167e-01,0.000000000000000000e+00,0.000000000000000000e+00
1.497000000000000000e+03,4.666560076405503565e+01,8.728499999999999659e+01,5.000000000000000000e+01,-1.039919576882829544e+00,4.804304709985645161e+01,-3.375267589185851347e-01,0.000000000000000000e+00,0.000000000000000000e+00
1.498000000000000000e+03,4.666524306260203758e+01,8.725300000000000011e+01,5.000000000000000000e+01,-1.039919576882829544e+00,4.803678130844911465e+01,-3.316186689642477980e-01,0.000000000000000000e+00,0.000000000000000000e+00
1.499000000000000000e+03,4.683924397190902056e+01,8.728499999999999659e+01,5.000000000000000000e+01,-9.231566770223127438e-01,4.803121904449803736e+01,-2.688183955667022840e-01,0.000000000000000000e+00,0.000000000000000000e+00
1.500000000000000000e+03,3.674129439143247566e+01,8.725300000000000011e+01,6.000000000000000000e+01,-1.039919576882829544e+00,4.802495325309070040e+01,-3.211085802218534013e-01,-9.922630704553540681e+00,0.000000000000000000e+00
1.501000000000000000e+03,3.690089382160130071e+01,8.728499999999999659e+01,6.000000000000000000e+01,-9.231566770223127438e-01,4.801939098913962312e+01,-2.584922760891954496e-01,-9.936848214426817094e+00,0.000000000000000000e+00
1.502000000000000000e+03,3.671137945434955441e+01,8.728499999999999659e+01,6.000000000000000000e+01,-1.039919576882829544e+00,4.801312519773228615e+01,-3.109632097994668443e-01,-9.950862956700436968e+00,0.000000000000000000e+00
1.503000000000000000e+03,3.669674056724660716e+01,8.728499999999999659e+01,6.000000000000000000e+01,-1.039919576882829544e+00,4.800685940632494919e+01,-3.055200899061849551e-01,-9.964679172289326203e+00,0.000000000000000000e+00
1.504000000000000000e+03,3.668220079500056841e+01,8.728499999999999659e+01,6.000000000000000000e+01,-1.039919576882829544e+00,4.800059361491761223e+01,-3.001722467313024389e-01,-9.978300996302914783e+00,0.000000000000000000e+00
1.505000000000000000e+03,3.666775777324963315e+01,8.728499999999999659e+01,6.000000000000000000e+01,-1.039919576882829544e+00,4.799432782351027527e+01,-2.949180125450527878e-01,-9.991732460832755791e+00,0.000000000000000000e+00
1.506000000000000000e+03,3.665340920874476183e+01,8.728499999999999659e+01,6.000000000000000000e+01,-1.039919576882829544e+00,4.798806203210293830e+01,-2.897557488097178280e-01,-1.000497749766562983e+01,0.000000000000000000e+00
1.507000000000000000e+03,3.663915287721999903e+01,8.728499999999999659e+01,6.000000000000000000e+01,-1.039919576882829544e+00,4.798179624069560134e+01,-2.846838456686483498e-01,-1.001803994092412431e+01,0.000000000000000000e+00
1.508000000000000000e+03,3.662498662132455252e+01,8.728499999999999659e+01,6.000000000000000000e+01,-1.039919576882829544e+00,4.797553044928826438e+01,-2.797007214442286949e-01,-1.003092352963665057e+01,0.000000000000000000e+00
1.509000000000000000e+03,3.661090834861468579e+01,8.728499999999999659e+01,6.000000000000000000e+01,-1.039919576882829544e+00,4.796926465788092742e+01,-2.748048221446293127e-01,-1.004363191023877810e+01,0.000000000000000000e+00
1.510000000000000000e+03,3.659691602960383250e+01,8.728499999999999659e+01,6.000000000000000000e+01,-1.039919576882829544e+00,4.796299886647359045e+01,-2.699946209791929674e-01,-1.005616863900773339e+01,0.000000000000000000e+00
1.511000000000000000e+03,3.658300769586926293e+01,8.728499999999999659e+01,6.000000000000000000e+01,-1.039919576882829544e+00,4.795673307506625349e+01,-2.652686178823035479e-01,-1.006853718443185386e+01,0.000000000000000000e+00
1.512000000000000000e+03,3.656918143821374656e+01,8.728499999999999659e+01,6.000000000000000000e+01,-1.039919576882829544e+00,4.795046728365891653e+01,-2.606253390455894325e-01,-1.008074092951674672e+01,0.000000000000000000e+00
1.513000000000000000e+03,3.655543540488058341e+01,8.728499999999999659e+01,6.000000000000000000e+01,-1.039919576882829544e+00,4.794420149225157957e+01,-2.560633364583148053e-01,-1.009278317402985081e+01,0.000000000000000000e+00
1.514000000000000000e+03,3.654176779982054768e+01,8.728499999999999659e+01,6.000000000000000000e+01,-1.039919576882829544e+00,4.793793570084424260e+01,-2.515811874558163685e-01,-1.010466713668504291e+01,0.000000000000000000e+00
1.515000000000000000e+03,3.652817688100931548e+01,8.728499999999999659e+01,6.000000000000000000e+01,-1.039919576882829544e+00,4.793166990943690564e+01,-2.471774942758439564e-01,-1.011639595726891372e+01,0.000000000000000000e+00
1.516000000000000000e+03,3.651466095881381335e+01,8.728499999999999659e+01,6.000000000000000000e+01,-1.039919576882829544e+00,4.792540411802956868e+01,-2.428508836226671574e-01,-1.012797269871025740e+01,0.000000000000000000e+00
1.517000000000000000e+03,3.650121839440625848e+01,8.728499999999999659e+01,6.000000000000000000e+01,-1.039919576882829544e+00,4.791913832662223172e+01,-2.386000062388117793e-01,-1.013940034909433230e+01,0.000000000000000000e+00
1.518000000000000000e+03,3.648784759822445523e+01,8.728499999999999659e+01,6.000000000000000000e+01,-1.039919576882829544e+00,4.791287253521489475e+01,-2.344235364842926217e-01,-1.015068182362331761e+01,0.000000000000000000e+00
1.519000000000000000e+03,3.647454702847704056e+01,8.728499999999999659e+01,6.000000000000000000e+01,-1.039919576882829544e+00,4.790660674380755779e+01,-2.303201719232115530e-01,-1.016181996652447772e+01,0.000000000000000000e+00
1.520000000000000000e+03,3.646131518969242080e+01,8.728499999999999659e+01,6.000000000000000000e+01,-1.039919576882829544e+00,4.790034095240022083e+01,-2.262886329175915756e-01,-1.017281755290737344e+01,0.000000000000000000e+00
1.521000000000000000e+03,3.644815063131019883e+01,8.728499999999999659e+01,6.000000000000000000e+01,-1.039919576882829544e+00,4.789407516099288387e+01,-2.223276622283205939e-01,-1.018367729057153426e+01,0.000000000000000000e+00
1.522000000000000000e+03,3.643505194631374167e+01,8.725300000000000011e+01,6.000000000000000000e+01,-1.039919576882829544e+00,4.788780936958554690e+01,-2.184360246230802882e-01,-1.019440182176589360e+01,0.000000000000000000e+00
1.523000000000000000e+03,3.659647979624699587e+01,8.728499999999999659e+01,6.000000000000000000e+01,-9.231566770223127438e-01,4.788224710563446962e+01,-1.576169074638722467e-01,-1.020499372490128920e+01,0.000000000000000000e+00
1.524000000000000000e+03,3.640875265105504610e+01,8.728499999999999659e+01,6.000000000000000000e+01,-1.039919576882829544e+00,4.787598131422713266e+01,-2.118535700719792747e-01,-1.021545551621727732e+01,0.000000000000000000e+00
1.525000000000000000e+03,3.639586102288735958e+01,8.728499999999999659e+01,6.000000000000000000e+01,-1.039919576882829544e+00,4.786971552281979569e+01,-2.081452716450842844e-01,-1.022578965140451679e+01,0.000000000000000000e+00
1.526000000000000000e+03,3.638302974383496746e+01,8.728499999999999659e+01,6.000000000000000000e+01,-1.039919576882829544e+00,4.786344973141245873e+01,-2.045018835107948740e-01,-1.023599852718386671e+01,0.000000000000000000e+00
1.527000000000000000e+03,3.637025761080369080e+01,8.728499999999999659e+01,6.000000000000000000e+01,-1.039919576882829544e+00,4.785718394000512177e+01,-2.009222694752018645e-01,-1.024608448284339879e+01,0.000000000000000000e+00
1.528000000000000000e+03,3.635754345674810395e+01,8.728499999999999659e+01,6.000000000000000000e+01,-1.039919576882829544e+00,4.785091814859778481e+01,-1.974053132324068149e-01,-1.025604980173443970e+01,0.000000000000000000e+00
1.529000000000000000e+03,3.634488614956350006e+01,8.728499999999999659e+01,6.000000000000000000e+01,-1.039919576882829544e+00,4.784465235719044784e+01,-1.939499180164011016e-01,-1.026589671272771831e+01,0.000000000000000000e+00
1.530000000000000000e+03,3.633228459101049168e+01,8.728499999999999659e+01,6.000000000000000000e+01,-1.039919576882829544e+00,4.783838656578311088e+01,-1.905550062590383453e-01,-1.027562739163074745e+01,0.000000000000000000e+00
1.531000000000000000e+03,3.631973771567155040e+01,8.728499999999999659e+01,6.000000000000000000e+01,-1.039919576882829544e+00,4.783212077437577392e+01,-1.872195192539939101e-01,-1.028524396256740303e+01,0.000000000000000000e+00
1.532000000000000000e+03,3.630724448993823472e+01,8.728499999999999659e+01,6.000000000000000000e+01,-1.039919576882829544e+00,4.782585498296843696e+01,-1.839424168266062531e-01,-1.029474849932076808e+01,0.000000000000000000e+00
1.533000000000000000e+03,3.629480391102855208e+01,8.725300000000000011e+01,6.000000000000000000e+01,-1.039919576882829544e+00,4.781958919156109999e+01,-1.807226770094975954e-01,-1.030414302664021520e+01,0.000000000000000000e+00
1.534000000000000000e+03,3.645687703237742738e+01,8.728499999999999659e+01,6.000000000000000000e+01,-9.231566770223127438e-01,4.781402692761002271e+01,-1.205636966966069368e-01,-1.031342952151367420e+01,0.000000000000000000e+00
1.535000000000000000e+03,3.626978270384033465e+01,8.722100000000000364e+01,6.000000000000000000e+01,-1.039919576882829544e+00,4.780776113620268575e+01,-1.754489410734940413e-01,-1.032260991440602815e+01,0.000000000000000000e+00
1.536000000000000000e+03,3.660643585853741655e+01,8.725300000000000011e+01,6.000000000000000000e+01,-8.063937771617960548e-01,4.780290239970787525e+01,-5.838667354412629962e-02,-1.033168609046453845e+01,0.000000000000000000e+00
1.537000000000000000e+03,3.641916329953522791e+01,8.725300000000000011e+01,6.000000000000000000e+01,-9.231566770223127438e-01,4.779734013575679796e+01,-1.143602685070668756e-01,-1.034065989069218539e+01,0.000000000000000000e+00
1.538000000000000000e+03,3.640672958263352399e+01,8.725300000000000011e+01,6.000000000000000000e+01,-9.231566770223127438e-01,4.779177787180572068e+01,-1.123584990600853539e-01,-1.034953311308979984e+01,0.000000000000000000e+00
1.539000000000000000e+03,3.639435964835113424e+01,8.728499999999999659e+01,6.000000000000000000e+01,-9.231566770223127438e-01,4.778621560785464339e+01,-1.103917687134065850e-01,-1.035830751376778913e+01,0.000000000000000000e+00
1.540000000000000000e+03,3.620759036836852829e+01,8.728499999999999659e+01,6.000000000000000000e+01,-1.039919576882829544e+00,4.777994981644730643e+01,-1.654550631676455774e-01,-1.036698480802830069e+01,0.000000000000000000e+00
1.541000000000000000e+03,3.619563884956830435e+01,8.725300000000000011e+01,6.000000000000000000e+01,-1.039919576882829544e+00,4.777368402503996947e+01,-1.625589271702303218e-01,-1.037556667141860522e+01,0.000000000000000000e+00
1.542000000000000000e+03,3.635819245701500790e+01,8.728499999999999659e+01,6.000000000000000000e+01,-9.231566770223127438e-01,4.776812176108889219e+01,-1.027178862950965110e-01,-1.038405474075647561e+01,0.000000000000000000e+00
1.543000000000000000e+03,3.617157027279292691e+01,8.722100000000000364e+01,6.000000000000000000e+01,-1.039919576882829544e+00,4.776185596968155522e+01,-1.579155048775072734e-01,-1.039245061512829160e+01,0.000000000000000000e+00
1.544000000000000000e+03,3.650868745542869931e+01,8.722100000000000364e+01,6.000000000000000000e+01,-8.063937771617960548e-01,4.775699723318674472e+01,-4.116014373561058259e-02,-1.040075585686063775e+01,0.000000000000000000e+00
1.545000000000000000e+03,3.649633305311433418e+01,8.722100000000000364e+01,6.000000000000000000e+01,-8.063937771617960548e-01,4.775213849669193422e+01,-4.043967394974066348e-02,-1.040897199246606419e+01,0.000000000000000000e+00
1.546000000000000000e+03,3.648405365415855073e+01,8.722100000000000364e+01,6.000000000000000000e+01,-8.063937771617960548e-01,4.774727976019712372e+01,-3.973181531303693337e-02,-1.041710051356373690e+01,0.000000000000000000e+00
1.547000000000000000e+03,3.647184802168574436e+01,8.722100000000000364e+01,6.000000000000000000e+01,-8.063937771617960548e-01,4.774242102370231322e+01,-3.903634707913859053e-02,-1.042514287777563275e+01,0.000000000000000000e+00
1.548000000000000000e+03,3.645971494808113533e+01,8.712399999999999523e+01,6.000000000000000000e+01,-8.063937771617960548e-01,4.773756228720750272e+01,-3.835305236564325732e-02,-1.043310050959892799e+01,0.000000000000000000e+00
1.549000000000000000e+03,3.697649127156468296e+01,8.715600000000000591e+01,6.000000000000000000e+01,-4.524562369595349076e-01,4.773483611831448314e+01,1.350861914649606754e-01,-1.044097480125523170e+01,0.000000000000000000e+00
1.550000000000000000e+03,3.678914620673877067e+01,8.712399999999999523e+01,6.000000000000000000e+01,-5.692191368201034996e-01,4.773140642196520389e+01,7.572603511095329920e-02,-1.044876711351728460e+01,0.000000000000000000e+00
1.551000000000000000e+03,3.695114136038008468e+01,8.696299999999999386e+01,6.000000000000000000e+01,-4.524562369595349076e-01,4.772868025307218431e+01,1.313961207811573106e-01,-1.045647877651372148e+01,0.000000000000000000e+00
1.552000000000000000e+03,3.781624498143821000e+01,8.706000000000000227e+01,6.000000000000000000e+01,1.350071029637597841e-01,4.772949370669348923e+01,4.158552622934303944e-01,-1.046411109051247301e+01,0.000000000000000000e+00
1.553000000000000000e+03,3.727338702445089780e+01,8.709199999999999875e+01,6.000000000000000000e+01,-2.189304372385013631e-01,4.772817459271299612e+01,2.358081956597980755e-01,-1.047166532668340011e+01,0.000000000000000000e+00
1.554000000000000000e+03,3.708600088124529037e+01,8.715600000000000591e+01,6.000000000000000000e+01,-3.356933370990181076e-01,4.772615195127624332e+01,1.746849949087708187e-01,-1.047914272784071166e+01,0.000000000000000000e+00
1.555000000000000000e+03,3.672459470848303198e+01,8.706000000000000227e+01,6.000000000000000000e+01,-5.692191368201034996e-01,4.772272225492696407e+01,5.763609954185730522e-02,-1.048654450916568948e+01,0.000000000000000000e+00
1.556000000000000000e+03,3.723621487545235453e+01,8.699500000000000455e+01,6.000000000000000000e+01,-2.189304372385013631e-01,4.772140314094647096e+01,2.276140306546478032e-01,-1.049387185891026775e+01,0.000000000000000000e+00
1.557000000000000000e+03,3.757803350177555757e+01,8.699500000000000455e+01,6.000000000000000000e+01,1.824420310319116098e-02,4.772151306711150909e+01,3.394021706428431151e-01,-1.050112593908198910e+01,0.000000000000000000e+00
1.558000000000000000e+03,3.756502056363081010e+01,8.699500000000000455e+01,6.000000000000000000e+01,1.824420310319116098e-02,4.772162299327654722e+01,3.334612533618552255e-01,-1.050830788611078681e+01,0.000000000000000000e+00
1.559000000000000000e+03,3.755218263732319173e+01,8.699500000000000455e+01,6.000000000000000000e+01,1.824420310319116098e-02,4.772173291944158535e+01,3.276243262765478059e-01,-1.051541881149813484e+01,0.000000000000000000e+00
1.560000000000000000e+03,3.753951681539669494e+01,8.699500000000000455e+01,6.000000000000000000e+01,1.824420310319116098e-02,4.772184284560662348e+01,3.218895691358912847e-01,-1.052245980244901347e+01,0.000000000000000000e+00
1.561000000000000000e+03,3.752702024593835262e+01,8.696299999999999386e+01,6.000000000000000000e+01,1.824420310319116098e-02,4.772195277177166162e+01,3.162551935506463519e-01,-1.052943192248714688e+01,0.000000000000000000e+00
1.562000000000000000e+03,3.768915215776571159e+01,8.706000000000000227e+01,6.000000000000000000e+01,1.350071029637597841e-01,4.772276622539296653e+01,3.677150414629440367e-01,-1.053633621205396231e+01,0.000000000000000000e+00
1.563000000000000000e+03,3.714785360941289127e+01,8.696299999999999386e+01,6.000000000000000000e+01,-2.189304372385013631e-01,4.772144711141247342e+01,1.885106243306413909e-01,-1.054317368909172359e+01,0.000000000000000000e+00
1.564000000000000000e+03,3.766530115025523173e+01,8.696299999999999386e+01,6.000000000000000000e+01,1.350071029637597841e-01,4.772226056503377833e+01,3.579788318689297588e-01,-1.054994534961123520e+01,0.000000000000000000e+00
1.565000000000000000e+03,3.765314170089719426e+01,8.699500000000000455e+01,6.000000000000000000e+01,1.350071029637597841e-01,4.772307401865508325e+01,3.517127475228871702e-01,-1.055665216824453978e+01,0.000000000000000000e+00
1.566000000000000000e+03,3.746669379523059717e+01,8.702700000000000102e+01,6.000000000000000000e+01,1.824420310319116098e-02,4.772318394482012138e+01,2.885607460903175103e-01,-1.056329509878303519e+01,0.000000000000000000e+00
1.567000000000000000e+03,3.728071073339615538e+01,8.696299999999999386e+01,6.000000000000000000e+01,-9.851869675732560783e-02,4.772259034352889984e+01,2.265141613259373798e-01,-1.056987507470135768e+01,0.000000000000000000e+00
1.568000000000000000e+03,3.761855833147407679e+01,8.706000000000000227e+01,6.000000000000000000e+01,1.350071029637597841e-01,4.772340379715020475e+01,3.365404410275529834e-01,-1.057639300966743789e+01,0.000000000000000000e+00
1.569000000000000000e+03,3.707818615398527129e+01,8.696299999999999386e+01,6.000000000000000000e+01,-2.189304372385013631e-01,4.772208468316971164e+01,1.578817060931682892e-01,-1.058284979803910986e+01,0.000000000000000000e+00
1.570000000000000000e+03,3.759654496858049555e+01,8.696299999999999386e+01,6.000000000000000000e+01,1.350071029637597841e-01,4.772289813679101655e+01,3.278860441733159603e-01,-1.058924631534760330e+01,0.000000000000000000e+00
1.571000000000000000e+03,3.758528198051367042e+01,8.696299999999999386e+01,6.000000000000000000e+01,1.350071029637597841e-01,4.772371159041232147e+01,3.221467059058719662e-01,-1.059558341876828536e+01,0.000000000000000000e+00
1.572000000000000000e+03,3.757417802880056001e+01,8.699500000000000455e+01,6.000000000000000000e+01,1.350071029637597841e-01,4.772452504403362639e+01,3.165078293821755873e-01,-1.060186194757900147e+01,0.000000000000000000e+00
1.573000000000000000e+03,3.738876850678167330e+01,8.696299999999999386e+01,6.000000000000000000e+01,1.824420310319116098e-02,4.772463497019866452e+01,2.539720570861543902e-01,-1.060808272360633353e+01,0.000000000000000000e+00
1.574000000000000000e+03,3.755273108812232863e+01,8.702700000000000102e+01,6.000000000000000000e+01,1.350071029637597841e-01,4.772544842381996943e+01,3.065221129986991366e-01,-1.061424655166010389e+01,0.000000000000000000e+00
1.575000000000000000e+03,3.719314743810802781e+01,8.696299999999999386e+01,6.000000000000000000e+01,-9.851869675732560783e-02,4.772485482252874789e+01,1.871655322930247389e-01,-1.062035421995642182e+01,0.000000000000000000e+00
1.576000000000000000e+03,3.753214945149559867e+01,8.696299999999999386e+01,6.000000000000000000e+01,1.350071029637597841e-01,4.772566827615005280e+01,2.978805729114077927e-01,-1.062640650052962954e+01,0.000000000000000000e+00
1.577000000000000000e+03,3.752175113543187024e+01,8.696299999999999386e+01,6.000000000000000000e+01,1.350071029637597841e-01,4.772648172977135772e+01,2.926664523301277798e-01,-1.063240414963337876e+01,0.000000000000000000e+00
1.578000000000000000e+03,3.751149797827391552e+01,8.702700000000000102e+01,6.000000000000000000e+01,1.350071029637597841e-01,4.772729518339266264e+01,2.875436000486580324e-01,-1.063834790813116626e+01,0.000000000000000000e+00
1.579000000000000000e+03,3.715246360391379454e+01,8.699500000000000455e+01,6.000000000000000000e+01,-9.851869675732560783e-02,4.772670158210144109e+01,1.685192204462906962e-01,-1.064423850187661280e+01,0.000000000000000000e+00
1.580000000000000000e+03,3.731754411755726863e+01,8.699500000000000455e+01,6.000000000000000000e+01,1.824420310319116098e-02,4.772681150826647922e+01,2.225650482713516509e-01,-1.065007664208375182e+01,0.000000000000000000e+00
1.581000000000000000e+03,3.730797186729279247e+01,8.699500000000000455e+01,6.000000000000000000e+01,1.824420310319116098e-02,4.772692143443151735e+01,2.186692554456463877e-01,-1.065586302568756594e+01,0.000000000000000000e+00
1.582000000000000000e+03,3.729851888283114647e+01,8.696299999999999386e+01,6.000000000000000000e+01,1.824420310319116098e-02,4.772703136059655549e+01,2.148416548264834303e-01,-1.066159833569509097e+01,0.000000000000000000e+00
1.583000000000000000e+03,3.746364532745474918e+01,8.699500000000000455e+01,6.000000000000000000e+01,1.350071029637597841e-01,4.772784481421786040e+01,2.680766518004131793e-01,-1.066728324152728824e+01,0.000000000000000000e+00
1.584000000000000000e+03,3.727966916606543180e+01,8.696299999999999386e+01,6.000000000000000000e+01,1.824420310319116098e-02,4.772795474038289854e+01,2.063886219312866532e-01,-1.067291839935195341e+01,0.000000000000000000e+00
1.585000000000000000e+03,3.744504242589317755e+01,8.696299999999999386e+01,6.000000000000000000e+01,1.350071029637597841e-01,4.772876819400420345e+01,2.597715813331192836e-01,-1.067850445240790691e+01,0.000000000000000000e+00
1.586000000000000000e+03,3.743577124224398744e+01,8.696299999999999386e+01,6.000000000000000000e+01,1.350071029637597841e-01,4.772958164762550837e+01,2.552245229753944411e-01,-1.068404203132067920e+01,0.000000000000000000e+00
1.587000000000000000e+03,3.742662750641834180e+01,8.699500000000000455e+01,6.000000000000000000e+01,1.350071029637597841e-01,4.773039510124681328e+01,2.507570566176969273e-01,-1.068953175440993064e+01,0.000000000000000000e+00
1.588000000000000000e+03,3.724314719257550621e+01,8.696299999999999386e+01,6.000000000000000000e+01,1.824420310319116098e-02,4.773050502741185142e+01,1.893721900492818522e-01,-1.069497422798882624e+01,0.000000000000000000e+00
1.589000000000000000e+03,3.740900854350338278e+01,8.696299999999999386e+01,6.000000000000000000e+01,1.350071029637597841e-01,4.773131848103315633e+01,2.430530061620397031e-01,-1.070037004665558023e+01,0.000000000000000000e+00
1.590000000000000000e+03,3.740021783485319418e+01,8.699500000000000455e+01,6.000000000000000000e+01,1.350071029637597841e-01,4.773213193465446125e+01,2.387985908123405610e-01,-1.070571979357737646e+01,0.000000000000000000e+00
1.591000000000000000e+03,3.721708506914929160e+01,8.696299999999999386e+01,6.000000000000000000e+01,1.824420310319116098e-02,4.773224186081949938e+01,1.776230459934669825e-01,-1.071102404076686199e+01,0.000000000000000000e+00
1.592000000000000000e+03,3.738328858792760911e+01,8.696299999999999386e+01,6.000000000000000000e+01,1.350071029637597841e-01,4.773305531444080430e+01,2.315095198744877847e-01,-1.071628334935143911e+01,0.000000000000000000e+00
1.593000000000000000e+03,3.737483476363671286e+01,8.696299999999999386e+01,6.000000000000000000e+01,1.350071029637597841e-01,4.773386876806210921e+01,2.274571624463354313e-01,-1.072149826983549659e+01,0.000000000000000000e+00
1.594000000000000000e+03,3.736649572003288000e+01,8.699500000000000455e+01,6.000000000000000000e+01,1.350071029637597841e-01,4.773468222168341413e+01,2.234757377415302892e-01,-1.072666934235582481e+01,0.000000000000000000e+00
1.595000000000000000e+03,3.718380765914314168e+01,8.696299999999999386e+01,6.000000000000000000e+01,1.824420310319116098e-02,4.773479214784845226e+01,1.625684051218597992e-01,-1.073179709693036443e+01,0.000000000000000000e+00
1.596000000000000000e+03,3.735044904713166147e+01,8.702700000000000102e+01,6.000000000000000000e+01,1.350071029637597841e-01,4.773560560146975718e+01,2.167183963986114570e-01,-1.073688205370046944e+01,0.000000000000000000e+00
1.597000000000000000e+03,3.699350232594064636e+01,8.696299999999999386e+01,6.000000000000000000e+01,-9.851869675732560783e-02,4.773501200017853563e+01,9.893374568630128318e-02,-1.074192472316686597e+01,0.000000000000000000e+00
1.598000000000000000e+03,3.733510015147913919e+01,8.696299999999999386e+01,6.000000000000000000e+01,1.350071029637597841e-01,4.773582545379984055e+01,2.111932011350063920e-01,-1.074692560641946670e+01,0.000000000000000000e+00
1.599000000000000000e+03,3.732725727687187600e+01,8.699500000000000455e+01,6.000000000000000000e+01,1.350071029637597841e-01,4.773663890742114546e+01,2.074964618481783540e-01,-1.075188519536120779e+01,0.000000000000000000e+00
1.600000000000000000e+03,3.714505789525803436e+01,8.696299999999999386e+01,6.000000000000000000e+01,1.824420310319116098e-02,4.773674883358618359e+01,1.468688314947387552e-01,-1.075680397292607715e+01,0.000000000000000000e+00
1.601000000000000000e+03,3.731218060599118047e+01,8.699500000000000455e+01,6.000000000000000000e+01,1.350071029637597841e-01,4.773756228720748851e+01,2.012936291113816556e-01,-1.076168241329145481e+01,0.000000000000000000e+00
1.602000000000000000e+03,3.713017000792923739e+01,8.699500000000000455e+01,6.000000000000000000e+01,1.824420310319116098e-02,4.773767221337252664e+01,1.407745735384960950e-01,-1.076652098208497499e+01,0.000000000000000000e+00
1.603000000000000000e+03,3.712301665246326365e+01,8.699500000000000455e+01,6.000000000000000000e+01,1.824420310319116098e-02,4.773778213953756477e+01,1.383104464085060104e-01,-1.077132013658600229e+01,0.000000000000000000e+00
1.604000000000000000e+03,3.711594539440115881e+01,8.706000000000000227e+01,6.000000000000000000e+01,1.824420310319116098e-02,4.773789206570260291e+01,1.358894515172443251e-01,-1.077608032592188181e+01,0.000000000000000000e+00
1.605000000000000000e+03,3.675457904657559993e+01,8.696299999999999386e+01,6.000000000000000000e+01,-2.189304372385013631e-01,4.773657295172210979e+01,1.773852335110660816e-02,-1.078080199125911953e+01,0.000000000000000000e+00
1.606000000000000000e+03,3.727710387897397482e+01,8.702700000000000102e+01,6.000000000000000000e+01,1.350071029637597841e-01,4.773738640534341471e+01,1.901959366564009435e-01,-1.078548556598960495e+01,0.000000000000000000e+00
1.607000000000000000e+03,3.692101816815691961e+01,8.696299999999999386e+01,6.000000000000000000e+01,-9.851869675732560783e-02,4.773679280405219316e+01,7.287553677406738428e-02,-1.079013147591202149e+01,0.000000000000000000e+00
1.608000000000000000e+03,3.726346433800524949e+01,8.699500000000000455e+01,6.000000000000000000e+01,1.350071029637597841e-01,4.773760625767349808e+01,1.855911167765579572e-01,-1.079474013940856381e+01,0.000000000000000000e+00
1.609000000000000000e+03,3.708199533830752870e+01,8.696299999999999386e+01,6.000000000000000000e+01,1.824420310319116098e-02,4.773771618383853621e+01,1.253469189828910479e-01,-1.079931196761709344e+01,0.000000000000000000e+00
1.610000000000000000e+03,3.724983781335602373e+01,8.699500000000000455e+01,6.000000000000000000e+01,1.350071029637597841e-01,4.773852963745984113e+01,1.801484375312810138e-01,-1.080384736459885708e+01,0.000000000000000000e+00
1.611000000000000000e+03,3.706853654796908160e+01,8.696299999999999386e+01,6.000000000000000000e+01,1.824420310319116098e-02,4.773863956362487926e+01,1.199995087428826768e-01,-1.080834672750187586e+01,0.000000000000000000e+00
1.612000000000000000e+03,3.723654430219161071e+01,8.696299999999999386e+01,6.000000000000000000e+01,1.350071029637597841e-01,4.773945301724618417e+01,1.748946287017857926e-01,-1.081281044672012115e+01,0.000000000000000000e+00
1.613000000000000000e+03,3.722986792972876913e+01,8.699500000000000455e+01,6.000000000000000000e+01,1.350071029637597841e-01,4.774026647086748909e+01,1.718332619461211963e-01,-1.081723890604859939e+01,0.000000000000000000e+00
1.614000000000000000e+03,3.704881799982373280e+01,8.706000000000000227e+01,6.000000000000000000e+01,1.824420310319116098e-02,4.774037639703252722e+01,1.118298825224625093e-01,-1.082163248283445256e+01,0.000000000000000000e+00
1.615000000000000000e+03,3.668823539227867059e+01,8.696299999999999386e+01,6.000000000000000000e+01,-2.189304372385013631e-01,4.773905728305203411e+01,-5.899905410707645403e-03,-1.082599154812415954e+01,0.000000000000000000e+00
1.616000000000000000e+03,3.721153264929213123e+01,8.702700000000000102e+01,6.000000000000000000e+01,1.350071029637597841e-01,4.773987073667333902e+01,1.669712764620076839e-01,-1.083031646680697690e+01,0.000000000000000000e+00
1.617000000000000000e+03,3.685620824338576540e+01,8.696299999999999386e+01,6.000000000000000000e+01,-9.851869675732560783e-02,4.773927713538211748e+01,5.005740251565329868e-02,-1.083460759775468318e+01,0.000000000000000000e+00
1.618000000000000000e+03,3.719940479060758776e+01,8.696299999999999386e+01,6.000000000000000000e+01,1.350071029637597841e-01,4.774009058900342239e+01,1.631723925981647394e-01,-1.083886529395775966e+01,0.000000000000000000e+00
1.619000000000000000e+03,3.719313745554267570e+01,8.696299999999999386e+01,6.000000000000000000e+01,1.350071029637597841e-01,4.774090404262472731e+01,1.603162126122485986e-01,-1.084308990265806472e+01,0.000000000000000000e+00
1.620000000000000000e+03,3.718695286111496046e+01,8.696299999999999386e+01,6.000000000000000000e+01,1.350071029637597841e-01,4.774171749624603223e+01,1.575100273833011655e-01,-1.084728176547813305e+01,0.000000000000000000e+00
1.621000000000000000e+03,3.718084979608384089e+01,8.696299999999999386e+01,6.000000000000000000e+01,1.350071029637597841e-01,4.774253094986733714e+01,1.547529617999020557e-01,-1.085144121854715848e+01,0.000000000000000000e+00
1.622000000000000000e+03,3.717482706989726893e+01,8.696299999999999386e+01,6.000000000000000000e+01,1.350071029637597841e-01,4.774334440348864206e+01,1.520441560686371096e-01,-1.085556859262376683e+01,0.000000000000000000e+00
1.623000000000000000e+03,3.716888351230402066e+01,8.696299999999999386e+01,6.000000000000000000e+01,1.350071029637597841e-01,4.774415785710994697e+01,1.493827654459709831e-01,-1.085966421321565534e+01,0.000000000000000000e+00
1.624000000000000000e+03,3.716301797297364828e+01,8.696299999999999386e+01,6.000000000000000000e+01,1.350071029637597841e-01,4.774497131073125189e+01,1.467679599748132058e-01,-1.086372840069618384e+01,0.000000000000000000e+00
1.625000000000000000e+03,3.715722932112402788e+01,8.696299999999999386e+01,6.000000000000000000e+01,1.350071029637597841e-01,4.774578476435255681e+01,1.441989242256952186e-01,-1.086776147041798879e+01,0.000000000000000000e+00
1.626000000000000000e+03,3.715151644515636775e+01,8.696299999999999386e+01,6.000000000000000000e+01,1.350071029637597841e-01,4.774659821797386172e+01,1.416748570424779807e-01,-1.087176373282373731e+01,0.000000000000000000e+00
1.627000000000000000e+03,3.714587825229740758e+01,8.696299999999999386e+01,6.000000000000000000e+01,1.350071029637597841e-01,4.774741167159516664e+01,1.391949712925107108e-01,-1.087573549355403379e+01,0.000000000000000000e+00
1.628000000000000000e+03,3.714031366824877978e+01,8.696299999999999386e+01,6.000000000000000000e+01,1.350071029637597841e-01,4.774822512521647155e+01,1.367584936211628244e-01,-1.087967705355261572e+01,0.000000000000000000e+00
1.629000000000000000e+03,3.713482163684331994e+01,8.696299999999999386e+01,6.000000000000000000e+01,1.350071029637597841e-01,4.774903857883777647e+01,1.343646642106526290e-01,-1.088358870916887078e+01,0.000000000000000000e+00
1.630000000000000000e+03,3.712940111970818435e+01,8.696299999999999386e+01,6.000000000000000000e+01,1.350071029637597841e-01,4.774985203245908139e+01,1.320127365430973920e-01,-1.088747075225775696e+01,0.000000000000000000e+00
1.631000000000000000e+03,3.712405109593465369e+01,8.696299999999999386e+01,6.000000000000000000e+01,1.350071029637597841e-01,4.775066548608038630e+01,1.297019771677111466e-01,-1.089132347027720726e+01,0.000000000000000000e+00
1.632000000000000000e+03,3.711877056175445944e+01,8.696299999999999386e+01,6.000000000000000000e+01,1.350071029637597841e-01,4.775147893970169122e+01,1.274316654720773212e-01,-1.089514714638307069e+01,0.000000000000000000e+00
1.633000000000000000e+03,3.711355853022253370e+01,8.696299999999999386e+01,6.000000000000000000e+01,1.350071029637597841e-01,4.775229239332299613e+01,1.252010934574251388e-01,-1.089894205952165152e+01,0.000000000000000000e+00
1.634000000000000000e+03,3.710841403090597623e+01,8.696299999999999386e+01,6.000000000000000000e+01,1.350071029637597841e-01,4.775310584694430105e+01,1.230095655178395087e-01,-1.090270848451992869e+01,0.000000000000000000e+00
1.635000000000000000e+03,3.710333610957921024e+01,8.696299999999999386e+01,6.000000000000000000e+01,1.350071029637597841e-01,4.775391930056560597e+01,1.208563982233357703e-01,-1.090644669217349616e+01,0.000000000000000000e+00
1.636000000000000000e+03,3.709832382792509975e+01,8.699500000000000455e+01,6.000000000000000000e+01,1.350071029637597841e-01,4.775473275418691088e+01,1.187409201067313597e-01,-1.091015694933230407e+01,0.000000000000000000e+00
1.637000000000000000e+03,3.691891423689786222e+01,8.696299999999999386e+01,6.000000000000000000e+01,1.824420310319116098e-02,4.775484268035194901e+01,5.966687242695732640e-02,-1.091383951898423632e+01,0.000000000000000000e+00
1.638000000000000000e+03,3.708878663530728659e+01,8.696299999999999386e+01,6.000000000000000000e+01,1.350071029637597841e-01,4.775565613397325393e+01,1.156180587068799948e-01,-1.091749466033660632e+01,0.000000000000000000e+00
1.639000000000000000e+03,3.708394833448259931e+01,8.696299999999999386e+01,6.000000000000000000e+01,1.350071029637597841e-01,4.775646958759455885e+01,1.135942728198746088e-01,-1.092112262889559915e+01,0.000000000000000000e+00
1.640000000000000000e+03,3.707917237904622709e+01,8.696299999999999386e+01,6.000000000000000000e+01,1.350071029637597841e-01,4.775728304121586376e+01,1.116059114103448990e-01,-1.092472367654374565e+01,0.000000000000000000e+00
1.641000000000000000e+03,3.707445790059145452e+01,8.696299999999999386e+01,6.000000000000000000e+01,1.350071029637597841e-01,4.775809649483716868e+01,1.096523544059736788e-01,-1.092829805161544954e+01,0.000000000000000000e+00
1.642000000000000000e+03,3.706980404503983095e+01,8.699500000000000455e+01,6.000000000000000000e+01,1.350071029637597841e-01,4.775890994845847359e+01,1.077329925882292289e-01,-1.093184599897063336e+01,0.000000000000000000e+00
1.643000000000000000e+03,3.689074794603523344e+01,8.696299999999999386e+01,6.000000000000000000e+01,1.824420310319116098e-02,4.775901987462351173e+01,4.885162837508909284e-02,-1.093536776006656375e+01,0.000000000000000000e+00
1.644000000000000000e+03,3.706096898355863800e+01,8.696299999999999386e+01,6.000000000000000000e+01,1.350071029637597841e-01,4.775983332824481664e+01,1.049921253779342173e-01,-1.093886357302787182e+01,0.000000000000000000e+00
1.645000000000000000e+03,3.705647454862188539e+01,8.696299999999999386e+01,6.000000000000000000e+01,1.350071029637597841e-01,4.776064678186612156e+01,1.031543365068612744e-01,-1.094233367271486124e+01,0.000000000000000000e+00
1.646000000000000000e+03,3.705203776407069682e+01,8.702700000000000102e+01,6.000000000000000000e+01,1.350071029637597841e-01,4.776146023548742647e+01,1.013487164096128629e-01,-1.094577829079010378e+01,0.000000000000000000e+00
1.647000000000000000e+03,3.669873378560284038e+01,8.696299999999999386e+01,6.000000000000000000e+01,-9.851869675732560783e-02,4.776086663419620493e+01,-1.441649605263983780e-02,-1.094919765578339899e+01,0.000000000000000000e+00
1.648000000000000000e+03,3.704392224689610913e+01,8.696299999999999386e+01,6.000000000000000000e+01,1.350071029637597841e-01,4.776168008781750984e+01,9.982704926996199823e-02,-1.095259199315512433e+01,0.000000000000000000e+00
1.649000000000000000e+03,3.703961878926565987e+01,8.696299999999999386e+01,6.000000000000000000e+01,1.350071029637597841e-01,4.776249354143881476e+01,9.807967022110483657e-02,-1.095596152535802226e+01,0.000000000000000000e+00
1.650000000000000000e+03,3.703537050353317284e+01,8.706000000000000227e+01,6.000000000000000000e+01,1.350071029637597841e-01,4.776330699506011968e+01,9.636287740676741098e-02,-1.095930647189747908e+01,0.000000000000000000e+00
1.651000000000000000e+03,3.650233862034293253e+01,8.696299999999999386e+01,6.000000000000000000e+01,-2.189304372385013631e-01,4.776198788107962656e+01,-7.809177410788625817e-02,-1.096262704939030463e+01,0.000000000000000000e+00
1.652000000000000000e+03,3.702792802488980328e+01,8.702700000000000102e+01,6.000000000000000000e+01,1.350071029637597841e-01,4.776280133470093148e+01,9.604305884719412101e-02,-1.096592347162208547e+01,0.000000000000000000e+00
1.653000000000000000e+03,3.667486380400318069e+01,8.696299999999999386e+01,6.000000000000000000e+01,-9.851869675732560783e-02,4.776220773340970993e+01,-1.962928304608173302e-02,-1.096919594960312239e+01,0.000000000000000000e+00
1.654000000000000000e+03,3.702028910560488839e+01,8.702700000000000102e+01,6.000000000000000000e+01,1.350071029637597841e-01,4.776302118703101485e+01,9.470550723312362584e-02,-1.097244469162300895e+01,0.000000000000000000e+00
1.655000000000000000e+03,3.666729556360736098e+01,8.696299999999999386e+01,6.000000000000000000e+01,-9.851869675732560783e-02,4.776242758573979330e+01,-2.094342207123686683e-02,-1.097566990330387249e+01,0.000000000000000000e+00
1.656000000000000000e+03,3.701279072565397144e+01,8.699500000000000455e+01,6.000000000000000000e+01,1.350071029637597841e-01,4.776324103936109822e+01,9.341437098143154372e-02,-1.097887178765232541e+01,0.000000000000000000e+00
1.657000000000000000e+03,3.683432826435497276e+01,8.696299999999999386e+01,6.000000000000000000e+01,1.824420310319116098e-02,4.776335096552613635e+01,3.478364083578318333e-02,-1.098205054511014289e+01,0.000000000000000000e+00
1.658000000000000000e+03,3.700513553329886918e+01,8.699500000000000455e+01,6.000000000000000000e+01,1.350071029637597841e-01,4.776416441914744127e+01,9.117038479138847573e-02,-1.098520637360372021e+01,0.000000000000000000e+00
1.659000000000000000e+03,3.682675801334673338e+01,8.696299999999999386e+01,6.000000000000000000e+01,1.824420310319116098e-02,4.776427434531247940e+01,3.257893352338982196e-02,-1.098833946859233279e+01,0.000000000000000000e+00
1.660000000000000000e+03,3.699764914759898460e+01,8.696299999999999386e+01,6.000000000000000000e+01,1.350071029637597841e-01,4.776508779893378431e+01,8.900426881666072265e-02,-1.099145002311522212e+01,0.000000000000000000e+00
1.661000000000000000e+03,3.699381646008967550e+01,8.696299999999999386e+01,6.000000000000000000e+01,1.350071029637597841e-01,4.776590125255508923e+01,8.744633240837823562e-02,-1.099453822783755186e+01,0.000000000000000000e+00
1.662000000000000000e+03,3.699003320426342611e+01,8.696299999999999386e+01,6.000000000000000000e+01,1.350071029637597841e-01,4.776671470617639415e+01,8.591566621853045926e-02,-1.099760427109525907e+01,0.000000000000000000e+00
1.663000000000000000e+03,3.698629871673011849e+01,8.699500000000000455e+01,6.000000000000000000e+01,1.350071029637597841e-01,4.776752815979769906e+01,8.441179290747148622e-02,-1.100064833893881655e+01,0.000000000000000000e+00
1.664000000000000000e+03,3.680815031835361140e+01,8.696299999999999386e+01,6.000000000000000000e+01,1.824420310319116098e-02,4.776763808596273719e+01,2.593864446364822773e-02,-1.100367061517596667e+01,0.000000000000000000e+00
1.665000000000000000e+03,3.697926757293529221e+01,8.702700000000000102e+01,6.000000000000000000e+01,1.350071029637597841e-01,4.776845153958404211e+01,8.248021180090120419e-02,-1.100667128141341067e+01,0.000000000000000000e+00
1.666000000000000000e+03,3.662673399928689832e+01,8.696299999999999386e+01,6.000000000000000000e+01,-9.851869675732560783e-02,4.776785793829282056e+01,-3.295472515108006928e-02,-1.100965051709751741e+01,0.000000000000000000e+00
1.667000000000000000e+03,3.697268330984198315e+01,8.696299999999999386e+01,6.000000000000000000e+01,1.350071029637597841e-01,4.776867139191412548e+01,8.161331451815849458e-02,-1.101260849955406051e+01,0.000000000000000000e+00
1.668000000000000000e+03,3.696913129431834477e+01,8.696299999999999386e+01,6.000000000000000000e+01,1.350071029637597841e-01,4.776948484553543040e+01,8.018474984616100198e-02,-1.101554540402700511e+01,0.000000000000000000e+00
1.669000000000000000e+03,3.696562518926558027e+01,8.699500000000000455e+01,6.000000000000000000e+01,1.350071029637597841e-01,4.777029829915673531e+01,7.878119086146009864e-02,-1.101846140371638150e+01,0.000000000000000000e+00
1.670000000000000000e+03,3.678770235944531919e+01,8.696299999999999386e+01,6.000000000000000000e+01,1.824420310319116098e-02,4.777040822532177344e+01,2.040660083561676719e-02,-1.102135666981526185e+01,0.000000000000000000e+00
1.671000000000000000e+03,3.695904241177898797e+01,8.696299999999999386e+01,6.000000000000000000e+01,1.350071029637597841e-01,4.777122167894307836e+01,7.704500141800399438e-02,-1.102423137154585753e+01,0.000000000000000000e+00
1.672000000000000000e+03,3.695565296012377843e+01,8.702700000000000102e+01,6.000000000000000000e+01,1.350071029637597841e-01,4.777203513256438328e+01,7.569640079040335090e-02,-1.102708567619477265e+01,0.000000000000000000e+00
1.673000000000000000e+03,3.660338329346819819e+01,8.699500000000000455e+01,6.000000000000000000e+01,-9.851869675732560783e-02,4.777144153127316173e+01,-3.961979190019948582e-02,-1.102991974914744056e+01,0.000000000000000000e+00
1.674000000000000000e+03,3.677513122111565735e+01,8.699500000000000455e+01,6.000000000000000000e+01,1.824420310319116098e-02,4.777155145743819986e+01,1.806931449598835754e-02,-1.103273375392172717e+01,0.000000000000000000e+00
1.675000000000000000e+03,3.677213076256617796e+01,8.696299999999999386e+01,6.000000000000000000e+01,1.824420310319116098e-02,4.777166138360323799e+01,1.775302806051418103e-02,-1.103552785220076871e+01,0.000000000000000000e+00
1.676000000000000000e+03,3.694361761327356675e+01,8.699500000000000455e+01,6.000000000000000000e+01,1.350071029637597841e-01,4.777247483722454291e+01,7.443787695030647245e-02,-1.103830220386504202e+01,0.000000000000000000e+00
1.677000000000000000e+03,3.676591131203777252e+01,8.696299999999999386e+01,6.000000000000000000e+01,1.824420310319116098e-02,4.777258476338958104e+01,1.613931256867942587e-02,-1.104105696702368355e+01,0.000000000000000000e+00
1.678000000000000000e+03,3.693746542996710502e+01,8.696299999999999386e+01,6.000000000000000000e+01,1.350071029637597841e-01,4.777339821701088596e+01,7.285240803754891581e-02,-1.104379229804508888e+01,0.000000000000000000e+00
1.679000000000000000e+03,3.693428761684151596e+01,8.696299999999999386e+01,6.000000000000000000e+01,1.350071029637597841e-01,4.777421167063219087e+01,7.157719483236495150e-02,-1.104650835158679811e+01,0.000000000000000000e+00
1.680000000000000000e+03,3.693115124963317442e+01,8.696299999999999386e+01,6.000000000000000000e+01,1.350071029637597841e-01,4.777502512425349579e+01,7.032430304060409421e-02,-1.104920528062469209e+01,0.000000000000000000e+00
1.681000000000000000e+03,3.692805578630385810e+01,8.696299999999999386e+01,6.000000000000000000e+01,1.350071029637597841e-01,4.777583857787480071e+01,6.909334194681956975e-02,-1.105188323648152604e+01,0.000000000000000000e+00
1.682000000000000000e+03,3.692500069327974188e+01,8.696299999999999386e+01,6.000000000000000000e+01,1.350071029637597841e-01,4.777665203149610562e+01,6.788392767467274491e-02,-1.105454236885479347e+01,0.000000000000000000e+00
1.683000000000000000e+03,3.692198544530442206e+01,8.696299999999999386e+01,6.000000000000000000e+01,1.350071029637597841e-01,4.777746548511741054e+01,6.669568306722094275e-02,-1.105718282584397372e+01,0.000000000000000000e+00
1.684000000000000000e+03,3.691900952529464064e+01,8.696299999999999386e+01,6.000000000000000000e+01,1.350071029637597841e-01,4.777827893873871545e+01,6.552823756930069299e-02,-1.105980475397713825e+01,0.000000000000000000e+00
1.685000000000000000e+03,3.691607242419879498e+01,8.696299999999999386e+01,6.000000000000000000e+01,1.350071029637597841e-01,4.777909239236002037e+01,6.438122711196982151e-02,-1.106240829823696181e+01,0.000000000000000000e+00
1.686000000000000000e+03,3.691317364085792008e+01,8.696299999999999386e+01,6.000000000000000000e+01,1.350071029637597841e-01,4.777990584598132529e+01,6.325429399897214422e-02,-1.106499360208614036e+01,0.000000000000000000e+00
1.687000000000000000e+03,3.691031268186934255e+01,8.696299999999999386e+01,6.000000000000000000e+01,1.350071029637597841e-01,4.778071929960263020e+01,6.214708679518961276e-02,-1.106756080749224402e+01,0.000000000000000000e+00
1.688000000000000000e+03,3.690748906145275754e+01,8.696299999999999386e+01,6.000000000000000000e+01,1.350071029637597841e-01,4.778153275322393512e+01,6.105926021704694701e-02,-1.107011005495198930e+01,0.000000000000000000e+00
1.689000000000000000e+03,3.690470230131884222e+01,8.696299999999999386e+01,6.000000000000000000e+01,1.350071029637597841e-01,4.778234620684524003e+01,5.999047502483462191e-02,-1.107264148351499422e+01,0.000000000000000000e+00
1.690000000000000000e+03,3.690195193054024259e+01,8.696299999999999386e+01,6.000000000000000000e+01,1.350071029637597841e-01,4.778315966046654495e+01,5.894039791691666613e-02,-1.107515523080697584e+01,0.000000000000000000e+00
1.691000000000000000e+03,3.689923748542496185e+01,8.696299999999999386e+01,6.000000000000000000e+01,1.350071029637597841e-01,4.778397311408784986e+01,5.790870142579023633e-02,-1.107765143305244138e+01,0.000000000000000000e+00
1.692000000000000000e+03,3.689655850939200121e+01,8.696299999999999386e+01,6.000000000000000000e+01,1.350071029637597841e-01,4.778478656770915478e+01,5.689506381596459716e-02,-1.108013022509688028e+01,0.000000000000000000e+00
1.693000000000000000e+03,3.689391455284939525e+01,8.696299999999999386e+01,6.000000000000000000e+01,1.350071029637597841e-01,4.778560002133045970e+01,5.589916898362758124e-02,-1.108259174042845530e+01,0.000000000000000000e+00
1.694000000000000000e+03,3.689130517307438595e+01,8.696299999999999386e+01,6.000000000000000000e+01,1.350071029637597841e-01,4.778641347495176461e+01,5.492070635806835938e-02,-1.108503611119921217e+01,0.000000000000000000e+00
1.695000000000000000e+03,3.688872993409582790e+01,8.696299999999999386e+01,6.000000000000000000e+01,1.350071029637597841e-01,4.778722692857306953e+01,5.395937080482565706e-02,-1.108746346824582929e+01,0.000000000000000000e+00
1.696000000000000000e+03,3.688618840657875353e+01,8.696299999999999386e+01,6.000000000000000000e+01,1.350071029637597841e-01,4.778804038219437444e+01,5.301486253053132314e-02,-1.108987394110991787e+01,0.000000000000000000e+00
1.697000000000000000e+03,3.688368016771100599e+01,8.696299999999999386e+01,6.000000000000000000e+01,1.350071029637597841e-01,4.778885383581567936e+01,5.208688698941946194e-02,-1.109226765805785320e+01,0.000000000000000000e+00
1.698000000000000000e+03,3.688120480109201083e+01,8.696299999999999386e+01,6.000000000000000000e+01,1.350071029637597841e-01,4.778966728943698428e+01,5.117515479147209667e-02,-1.109464474610020446e+01,0.000000000000000000e+00
1.699000000000000000e+03,3.687876189662350157e+01,8.696299999999999386e+01,6.000000000000000000e+01,1.350071029637597841e-01,4.779048074305828919e+01,5.027938161217260921e-02,-1.109700533101072040e+01,0.000000000000000000e+00
1.700000000000000000e+03,3.687635105040228467e+01,8.696299999999999386e+01,6.000000000000000000e+01,1.350071029637597841e-01,4.779129419667959411e+01,4.939928810383888147e-02,-1.109934953734491359e+01,0.000000000000000000e+00
1.701000000000000000e+03,3.687397186461492282e+01,8.696299999999999386e+01,6.000000000000000000e+01,1.350071029637597841e-01,4.779210765030089902e+01,4.853459980850848704e-02,-1.110167748845824320e+01,0.000000000000000000e+00
1.702000000000000000e+03,3.687162394743440785e+01,8.696299999999999386e+01,6.000000000000000000e+01,1.350071029637597841e-01,4.779292110392220394e+01,4.768504707234869078e-02,-1.110398930652390881e+01,0.000000000000000000e+00
1.703000000000000000e+03,3.686930691291857443e+01,8.696299999999999386e+01,6.000000000000000000e+01,1.350071029637597841e-01,4.779373455754350886e+01,4.685036496156469443e-02,-1.110628511255025686e+01,0.000000000000000000e+00
1.704000000000000000e+03,3.686702038091053879e+01,8.696299999999999386e+01,6.000000000000000000e+01,1.350071029637597841e-01,4.779454801116481377e+01,4.603029317977976043e-02,-1.110856502639782128e+01,0.000000000000000000e+00
1.705000000000000000e+03,3.686476397694074336e+01,8.696299999999999386e+01,6.000000000000000000e+01,1.350071029637597841e-01,4.779536146478611869e+01,4.522457598686156766e-02,-1.111082916679600352e+01,0.000000000000000000e+00
1.706000000000000000e+03,3.686253733213095529e+01,8.696299999999999386e+01,6.000000000000000000e+01,1.350071029637597841e-01,4.779617491840742360e+01,4.443296211916940297e-02,-1.111307765135939540e+01,0.000000000000000000e+00
1.707000000000000000e+03,3.686034008309992771e+01,8.696299999999999386e+01,6.000000000000000000e+01,1.350071029637597841e-01,4.779698837202872852e+01,4.365520471119738177e-02,-1.111531059660376286e+01,0.000000000000000000e+00
1.708000000000000000e+03,3.685817187187069521e+01,8.696299999999999386e+01,6.000000000000000000e+01,1.350071029637597841e-01,4.779780182565003344e+01,4.289106121858921039e-02,-1.111752811796168849e+01,0.000000000000000000e+00
1.709000000000000000e+03,3.685603234577970966e+01,8.696299999999999386e+01,6.000000000000000000e+01,1.350071029637597841e-01,4.779861527927133835e+01,4.214029334250049552e-02,-1.111973032979789267e+01,0.000000000000000000e+00
1.710000000000000000e+03,3.685392115738745389e+01,8.696299999999999386e+01,6.000000000000000000e+01,1.350071029637597841e-01,4.779942873289264327e+01,4.140266695528505014e-02,-1.112191734542423482e+01,0.000000000000000000e+00
1.711000000000000000e+03,3.685183796439078918e+01,8.696299999999999386e+01,6.000000000000000000e+01,1.350071029637597841e-01,4.780024218651394818e+01,4.067795202748195754e-02,-1.112408927711440221e+01,0.000000000000000000e+00
1.712000000000000000e+03,3.684978242953680194e+01,8.696299999999999386e+01,6.000000000000000000e+01,1.350071029637597841e-01,4.780105564013525310e+01,3.996592255608069633e-02,-1.112624623611829122e+01,0.000000000000000000e+00
1.713000000000000000e+03,3.684775422053824911e+01,8.696299999999999386e+01,6.000000000000000000e+01,1.350071029637597841e-01,4.780186909375655802e+01,3.926635649404186523e-02,-1.112838833267610816e+01,0.000000000000000000e+00
1.714000000000000000e+03,3.684575300999051706e+01,8.696299999999999386e+01,6.000000000000000000e+01,1.350071029637597841e-01,4.780268254737786293e+01,3.857903568105164327e-02,-1.113051567603216441e+01,0.000000000000000000e+00
1.715000000000000000e+03,3.684377847529002281e+01,8.696299999999999386e+01,6.000000000000000000e+01,1.350071029637597841e-01,4.780349600099916785e+01,3.790374577548827340e-02,-1.113262837444839626e+01,0.000000000000000000e+00
1.716000000000000000e+03,3.684183029855419278e+01,8.696299999999999386e+01,6.000000000000000000e+01,1.350071029637597841e-01,4.780430945462047276e+01,3.724027618757944080e-02,-1.113472653521762190e+01,0.000000000000000000e+00
1.717000000000000000e+03,3.683990816654275591e+01,8.696299999999999386e+01,6.000000000000000000e+01,1.350071029637597841e-01,4.780512290824177768e+01,3.658842001372965974e-02,-1.113681026467650881e+01,0.000000000000000000e+00
1.718000000000000000e+03,3.683801177058053611e+01,8.696299999999999386e+01,6.000000000000000000e+01,1.350071029637597841e-01,4.780593636186308260e+01,3.594797397199721301e-02,-1.113887966821830489e+01,0.000000000000000000e+00
1.719000000000000000e+03,3.683614080648155920e+01,8.696299999999999386e+01,6.000000000000000000e+01,1.350071029637597841e-01,4.780674981548438751e+01,3.531873833870045887e-02,-1.114093485030529429e+01,0.000000000000000000e+00
1.720000000000000000e+03,3.683429497447457379e+01,8.696299999999999386e+01,6.000000000000000000e+01,1.350071029637597841e-01,4.780756326910569243e+01,3.470051688613386143e-02,-1.114297591448101521e+01,0.000000000000000000e+00
1.721000000000000000e+03,3.683247397912989385e+01,8.696299999999999386e+01,6.000000000000000000e+01,1.350071029637597841e-01,4.780837672272699734e+01,3.409311682137416283e-02,-1.114500296338223784e+01,0.000000000000000000e+00
1.722000000000000000e+03,3.683067752928752014e+01,8.696299999999999386e+01,6.000000000000000000e+01,1.350071029637597841e-01,4.780919017634830226e+01,3.349634872615776110e-02,-1.114701609875070254e+01,0.000000000000000000e+00
1.723000000000000000e+03,3.682890533798655497e+01,8.696299999999999386e+01,6.000000000000000000e+01,1.350071029637597841e-01,4.781000362996960718e+01,3.291002649781044759e-02,-1.114901542144462709e+01,0.000000000000000000e+00
1.724000000000000000e+03,3.682715712239589578e+01,8.696299999999999386e+01,6.000000000000000000e+01,1.350071029637597841e-01,4.781081708359091209e+01,3.233396729121110202e-02,-1.115100103144998656e+01,0.000000000000000000e+00
1.725000000000000000e+03,3.682543260374616523e+01,8.696299999999999386e+01,6.000000000000000000e+01,1.350071029637597841e-01,4.781163053721221701e+01,3.176799146177129718e-02,-1.115297302789157996e+01,0.000000000000000000e+00
1.726000000000000000e+03,3.682373150726282063e+01,8.696299999999999386e+01,6.000000000000000000e+01,1.350071029637597841e-01,4.781244399083352192e+01,3.121192250941295238e-02,-1.115493150904388031e+01,0.000000000000000000e+00
1.727000000000000000e+03,3.682205356210043590e+01,8.696299999999999386e+01,6.000000000000000000e+01,1.350071029637597841e-01,4.781325744445482684e+01,3.066558702352664006e-02,-1.115687657234168029e+01,0.000000000000000000e+00
1.728000000000000000e+03,3.682039850127827663e+01,8.696299999999999386e+01,6.000000000000000000e+01,1.350071029637597841e-01,4.781407089807613175e+01,3.012881462889331272e-02,-1.115880831439051590e+01,0.000000000000000000e+00
1.729000000000000000e+03,3.681876606161683441e+01,8.696299999999999386e+01,6.000000000000000000e+01,1.350071029637597841e-01,4.781488435169743667e+01,2.960143793255264749e-02,-1.116072683097692142e+01,0.000000000000000000e+00
1.730000000000000000e+03,3.681715598367564013e+01,8.696299999999999386e+01,6.000000000000000000e+01,1.350071029637597841e-01,4.781569780531874159e+01,2.908329247160139006e-02,-1.116263221707846576e+01,0.000000000000000000e+00
1.731000000000000000e+03,3.681556801169210758e+01,8.696299999999999386e+01,6.000000000000000000e+01,1.350071029637597841e-01,4.781651125894004650e+01,2.857421666190545703e-02,-1.116452456687360772e+01,0.000000000000000000e+00
1.732000000000000000e+03,3.681400189352144992e+01,8.696299999999999386e+01,6.000000000000000000e+01,1.350071029637597841e-01,4.781732471256135142e+01,2.807405174770977174e-02,-1.116640397375136828e+01,0.000000000000000000e+00
1.733000000000000000e+03,3.681245738057773309e+01,8.696299999999999386e+01,6.000000000000000000e+01,1.350071029637597841e-01,4.781813816618265633e+01,2.758264175213013744e-02,-1.116827053032081807e+01,0.000000000000000000e+00
1.734000000000000000e+03,3.681093422777583157e+01,8.696299999999999386e+01,6.000000000000000000e+01,1.350071029637597841e-01,4.781895161980396125e+01,2.709983342851170554e-02,-1.117012432842039971e+01,0.000000000000000000e+00
1.735000000000000000e+03,3.680943219347460627e+01,8.696299999999999386e+01,6.000000000000000000e+01,1.350071029637597841e-01,4.781976507342526617e+01,2.662547621263886000e-02,-1.117196545912705830e+01,0.000000000000000000e+00
1.736000000000000000e+03,3.680795103942088531e+01,8.696299999999999386e+01,6.000000000000000000e+01,1.350071029637597841e-01,4.782057852704657108e+01,2.615942217578164433e-02,-1.117379401276522621e+01,0.000000000000000000e+00
1.737000000000000000e+03,3.680649053069457466e+01,8.696299999999999386e+01,6.000000000000000000e+01,1.350071029637597841e-01,4.782139198066787600e+01,2.570152597856403820e-02,-1.117561007891562141e+01,0.000000000000000000e+00
1.738000000000000000e+03,3.680505043565466394e+01,8.696299999999999386e+01,6.000000000000000000e+01,1.350071029637597841e-01,4.782220543428918091e+01,2.525164482563974425e-02,-1.117741374642391605e+01,0.000000000000000000e+00
1.739000000000000000e+03,3.680363052588619865e+01,8.696299999999999386e+01,6.000000000000000000e+01,1.350071029637597841e-01,4.782301888791048583e+01,2.480963842116132995e-02,-1.117920510340921147e+01,0.000000000000000000e+00
1.740000000000000000e+03,3.680223057614818316e+01,8.696299999999999386e+01,6.000000000000000000e+01,1.350071029637597841e-01,4.782383234153179075e+01,2.437536892502884661e-02,-1.118098423727239954e+01,0.000000000000000000e+00
1.741000000000000000e+03,3.680085036432242873e+01,8.696299999999999386e+01,6.000000000000000000e+01,1.350071029637597841e-01,4.782464579515309566e+01,2.394870090990425596e-02,-1.118275123470433563e+01,0.000000000000000000e+00
1.742000000000000000e+03,3.679948967136323290e+01,8.696299999999999386e+01,6.000000000000000000e+01,1.350071029637597841e-01,4.782545924877440058e+01,2.352950131897829991e-02,-1.118450618169390687e+01,0.000000000000000000e+00
1.743000000000000000e+03,3.679814828124801807e+01,8.696299999999999386e+01,6.000000000000000000e+01,1.350071029637597841e-01,4.782627270239570549e+01,2.311763942447661244e-02,-1.118624916353592447e+01,0.000000000000000000e+00
1.744000000000000000e+03,3.679682598092876589e+01,8.696299999999999386e+01,6.000000000000000000e+01,1.350071029637597841e-01,4.782708615601701041e+01,2.271298678689214270e-02,-1.118798026483889707e+01,0.000000000000000000e+00
1.745000000000000000e+03,3.679552256028435409e+01,8.696299999999999386e+01,6.000000000000000000e+01,1.350071029637597841e-01,4.782789960963831533e+01,2.231541721493117761e-02,-1.118969956953265488e+01,0.000000000000000000e+00
1.746000000000000000e+03,3.679423781207368194e+01,8.696299999999999386e+01,6.000000000000000000e+01,1.350071029637597841e-01,4.782871306325962024e+01,2.192480672616047011e-02,-1.119140716087586185e+01,0.000000000000000000e+00
1.747000000000000000e+03,3.679297153188965552e+01,8.696299999999999386e+01,6.000000000000000000e+01,1.350071029637597841e-01,4.782952651688092516e+01,2.154103350834320890e-02,-1.119310312146337338e+01,0.000000000000000000e+00
1.748000000000000000e+03,3.679172351811394748e+01,8.696299999999999386e+01,6.000000000000000000e+01,1.350071029637597841e-01,4.783033997050223007e+01,2.116397788145175929e-02,-1.119478753323349274e+01,0.000000000000000000e+00
1.749000000000000000e+03,3.679049357187256675e+01,8.696299999999999386e+01,6.000000000000000000e+01,1.350071029637597841e-01,4.783115342412353499e+01,2.079352226034533735e-02,-1.119646047747507822e+01,0.000000000000000000e+00
1.750000000000000000e+03,3.678928149699214600e+01,8.696299999999999386e+01,6.000000000000000000e+01,1.350071029637597841e-01,4.783196687774483991e+01,2.042955111810097410e-02,-1.119812203483455804e+01,0.000000000000000000e+00
1.751000000000000000e+03,3.678808709995708881e+01,8.696299999999999386e+01,6.000000000000000000e+01,1.350071029637597841e-01,4.783278033136614482e+01,2.007195094998634119e-02,-1.119977228532279945e+01,0.000000000000000000e+00
1.752000000000000000e+03,3.678691018986738470e+01,8.696299999999999386e+01,6.000000000000000000e+01,1.350071029637597841e-01,4.783359378498744974e+01,1.972061023806320063e-02,-1.120141130832188736e+01,0.000000000000000000e+00
1.753000000000000000e+03,3.678575057839716322e+01,8.696299999999999386e+01,6.000000000000000000e+01,1.350071029637597841e-01,4.783440723860875465e+01,1.937541941641043181e-02,-1.120303918259176790e+01,0.000000000000000000e+00
1.754000000000000000e+03,3.678460807975396563e+01,8.696299999999999386e+01,6.000000000000000000e+01,1.350071029637597841e-01,4.783522069223005957e+01,1.903627083695579383e-02,-1.120465598627681025e+01,0.000000000000000000e+00
1.755000000000000000e+03,3.678348251063880525e+01,8.696299999999999386e+01,6.000000000000000000e+01,1.350071029637597841e-01,4.783603414585136449e+01,1.870305873590578233e-02,-1.120626179691222646e+01,0.000000000000000000e+00
1.756000000000000000e+03,3.678237369020678216e+01,8.696299999999999386e+01,6.000000000000000000e+01,1.350071029637597841e-01,4.783684759947266940e+01,1.837567920076308911e-02,-1.120785669143041297e+01,0.000000000000000000e+00
1.757000000000000000e+03,3.678128144002847222e+01,8.696299999999999386e+01,6.000000000000000000e+01,1.350071029637597841e-01,4.783766105309397432e+01,1.805403013792140562e-02,-1.120944074616718389e+01,0.000000000000000000e+00
1.758000000000000000e+03,3.678020558405197704e+01,8.696299999999999386e+01,6.000000000000000000e+01,1.350071029637597841e-01,4.783847450671527923e+01,1.773801124082742542e-02,-1.121101403686789588e+01,0.000000000000000000e+00
1.759000000000000000e+03,3.677914594856556363e+01,8.696299999999999386e+01,6.000000000000000000e+01,1.350071029637597841e-01,4.783928796033658415e+01,1.742752395870016471e-02,-1.121257663869348242e+01,0.000000000000000000e+00
1.760000000000000000e+03,3.677810236216106432e+01,8.696299999999999386e+01,6.000000000000000000e+01,1.350071029637597841e-01,4.784010141395788906e+01,1.712247146579779986e-02,-1.121412862622638507e+01,0.000000000000000000e+00
1.761000000000000000e+03,3.677707465569777412e+01,8.696299999999999386e+01,6.000000000000000000e+01,1.350071029637597841e-01,4.784091486757919398e+01,1.682275863122248763e-02,-1.121567007347640654e+01,0.000000000000000000e+00
1.762000000000000000e+03,3.677606266226705856e+01,8.696299999999999386e+01,6.000000000000000000e+01,1.350071029637597841e-01,4.784172832120049890e+01,1.652829198925369336e-02,-1.121720105388645550e+01,0.000000000000000000e+00
1.763000000000000000e+03,3.677506621715757262e+01,8.696299999999999386e+01,6.000000000000000000e+01,1.350071029637597841e-01,4.784254177482180381e+01,1.623897971020082584e-02,-1.121872164033819708e+01,0.000000000000000000e+00
1.764000000000000000e+03,3.677408515782099130e+01,8.696299999999999386e+01,6.000000000000000000e+01,1.350071029637597841e-01,4.784335522844310873e+01,1.595473157176606829e-02,-1.122023190515764490e+01,0.000000000000000000e+00
1.765000000000000000e+03,3.677311932383844351e+01,8.696299999999999386e+01,6.000000000000000000e+01,1.350071029637597841e-01,4.784416868206441364e+01,1.567545893090846812e-02,-1.122173192012063936e+01,0.000000000000000000e+00
1.766000000000000000e+03,3.677216855688742925e+01,8.696299999999999386e+01,6.000000000000000000e+01,1.350071029637597841e-01,4.784498213568571856e+01,1.540107469620052676e-02,-1.122322175645824949e+01,0.000000000000000000e+00
1.767000000000000000e+03,3.677123270070936201e+01,8.696299999999999386e+01,6.000000000000000000e+01,1.350071029637597841e-01,4.784579558930702348e+01,1.513149330066865771e-02,-1.122470148486209673e+01,0.000000000000000000e+00
1.768000000000000000e+03,3.677031160107759433e+01,8.696299999999999386e+01,6.000000000000000000e+01,1.350071029637597841e-01,4.784660904292832839e+01,1.486663067510904553e-02,-1.122617117548960231e+01,0.000000000000000000e+00
1.769000000000000000e+03,3.676940510576612553e+01,8.696299999999999386e+01,6.000000000000000000e+01,1.350071029637597841e-01,4.784742249654963331e+01,1.460640422187058952e-02,-1.122763089796913860e+01,0.000000000000000000e+00
1.770000000000000000e+03,3.676851306451867174e+01,8.696299999999999386e+01,6.000000000000000000e+01,1.350071029637597841e-01,4.784823595017093822e+01,1.435073278909675294e-02,-1.122908072140512381e+01,0.000000000000000000e+00
1.771000000000000000e+03,3.676763532901838971e+01,8.696299999999999386e+01,6.000000000000000000e+01,1.350071029637597841e-01,4.784904940379224314e+01,1.409953664541828064e-02,-1.123052071438302946e+01,0.000000000000000000e+00
1.772000000000000000e+03,3.676677175285807664e+01,8.696299999999999386e+01,6.000000000000000000e+01,1.350071029637597841e-01,4.784986285741354806e+01,1.385273745508890098e-02,-1.123195094497432223e+01,0.000000000000000000e+00
1.773000000000000000e+03,3.676592219151085317e+01,8.696299999999999386e+01,6.000000000000000000e+01,1.350071029637597841e-01,4.785067631103485297e+01,1.361025825355624726e-02,-1.123337148074132052e+01,0.000000000000000000e+00
1.774000000000000000e+03,3.676508650230137931e+01,8.696299999999999386e+01,6.000000000000000000e+01,1.350071029637597841e-01,4.785148976465615789e+01,1.337202342346039720e-02,-1.123478238874199953e+01,0.000000000000000000e+00
1.775000000000000000e+03,3.676426454437756774e+01,8.696299999999999386e+01,6.000000000000000000e+01,1.350071029637597841e-01,4.785230321827746280e+01,1.313795867105252597e-02,-1.123618373553470740e+01,0.000000000000000000e+00
1.776000000000000000e+03,3.676345617868272342e+01,8.696299999999999386e+01,6.000000000000000000e+01,1.350071029637597841e-01,4.785311667189876772e+01,1.290799100302633846e-02,-1.123757558718283001e+01,0.000000000000000000e+00
1.777000000000000000e+03,3.676266126792820899e+01,8.696299999999999386e+01,6.000000000000000000e+01,1.350071029637597841e-01,4.785393012552007264e+01,1.268204870375503474e-02,-1.123895800925938104e+01,0.000000000000000000e+00
1.778000000000000000e+03,3.676187967656653655e+01,8.696299999999999386e+01,6.000000000000000000e+01,1.350071029637597841e-01,4.785474357914137755e+01,1.246006131292672764e-02,-1.124033106685152816e+01,0.000000000000000000e+00
1.779000000000000000e+03,3.676111127076495677e+01,8.696299999999999386e+01,6.000000000000000000e+01,1.350071029637597841e-01,4.785555703276268247e+01,1.224195960357133371e-02,-1.124169482456505875e+01,0.000000000000000000e+00
1.780000000000000000e+03,3.676035591837943883e+01,8.696299999999999386e+01,6.000000000000000000e+01,1.350071029637597841e-01,4.785637048638398738e+01,1.202767556047207483e-02,-1.124304934652878352e+01,0.000000000000000000e+00
1.781000000000000000e+03,3.675961348892914771e+01,8.696299999999999386e+01,6.000000000000000000e+01,1.350071029637597841e-01,4.785718394000529230e+01,1.181714235895487547e-02,-1.124439469639886724e+01,0.000000000000000000e+00
1.782000000000000000e+03,3.675888385357128385e+01,8.696299999999999386e+01,6.000000000000000000e+01,1.350071029637597841e-01,4.785799739362659722e+01,1.161029434404902382e-02,-1.124573093736312579e+01,0.000000000000000000e+00
1.783000000000000000e+03,3.675816688507643448e+01,8.696299999999999386e+01,6.000000000000000000e+01,1.350071029637597841e-01,4.785881084724790213e+01,1.140706701001261043e-02,-1.124705813214523786e+01,0.000000000000000000e+00
1.784000000000000000e+03,3.675746245780428012e+01,8.696299999999999386e+01,6.000000000000000000e+01,1.350071029637597841e-01,4.785962430086920705e+01,1.120739698021635221e-02,-1.124837634300890876e+01,0.000000000000000000e+00
1.785000000000000000e+03,3.675677044767965640e+01,8.696299999999999386e+01,6.000000000000000000e+01,1.350071029637597841e-01,4.786043775449051196e+01,1.101122198737953736e-02,-1.124968563176199687e+01,0.000000000000000000e+00
1.786000000000000000e+03,3.675609073216918432e+01,8.696299999999999386e+01,6.000000000000000000e+01,1.350071029637597841e-01,4.786125120811181688e+01,1.081848085415191250e-02,-1.125098605976054777e+01,0.000000000000000000e+00
1.787000000000000000e+03,3.675542319025811366e+01,8.696299999999999386e+01,6.000000000000000000e+01,1.350071029637597841e-01,4.786206466173312180e+01,1.062911347403547313e-02,-1.125227768791280525e+01,0.000000000000000000e+00
1.788000000000000000e+03,3.675476770242766378e+01,8.696299999999999386e+01,6.000000000000000000e+01,1.350071029637597841e-01,4.786287811535442671e+01,1.044306079264019534e-02,-1.125356057668316367e+01,0.000000000000000000e+00
1.789000000000000000e+03,3.675412415063270544e+01,8.696299999999999386e+01,6.000000000000000000e+01,1.350071029637597841e-01,4.786369156897573163e+01,1.026026478926787139e-02,-1.125483478609605825e+01,0.000000000000000000e+00
1.790000000000000000e+03,3.675349241827980507e+01,8.696299999999999386e+01,6.000000000000000000e+01,1.350071029637597841e-01,4.786450502259703654e+01,1.008066845881830202e-02,-1.125610037573981437e+01,0.000000000000000000e+00
1.791000000000000000e+03,3.675287239020566687e+01,8.696299999999999386e+01,6.000000000000000000e+01,1.350071029637597841e-01,4.786531847621834146e+01,9.904215794012204144e-03,-1.125735740477044367e+01,0.000000000000000000e+00
1.792000000000000000e+03,3.675226395265595158e+01,8.696299999999999386e+01,6.000000000000000000e+01,1.350071029637597841e-01,4.786613192983964638e+01,9.730851767925291496e-03,-1.125860593191538683e+01,0.000000000000000000e+00
1.793000000000000000e+03,3.675166699326431541e+01,8.696299999999999386e+01,6.000000000000000000e+01,1.350071029637597841e-01,4.786694538346095129e+01,9.560522316828076045e-03,-1.125984601547722264e+01,0.000000000000000000e+00
1.794000000000000000e+03,3.675108140103203169e+01,8.696299999999999386e+01,6.000000000000000000e+01,1.350071029637597841e-01,4.786775883708225621e+01,9.393174323326043684e-03,-1.126107771333731300e+01,0.000000000000000000e+00
1.795000000000000000e+03,3.675050706630769781e+01,8.696299999999999386e+01,6.000000000000000000e+01,1.350071029637597841e-01,4.786857229070356112e+01,9.228755599794948028e-03,-1.126230108295941612e+01,0.000000000000000000e+00
1.796000000000000000e+03,3.674994388076748919e+01,8.696299999999999386e+01,6.000000000000000000e+01,1.350071029637597841e-01,4.786938574432486604e+01,9.067214872106052828e-03,-1.126351618139324628e+01,0.000000000000000000e+00
1.797000000000000000e+03,3.674939173739557674e+01,8.696299999999999386e+01,6.000000000000000000e+01,1.350071029637597841e-01,4.787019919794617095e+01,8.908501763636245477e-03,-1.126472306527799105e+01,0.000000000000000000e+00
1.798000000000000000e+03,3.674885053046500616e+01,8.696299999999999386e+01,6.000000000000000000e+01,1.350071029637597841e-01,4.787101265156747587e+01,8.752566779558046406e-03,-1.126592179084578760e+01,0.000000000000000000e+00
1.799000000000000000e+03,3.674832015551879039e+01,8.696299999999999386e+01,6.000000000000000000e+01,1.350071029637597841e-01,4.787182610518878079e+01,8.599361291404596444e-03,-1.126711241392515461e+01,0.000000000000000000e+00
1.800000000000000000e+03,3.674780050935137155e+01,8.696299999999999386e+01,6.000000000000000000e+01,1.350071029637597841e-01,4.787263955881008570e+01,8.448837521904829090e-03,-1.126829498994438161e+01,0.000000000000000000e+00
1.801000000000000000e+03,3.674729148999034578e+01,8.696299999999999386e+01,6.000000000000000000e+01,1.350071029637597841e-01,4.787345301243139062e+01,8.300948530084081498e-03,-1.126946957393488802e+01,0.000000000000000000e+00
1.802000000000000000e+03,3.674679299667857180e+01,8.696299999999999386e+01,6.000000000000000000e+01,1.350071029637597841e-01,4.787426646605269553e+01,8.155648196625510729e-03,-1.127063622053451475e+01,0.000000000000000000e+00
1.803000000000000000e+03,3.674630492985644281e+01,8.696299999999999386e+01,6.000000000000000000e+01,1.350071029637597841e-01,4.787507991967400045e+01,8.012891209487744276e-03,-1.127179498399081048e+01,0.000000000000000000e+00
1.804000000000000000e+03,3.674582719114458484e+01,8.696299999999999386e+01,6.000000000000000000e+01,1.350071029637597841e-01,4.787589337329530537e+01,7.872633049774275388e-03,-1.127294591816425573e+01,0.000000000000000000e+00
1.805000000000000000e+03,3.674535968332676106e+01,8.696299999999999386e+01,6.000000000000000000e+01,1.350071029637597841e-01,4.787670682691661028e+01,7.734829977850207414e-03,-1.127408907653145853e+01,0.000000000000000000e+00
1.806000000000000000e+03,3.674490231033306742e+01,8.696299999999999386e+01,6.000000000000000000e+01,1.350071029637597841e-01,4.787752028053791520e+01,7.599439019702006887e-03,-1.127522451218830923e+01,0.000000000000000000e+00
1.807000000000000000e+03,3.674445497722341258e+01,8.696299999999999386e+01,6.000000000000000000e+01,1.350071029637597841e-01,4.787833373415922011e+01,7.466417953536019607e-03,-1.127635227785310335e+01,0.000000000000000000e+00
1.808000000000000000e+03,3.674401759017128200e+01,8.696299999999999386e+01,6.000000000000000000e+01,1.350071029637597841e-01,4.787914718778052503e+01,7.335725296611564708e-03,-1.127747242586961640e+01,0.000000000000000000e+00
1.809000000000000000e+03,3.674359005644772935e+01,8.696299999999999386e+01,6.000000000000000000e+01,1.350071029637597841e-01,4.787996064140182995e+01,7.207320292304504952e-03,-1.127858500821016463e+01,0.000000000000000000e+00
1.810000000000000000e+03,3.674317228440568783e+01,8.696299999999999386e+01,6.000000000000000000e+01,1.350071029637597841e-01,4.788077409502313486e+01,7.081162897397255684e-03,-1.127969007647861233e+01,0.000000000000000000e+00
1.811000000000000000e+03,3.674276418346444473e+01,8.696299999999999386e+01,6.000000000000000000e+01,1.350071029637597841e-01,4.788158754864443978e+01,6.957213769591272939e-03,-1.128078768191334724e+01,0.000000000000000000e+00
1.812000000000000000e+03,3.674236566409450688e+01,8.696299999999999386e+01,6.000000000000000000e+01,1.350071029637597841e-01,4.788240100226574469e+01,6.835434255238118442e-03,-1.128187787539023645e+01,0.000000000000000000e+00
1.813000000000000000e+03,3.674197663780256562e+01,8.696299999999999386e+01,6.000000000000000000e+01,1.350071029637597841e-01,4.788321445588704961e+01,6.715786377285287712e-03,-1.128296070742553070e+01,0.000000000000000000e+00
1.814000000000000000e+03,3.674159701711680270e+01,8.696299999999999386e+01,6.000000000000000000e+01,1.350071029637597841e-01,4.788402790950835453e+01,6.598232823433028242e-03,-1.128403622817875096e+01,0.000000000000000000e+00
1.815000000000000000e+03,3.674122671557238817e+01,8.696299999999999386e+01,6.000000000000000000e+01,1.350071029637597841e-01,4.788484136312965944e+01,6.482736934498466684e-03,-1.128510448745553241e+01,0.000000000000000000e+00
1.816000000000000000e+03,3.674086564769726238e+01,8.696299999999999386e+01,6.000000000000000000e+01,1.350071029637597841e-01,4.788565481675096436e+01,6.369262692983409906e-03,-1.128616553471044703e+01,0.000000000000000000e+00
1.817000000000000000e+03,3.674051372899808143e+01,8.696299999999999386e+01,6.000000000000000000e+01,1.350071029637597841e-01,4.788646827037226927e+01,6.257774711842254214e-03,-1.128721941904979253e+01,0.000000000000000000e+00
1.818000000000000000e+03,3.674017087594643982e+01,8.696299999999999386e+01,6.000000000000000000e+01,1.350071029637597841e-01,4.788728172399357419e+01,6.148238223446502067e-03,-1.128826618923434388e+01,0.000000000000000000e+00
1.819000000000000000e+03,3.673983700596530610e+01,8.696299999999999386e+01,6.000000000000000000e+01,1.350071029637597841e-01,4.788809517761487911e+01,6.040619068742448909e-03,-1.128930589368207826e+01,0.000000000000000000e+00
1.820000000000000000e+03,3.673951203741565763e+01,8.696299999999999386e+01,6.000000000000000000e+01,1.350071029637597841e-01,4.788890863123618402e+01,5.934883686598646166e-03,-1.129033858047088579e+01,0.000000000000000000e+00
1.821000000000000000e+03,3.673919588958335680e+01,8.696299999999999386e+01,6.000000000000000000e+01,1.350071029637597841e-01,4.788972208485748894e+01,5.830999103339836592e-03,-1.129136429734123226e+01,0.000000000000000000e+00
1.822000000000000000e+03,3.673888848266622631e+01,8.696299999999999386e+01,6.000000000000000000e+01,1.350071029637597841e-01,4.789053553847879385e+01,5.728932922464080764e-03,-1.129238309169879173e+01,0.000000000000000000e+00
1.823000000000000000e+03,3.673858973776132331e+01,8.696299999999999386e+01,6.000000000000000000e+01,1.350071029637597841e-01,4.789134899210009877e+01,5.628653314539878473e-03,-1.129339501061707729e+01,0.000000000000000000e+00
1.824000000000000000e+03,3.673829957685243386e+01,8.696299999999999386e+01,6.000000000000000000e+01,1.350071029637597841e-01,4.789216244572140369e+01,5.530129007280133908e-03,-1.129440010084001322e+01,0.000000000000000000e+00
1.825000000000000000e+03,3.673801792279775924e+01,8.696299999999999386e+01,6.000000000000000000e+01,1.350071029637597841e-01,4.789297589934270860e+01,5.433329275789861197e-03,-1.129539840878450185e+01,0.000000000000000000e+00
1.826000000000000000e+03,3.673774469931780828e+01,8.696299999999999386e+01,6.000000000000000000e+01,1.350071029637597841e-01,4.789378935296401352e+01,5.338223932984599747e-03,-1.129638998054295662e+01,0.000000000000000000e+00
1.827000000000000000e+03,3.673747983098344605e+01,8.696299999999999386e+01,6.000000000000000000e+01,1.350071029637597841e-01,4.789460280658531843e+01,5.244783320176544389e-03,-1.129737486188581030e+01,0.000000000000000000e+00
1.828000000000000000e+03,3.673722324320421961e+01,8.696299999999999386e+01,6.000000000000000000e+01,1.350071029637597841e-01,4.789541626020662335e+01,5.152978297825456036e-03,-1.129835309826398948e+01,0.000000000000000000e+00
1.829000000000000000e+03,3.673697486221676201e+01,8.696299999999999386e+01,6.000000000000000000e+01,1.350071029637597841e-01,4.789622971382792826e+01,5.062780236451470614e-03,-1.129932473481137656e+01,0.000000000000000000e+00
1.830000000000000000e+03,3.673673461507345905e+01,8.696299999999999386e+01,6.000000000000000000e+01,1.350071029637597841e-01,4.789704316744923318e+01,4.974161007706968257e-03,-1.130028981634724872e+01,0.000000000000000000e+00
1.831000000000000000e+03,3.673650242963123702e+01,8.696299999999999386e+01,6.000000000000000000e+01,1.350071029637597841e-01,4.789785662107053810e+01,4.887092975604723742e-03,-1.130124838737867243e+01,0.000000000000000000e+00
1.832000000000000000e+03,3.673627823454061314e+01,8.696299999999999386e+01,6.000000000000000000e+01,1.350071029637597841e-01,4.789867007469184301e+01,4.801548987899597297e-03,-1.130220049210289268e+01,0.000000000000000000e+00
1.833000000000000000e+03,3.673606195923483853e+01,8.696299999999999386e+01,6.000000000000000000e+01,1.350071029637597841e-01,4.789948352831314793e+01,4.717502367621082167e-03,-1.130314617440969194e+01,0.000000000000000000e+00
1.834000000000000000e+03,3.673585353391924002e+01,8.696299999999999386e+01,6.000000000000000000e+01,1.350071029637597841e-01,4.790029698193445284e+01,4.634926904754069557e-03,-1.130408547788372786e+01,0.000000000000000000e+00
1.835000000000000000e+03,3.673565288956073260e+01,8.696299999999999386e+01,6.000000000000000000e+01,1.350071029637597841e-01,4.790111043555575776e+01,4.553796848065229733e-03,-1.130501844580684967e+01,0.000000000000000000e+00
1.836000000000000000e+03,3.673545995787750940e+01,8.696299999999999386e+01,6.000000000000000000e+01,1.350071029637597841e-01,4.790192388917706268e+01,4.474086897072465305e-03,-1.130594512116038608e+01,0.000000000000000000e+00
1.837000000000000000e+03,3.673527467132887381e+01,8.696299999999999386e+01,6.000000000000000000e+01,1.350071029637597841e-01,4.790273734279836759e+01,4.395772194154934365e-03,-1.130686554662741194e+01,0.000000000000000000e+00
1.838000000000000000e+03,3.673509696310522799e+01,8.696299999999999386e+01,6.000000000000000000e+01,1.350071029637597841e-01,4.790355079641967251e+01,4.318828316801179290e-03,-1.130777976459500422e+01,0.000000000000000000e+00
1.839000000000000000e+03,3.673492676711828153e+01,8.696299999999999386e+01,6.000000000000000000e+01,1.350071029637597841e-01,4.790436425004097742e+01,4.243231269992943019e-03,-1.130868781715645000e+01,0.000000000000000000e+00
1.840000000000000000e+03,3.673476401799129576e+01,8.696299999999999386e+01,6.000000000000000000e+01,1.350071029637597841e-01,4.790517770366228234e+01,4.168957478722301428e-03,-1.130958974611347401e+01,0.000000000000000000e+00
1.841000000000000000e+03,3.673460865104958373e+01,8.696299999999999386e+01,6.000000000000000000e+01,1.350071029637597841e-01,4.790599115728358726e+01,4.095983780639774266e-03,-1.131048559297840583e+01,0.000000000000000000e+00
1.842000000000000000e+03,3.673446060231113819e+01,8.696299999999999386e+01,6.000000000000000000e+01,1.350071029637597841e-01,4.790680461090489217e+01,4.024287418831128289e-03,-1.131137539897634525e+01,0.000000000000000000e+00
1.843000000000000000e+03,3.673431980847736611e+01,8.696299999999999386e+01,6.000000000000000000e+01,1.350071029637597841e-01,4.790761806452619709e+01,3.953846034720610511e-03,-1.131225920504730809e+01,0.000000000000000000e+00
1.844000000000000000e+03,3.673418620692402214e+01,8.696299999999999386e+01,6.000000000000000000e+01,1.350071029637597841e-01,4.790843151814750200e+01,3.884637661098405866e-03,-1.131313705184834717e+01,0.000000000000000000e+00
1.845000000000000000e+03,3.673405973569218474e+01,8.696299999999999386e+01,6.000000000000000000e+01,1.350071029637597841e-01,4.790924497176880692e+01,3.816640715270143945e-03,-1.131400897975565378e+01,0.000000000000000000e+00
1.846000000000000000e+03,3.673394033347955201e+01,8.696299999999999386e+01,6.000000000000000000e+01,1.350071029637597841e-01,4.791005842539011184e+01,3.749833992326315462e-03,-1.131487502886664487e+01,0.000000000000000000e+00
1.847000000000000000e+03,3.673382793963169490e+01,8.696299999999999386e+01,6.000000000000000000e+01,1.350071029637597841e-01,4.791087187901141675e+01,3.684196658529502021e-03,-1.131573523900201828e+01,0.000000000000000000e+00
1.848000000000000000e+03,3.673372249413349522e+01,8.696299999999999386e+01,6.000000000000000000e+01,1.350071029637597841e-01,4.791168533263272167e+01,3.619708244817356618e-03,-1.131658964970780978e+01,0.000000000000000000e+00
1.849000000000000000e+03,3.673362393760079669e+01,8.696299999999999386e+01,6.000000000000000000e+01,1.350071029637597841e-01,4.791249878625402658e+01,3.556348640419306970e-03,-1.131743830025740927e+01,0.000000000000000000e+00
1.850000000000000000e+03,3.673353221127210588e+01,8.696299999999999386e+01,6.000000000000000000e+01,1.350071029637597841e-01,4.791331223987533150e+01,3.494098086584994118e-03,-1.131828122965357508e+01,0.000000000000000000e+00
1.851000000000000000e+03,3.673344725700039959e+01,8.696299999999999386e+01,6.000000000000000000e+01,1.350071029637597841e-01,4.791412569349663642e+01,3.432937170422487808e-03,-1.131911847663042003e+01,0.000000000000000000e+00
1.852000000000000000e+03,3.673336901724515968e+01,8.696299999999999386e+01,6.000000000000000000e+01,1.350071029637597841e-01,4.791493914711794133e+01,3.372846818844358295e-03,-1.131995007965538313e+01,0.000000000000000000e+00
1.853000000000000000e+03,3.673329743506443634e+01,8.696299999999999386e+01,6.000000000000000000e+01,1.350071029637597841e-01,4.791575260073924625e+01,3.313808292619717204e-03,-1.132077607693119070e+01,0.000000000000000000e+00
1.854000000000000000e+03,3.673323245410705340e+01,8.696299999999999386e+01,6.000000000000000000e+01,1.350071029637597841e-01,4.791656605436055116e+01,3.255803180530370856e-03,-1.132159650639778548e+01,0.000000000000000000e+00
1.855000000000000000e+03,3.673317401860500553e+01,8.696299999999999386e+01,6.000000000000000000e+01,1.350071029637597841e-01,4.791737950798185608e+01,3.198813393629265471e-03,-1.132241140573424332e+01,0.000000000000000000e+00
1.856000000000000000e+03,3.673312207336583413e+01,8.696299999999999386e+01,6.000000000000000000e+01,1.350071029637597841e-01,4.791819296160316100e+01,3.142821159599431396e-03,-1.132322081236068989e+01,0.000000000000000000e+00
1.857000000000000000e+03,3.673307656376526609e+01,8.696299999999999386e+01,6.000000000000000000e+01,1.350071029637597841e-01,4.791900641522446591e+01,3.087809017211672145e-03,-1.132402476344017117e+01,0.000000000000000000e+00
1.858000000000000000e+03,3.673303743573987390e+01,8.696299999999999386e+01,6.000000000000000000e+01,1.350071029637597841e-01,4.791981986884577083e+01,3.033759810879261328e-03,-1.132482329588053815e+01,0.000000000000000000e+00
1.859000000000000000e+03,3.673300463577987074e+01,8.696299999999999386e+01,6.000000000000000000e+01,1.350071029637597841e-01,4.792063332246707574e+01,2.980656685307959616e-03,-1.132561644633627829e+01,0.000000000000000000e+00
1.860000000000000000e+03,3.673297811092200504e+01,8.696299999999999386e+01,6.000000000000000000e+01,1.350071029637597841e-01,4.792144677608838066e+01,2.928483080239675101e-03,-1.132640425121037886e+01,0.000000000000000000e+00
1.861000000000000000e+03,3.673295780874261141e+01,8.696299999999999386e+01,6.000000000000000000e+01,1.350071029637597841e-01,4.792226022970968558e+01,2.877222725288131229e-03,-1.132718674665612824e+01,0.000000000000000000e+00
1.862000000000000000e+03,3.673294367735068988e+01,8.696299999999999386e+01,6.000000000000000000e+01,1.350071029637597841e-01,4.792307368333099049e+01,2.826859634864932469e-03,-1.132796396857892951e+01,0.000000000000000000e+00
1.863000000000000000e+03,3.673293566538116295e+01,8.696299999999999386e+01,6.000000000000000000e+01,1.350071029637597841e-01,4.792388713695229541e+01,2.777378103194444361e-03,-1.132873595263808930e+01,0.000000000000000000e+00
1.864000000000000000e+03,3.673293372198819640e+01,8.696299999999999386e+01,6.000000000000000000e+01,1.350071029637597841e-01,4.792470059057360032e+01,2.728762699415932316e-03,-1.132950273424858700e+01,0.000000000000000000e+00
1.865000000000000000e+03,3.673293779683858418e+01,8.696299999999999386e+01,6.000000000000000000e+01,1.350071029637597841e-01,4.792551404419490524e+01,2.680998262771433927e-03,-1.133026434858284759e+01,0.000000000000000000e+00
1.866000000000000000e+03,3.673294784010538194e+01,8.696299999999999386e+01,6.000000000000000000e+01,1.350071029637597841e-01,4.792632749781621015e+01,2.634069897877862939e-03,-1.133102083057246823e+01,0.000000000000000000e+00
1.867000000000000000e+03,3.673296380246139847e+01,8.696299999999999386e+01,6.000000000000000000e+01,1.350071029637597841e-01,4.792714095143751507e+01,2.587962970081870376e-03,-1.133177221490996445e+01,0.000000000000000000e+00
1.868000000000000000e+03,3.673298563507300685e+01,8.696299999999999386e+01,6.000000000000000000e+01,1.350071029637597841e-01,4.792795440505881999e+01,2.542663100896014761e-03,-1.133251853605047543e+01,0.000000000000000000e+00
1.869000000000000000e+03,3.673301328959392720e+01,8.696299999999999386e+01,6.000000000000000000e+01,1.350071029637597841e-01,4.792876785868012490e+01,2.498156163514817646e-03,-1.133325982821346756e+01,0.000000000000000000e+00
1.870000000000000000e+03,3.673304671815917999e+01,8.696299999999999386e+01,6.000000000000000000e+01,1.350071029637597841e-01,4.792958131230142982e+01,2.454428278409305410e-03,-1.133399612538442369e+01,0.000000000000000000e+00
1.871000000000000000e+03,3.673308587337898246e+01,8.696299999999999386e+01,6.000000000000000000e+01,1.350071029637597841e-01,4.793039476592273473e+01,2.411465808998667325e-03,-1.133472746131650943e+01,0.000000000000000000e+00
1.872000000000000000e+03,3.673313070833296479e+01,8.696299999999999386e+01,6.000000000000000000e+01,1.350071029637597841e-01,4.793120821954403965e+01,2.369255357397674188e-03,-1.133545386953223755e+01,0.000000000000000000e+00
1.873000000000000000e+03,3.673318117656422999e+01,8.696299999999999386e+01,6.000000000000000000e+01,1.350071029637597841e-01,4.793202167316534457e+01,2.327783760238536122e-03,-1.133617538332511465e+01,0.000000000000000000e+00
1.874000000000000000e+03,3.673323723207371927e+01,8.696299999999999386e+01,6.000000000000000000e+01,1.350071029637597841e-01,4.793283512678664948e+01,2.287038084565893702e-03,-1.133689203576126125e+01,0.000000000000000000e+00
1.875000000000000000e+03,3.673329882931447088e+01,8.696299999999999386e+01,6.000000000000000000e+01,1.350071029637597841e-01,4.793364858040795440e+01,2.247005623803664809e-03,-1.133760385968104600e+01,0.000000000000000000e+00
1.876000000000000000e+03,3.673336592318614180e+01,8.696299999999999386e+01,6.000000000000000000e+01,1.350071029637597841e-01,4.793446203402925931e+01,2.207673893792486478e-03,-1.133831088770067552e+01,0.000000000000000000e+00
1.877000000000000000e+03,3.673343846902943000e+01,8.696299999999999386e+01,6.000000000000000000e+01,1.350071029637597841e-01,4.793527548765056423e+01,2.169030628896519240e-03,-1.133901315221379669e+01,0.000000000000000000e+00
1.878000000000000000e+03,3.673351642262073824e+01,8.696299999999999386e+01,6.000000000000000000e+01,1.350071029637597841e-01,4.793608894127186915e+01,2.131063778178397036e-03,-1.133971068539307225e+01,0.000000000000000000e+00
1.879000000000000000e+03,3.673359974016683083e+01,8.696299999999999386e+01,6.000000000000000000e+01,1.350071029637597841e-01,4.793690239489317406e+01,2.093761501641131818e-03,-1.134040351919174583e+01,0.000000000000000000e+00
1.880000000000000000e+03,3.673368837829958267e+01,8.696299999999999386e+01,6.000000000000000000e+01,1.350071029637597841e-01,4.793771584851447898e+01,2.057112166535798869e-03,-1.134109168534518908e+01,0.000000000000000000e+00
1.881000000000000000e+03,3.673378229407082074e+01,8.696299999999999386e+01,6.000000000000000000e+01,1.350071029637597841e-01,4.793852930213578389e+01,2.021104343733854010e-03,-1.134177521537245781e+01,0.000000000000000000e+00
1.882000000000000000e+03,3.673388144494721530e+01,8.696299999999999386e+01,6.000000000000000000e+01,1.350071029637597841e-01,4.793934275575708881e+01,1.985726804162949062e-03,-1.134245414057780366e+01,0.000000000000000000e+00
1.883000000000000000e+03,3.673398578880524923e+01,8.696299999999999386e+01,6.000000000000000000e+01,1.350071029637597841e-01,4.794015620937839373e+01,1.950968515305136425e-03,-1.134312849205220886e+01,0.000000000000000000e+00
1.884000000000000000e+03,3.673409528392635082e+01,8.696299999999999386e+01,6.000000000000000000e+01,1.350071029637597841e-01,4.794096966299969864e+01,1.916818637756367068e-03,-1.134379830067486949e+01,0.000000000000000000e+00
1.885000000000000000e+03,3.673420988899190576e+01,8.696299999999999386e+01,6.000000000000000000e+01,1.350071029637597841e-01,4.794178311662100356e+01,1.883266521846213137e-03,-1.134446359711470187e+01,0.000000000000000000e+00
1.886000000000000000e+03,3.673432956307856045e+01,8.693099999999999739e+01,6.000000000000000000e+01,1.350071029637597841e-01,4.794259657024230847e+01,1.850301704316758503e-03,-1.134512441183182219e+01,0.000000000000000000e+00
1.887000000000000000e+03,3.690891629199747115e+01,8.696299999999999386e+01,6.000000000000000000e+01,2.517700028242765287e-01,4.794411355131987307e+01,5.881351293232515293e-02,-1.134578077507900495e+01,0.000000000000000000e+00
1.888000000000000000e+03,3.673428982941859999e+01,8.696299999999999386e+01,6.000000000000000000e+01,1.350071029637597841e-01,4.794492700494117798e+01,7.884384168107827495e-04,-1.134643271690315380e+01,0.000000000000000000e+00
1.889000000000000000e+03,3.673444193191989626e+01,8.696299999999999386e+01,6.000000000000000000e+01,1.350071029637597841e-01,4.794574045856248290e+01,7.746375403857613156e-04,-1.134708026714673501e+01,0.000000000000000000e+00
1.890000000000000000e+03,3.673459863793371483e+01,8.696299999999999386e+01,6.000000000000000000e+01,1.350071029637597841e-01,4.794655391218378782e+01,7.610782353834885184e-04,-1.134772345544922167e+01,0.000000000000000000e+00
1.891000000000000000e+03,3.673475991379366690e+01,8.693099999999999739e+01,6.000000000000000000e+01,1.350071029637597841e-01,4.794736736580509273e+01,7.477562733223454706e-04,-1.134836231124851125e+01,0.000000000000000000e+00
1.892000000000000000e+03,3.690938775245160031e+01,8.696299999999999386e+01,6.000000000000000000e+01,2.517700028242765287e-01,4.794888434688265733e+01,5.773026652700185418e-02,-1.134899686378234129e+01,0.000000000000000000e+00
1.893000000000000000e+03,3.673480191460382116e+01,8.696299999999999386e+01,6.000000000000000000e+01,1.350071029637597841e-01,4.794969780050396224e+01,-2.758467742198511541e-04,-1.134962714208968038e+01,0.000000000000000000e+00
1.894000000000000000e+03,3.673499416374224324e+01,8.693099999999999739e+01,6.000000000000000000e+01,1.350071029637597841e-01,4.795051125412526716e+01,-2.710183346587147343e-04,-1.135025317501212783e+01,0.000000000000000000e+00
1.895000000000000000e+03,3.690965257144667078e+01,8.696299999999999386e+01,6.000000000000000000e+01,2.517700028242765287e-01,4.795202823520283175e+01,5.672932461485336031e-02,-1.135087499119529575e+01,0.000000000000000000e+00
1.896000000000000000e+03,3.673509690456254617e+01,8.696299999999999386e+01,6.000000000000000000e+01,1.350071029637597841e-01,4.795284168882413667e+01,-1.259268135183053139e-03,-1.135149261909016616e+01,0.000000000000000000e+00
1.897000000000000000e+03,3.673531893262945403e+01,8.696299999999999386e+01,6.000000000000000000e+01,1.350071029637597841e-01,4.795365514244544158e+01,-1.237225825284042494e-03,-1.135210608695446410e+01,0.000000000000000000e+00
1.898000000000000000e+03,3.673554470683113493e+01,8.696299999999999386e+01,6.000000000000000000e+01,1.350071029637597841e-01,4.795446859606674650e+01,-1.215569345385894692e-03,-1.135271542285398816e+01,0.000000000000000000e+00
1.899000000000000000e+03,3.673577420604596000e+01,8.693099999999999739e+01,6.000000000000000000e+01,1.350071029637597841e-01,4.795528204968805142e+01,-1.194291941895621713e-03,-1.135332065466396223e+01,0.000000000000000000e+00
1.900000000000000000e+03,3.691046943556737148e+01,8.696299999999999386e+01,6.000000000000000000e+01,2.517700028242765287e-01,4.795679903076561601e+01,5.582221204782997215e-02,-1.135392181007035362e+01,0.000000000000000000e+00
1.901000000000000000e+03,3.673595016823361448e+01,8.696299999999999386e+01,6.000000000000000000e+01,1.350071029637597841e-01,4.795761248438692093e+01,-2.150502545873428373e-03,-1.135451891657119816e+01,0.000000000000000000e+00
1.902000000000000000e+03,3.673620817948218331e+01,8.696299999999999386e+01,6.000000000000000000e+01,1.350071029637597841e-01,4.795842593800822584e+01,-2.112860011904391794e-03,-1.135511200147790056e+01,0.000000000000000000e+00
1.903000000000000000e+03,3.673646952630150508e+01,8.696299999999999386e+01,6.000000000000000000e+01,1.350071029637597841e-01,4.795923939162953076e+01,-2.075876375255113811e-03,-1.135570109191653287e+01,0.000000000000000000e+00
1.904000000000000000e+03,3.673673419328292766e+01,8.696299999999999386e+01,6.000000000000000000e+01,1.350071029637597841e-01,4.796005284525083567e+01,-2.039540102544809292e-03,-1.135628621482912237e+01,0.000000000000000000e+00
1.905000000000000000e+03,3.673700216499869242e+01,8.696299999999999386e+01,6.000000000000000000e+01,1.350071029637597841e-01,4.796086629887214059e+01,-2.003839862273727127e-03,-1.135686739697493230e+01,0.000000000000000000e+00
1.906000000000000000e+03,3.673727342600419377e+01,8.696299999999999386e+01,6.000000000000000000e+01,1.350071029637597841e-01,4.796167975249344551e+01,-1.968764521289412261e-03,-1.135744466493172311e+01,0.000000000000000000e+00
1.907000000000000000e+03,3.673754796084018182e+01,8.696299999999999386e+01,6.000000000000000000e+01,1.350071029637597841e-01,4.796249320611475042e+01,-1.934303141314820803e-03,-1.135801804509701718e+01,0.000000000000000000e+00
1.908000000000000000e+03,3.673782575403492956e+01,8.696299999999999386e+01,6.000000000000000000e+01,1.350071029637597841e-01,4.796330665973605534e+01,-1.900444975537209655e-03,-1.135858756368934586e+01,0.000000000000000000e+00
1.909000000000000000e+03,3.673810679010637870e+01,8.696299999999999386e+01,6.000000000000000000e+01,1.350071029637597841e-01,4.796412011335736025e+01,-1.867179465256732724e-03,-1.135915324674948756e+01,0.000000000000000000e+00
1.910000000000000000e+03,3.673839105356414336e+01,8.696299999999999386e+01,6.000000000000000000e+01,1.350071029637597841e-01,4.796493356697866517e+01,-1.834496236593700707e-03,-1.135971512014169704e+01,0.000000000000000000e+00
1.911000000000000000e+03,3.673867852891154229e+01,8.696299999999999386e+01,6.000000000000000000e+01,1.350071029637597841e-01,4.796574702059997009e+01,-1.802385097253476854e-03,-1.136027320955493103e+01,0.000000000000000000e+00
1.912000000000000000e+03,3.673896920064763094e+01,8.696299999999999386e+01,6.000000000000000000e+01,1.350071029637597841e-01,4.796656047422127500e+01,-1.770836033348001035e-03,-1.136082754050405264e+01,0.000000000000000000e+00
1.913000000000000000e+03,3.673926305326902764e+01,8.696299999999999386e+01,6.000000000000000000e+01,1.350071029637597841e-01,4.796737392784257992e+01,-1.739839206272949862e-03,-1.136137813833104460e+01,0.000000000000000000e+00
1.914000000000000000e+03,3.673956007127181067e+01,8.696299999999999386e+01,6.000000000000000000e+01,1.350071029637597841e-01,4.796818738146388483e+01,-1.709384949639558386e-03,-1.136192502820619588e+01,0.000000000000000000e+00
1.915000000000000000e+03,3.673986023915340127e+01,8.696299999999999386e+01,6.000000000000000000e+01,1.350071029637597841e-01,4.796900083508518975e+01,-1.679463766260148394e-03,-1.136246823512929183e+01,0.000000000000000000e+00
1.916000000000000000e+03,3.674016354141429019e+01,8.696299999999999386e+01,6.000000000000000000e+01,1.350071029637597841e-01,4.796981428870649466e+01,-1.650066325186421573e-03,-1.136300778393078126e+01,0.000000000000000000e+00
1.917000000000000000e+03,3.674046996255979991e+01,8.696299999999999386e+01,6.000000000000000000e+01,1.350071029637597841e-01,4.797062774232779958e+01,-1.621183458799594886e-03,-1.136354369927295593e+01,0.000000000000000000e+00
1.918000000000000000e+03,3.674077948710181829e+01,8.696299999999999386e+01,6.000000000000000000e+01,1.350071029637597841e-01,4.797144119594910450e+01,-1.592806159951470034e-03,-1.136407600565110343e+01,0.000000000000000000e+00
1.919000000000000000e+03,3.674109209956036182e+01,8.696299999999999386e+01,6.000000000000000000e+01,1.350071029637597841e-01,4.797225464957040941e+01,-1.564925579155546217e-03,-1.136460472739465644e+01,0.000000000000000000e+00
1.920000000000000000e+03,3.674140778446530931e+01,8.696299999999999386e+01,6.000000000000000000e+01,1.350071029637597841e-01,4.797306810319171433e+01,-1.537533021827300166e-03,-1.136512988866833851e+01,0.000000000000000000e+00
1.921000000000000000e+03,3.674172652635791536e+01,8.696299999999999386e+01,6.000000000000000000e+01,1.350071029637597841e-01,4.797388155681301924e+01,-1.510619945572771496e-03,-1.136565151347329738e+01,0.000000000000000000e+00
1.922000000000000000e+03,3.674204830979233805e+01,8.696299999999999386e+01,6.000000000000000000e+01,1.350071029637597841e-01,4.797469501043432416e+01,-1.484177957524609450e-03,-1.136616962564822764e+01,0.000000000000000000e+00
1.923000000000000000e+03,3.674237311933717365e+01,8.696299999999999386e+01,6.000000000000000000e+01,1.350071029637597841e-01,4.797550846405562908e+01,-1.458198811724749659e-03,-1.136668424887049156e+01,0.000000000000000000e+00
1.924000000000000000e+03,3.674270093957692040e+01,8.696299999999999386e+01,6.000000000000000000e+01,1.350071029637597841e-01,4.797632191767693399e+01,-1.432674406552904723e-03,-1.136719540665722583e+01,0.000000000000000000e+00
1.925000000000000000e+03,3.674303175511335695e+01,8.696299999999999386e+01,6.000000000000000000e+01,1.350071029637597841e-01,4.797713537129823891e+01,-1.407596782200066111e-03,-1.136770312236644287e+01,0.000000000000000000e+00
1.926000000000000000e+03,3.674336555056699183e+01,8.689799999999999613e+01,6.000000000000000000e+01,1.350071029637597841e-01,4.797794882491954382e+01,-1.382958118186231088e-03,-1.136820741919812505e+01,0.000000000000000000e+00
1.927000000000000000e+03,3.709807830158974440e+01,8.696299999999999386e+01,6.000000000000000000e+01,3.721817433054522839e-01,4.798019131868637999e+01,1.144135597932202375e-01,-1.136870832019530830e+01,0.000000000000000000e+00
1.928000000000000000e+03,3.674344457403430653e+01,8.696299999999999386e+01,6.000000000000000000e+01,1.350071029637597841e-01,4.798100477230768490e+01,-3.361452991980970473e-03,-1.136920584824516034e+01,0.000000000000000000e+00
1.929000000000000000e+03,3.674382268890867209e+01,8.693099999999999739e+01,6.000000000000000000e+01,1.350071029637597841e-01,4.798181822592898982e+01,-3.302613904029753217e-03,-1.136970002608004648e+01,0.000000000000000000e+00
1.930000000000000000e+03,3.691866512784027066e+01,8.689799999999999613e+01,6.000000000000000000e+01,2.517700028242765287e-01,4.798333520700655441e+01,5.375079428803197779e-02,-1.137019087627860081e+01,0.000000000000000000e+00
1.931000000000000000e+03,3.709866767125937059e+01,8.693099999999999739e+01,6.000000000000000000e+01,3.721817433054522839e-01,4.798557770077339057e+01,1.115866484472908537e-01,-1.137067842126676709e+01,0.000000000000000000e+00
1.932000000000000000e+03,3.691855871848255788e+01,8.693099999999999739e+01,6.000000000000000000e+01,2.517700028242765287e-01,4.798709468185095517e+01,5.085671712617945844e-02,-1.137116268331885394e+01,0.000000000000000000e+00
1.933000000000000000e+03,3.691870449909434626e+01,8.696299999999999386e+01,6.000000000000000000e+01,2.517700028242765287e-01,4.798861166292851976e+01,4.996651790011977928e-02,-1.137164368455857044e+01,0.000000000000000000e+00
1.934000000000000000e+03,3.674440707430444775e+01,8.696299999999999386e+01,6.000000000000000000e+01,1.350071029637597841e-01,4.798942511654982468e+01,-7.903698249073318194e-03,-1.137212144696006177e+01,0.000000000000000000e+00
1.935000000000000000e+03,3.674488432937604898e+01,8.696299999999999386e+01,6.000000000000000000e+01,1.350071029637597841e-01,4.799023857017112960e+01,-7.765351409915813297e-03,-1.137259599234892882e+01,0.000000000000000000e+00
1.936000000000000000e+03,3.674536235815028817e+01,8.686599999999999966e+01,6.000000000000000000e+01,1.350071029637597841e-01,4.799105202379243451e+01,-7.629426202670573816e-03,-1.137306734240324069e+01,0.000000000000000000e+00
1.937000000000000000e+03,3.727467919883942216e+01,8.693099999999999739e+01,6.000000000000000000e+01,4.889446431659690839e-01,4.799399804501553746e+01,1.652720293124694539e-01,-1.137353551865455259e+01,0.000000000000000000e+00
1.938000000000000000e+03,3.691989127305568275e+01,8.696299999999999386e+01,6.000000000000000000e+01,2.517700028242765287e-01,4.799551502609310205e+01,4.660678662720831034e-02,-1.137400054248890413e+01,0.000000000000000000e+00
1.939000000000000000e+03,3.674566852695923558e+01,8.693099999999999739e+01,6.000000000000000000e+01,1.350071029637597841e-01,4.799632847971440697e+01,-1.120462057111417525e-02,-1.137446243514781585e+01,0.000000000000000000e+00
1.940000000000000000e+03,3.692068135073752444e+01,8.696299999999999386e+01,6.000000000000000000e+01,2.517700028242765287e-01,4.799784546079197156e+01,4.598710485054584990e-02,-1.137492121772926978e+01,0.000000000000000000e+00
1.941000000000000000e+03,3.674647565078997502e+01,8.693099999999999739e+01,6.000000000000000000e+01,1.350071029637597841e-01,4.799865891441327648e+01,-1.181345539836345382e-02,-1.137537691118870065e+01,0.000000000000000000e+00
1.942000000000000000e+03,3.692150528908216955e+01,8.693099999999999739e+01,6.000000000000000000e+01,2.517700028242765287e-01,4.800017589549084107e+01,4.538892710701415700e-02,-1.137582953633996574e+01,0.000000000000000000e+00
1.943000000000000000e+03,3.692177820196319260e+01,8.693099999999999739e+01,6.000000000000000000e+01,2.517700028242765287e-01,4.800169287656840567e+01,4.459443642681364811e-02,-1.137627911385630597e+01,0.000000000000000000e+00
1.944000000000000000e+03,3.692206804876118298e+01,8.696299999999999386e+01,6.000000000000000000e+01,2.517700028242765287e-01,4.800320985764597026e+01,4.381385256224324537e-02,-1.137672566427131393e+01,0.000000000000000000e+00
1.945000000000000000e+03,3.674791253931140034e+01,8.696299999999999386e+01,6.000000000000000000e+01,1.350071029637597841e-01,4.800402331126727518e+01,-1.394866693975194832e-02,-1.137716920797988251e+01,0.000000000000000000e+00
1.946000000000000000e+03,3.674852959403079922e+01,8.696299999999999386e+01,6.000000000000000000e+01,1.350071029637597841e-01,4.800483676488858009e+01,-1.370450858239035188e-02,-1.137760976523915346e+01,0.000000000000000000e+00
1.947000000000000000e+03,3.674914534131567478e+01,8.689799999999999613e+01,6.000000000000000000e+01,1.350071029637597841e-01,4.800565021850988501e+01,-1.346462398851647722e-02,-1.137804735616945528e+01,0.000000000000000000e+00
1.948000000000000000e+03,3.710413582700117985e+01,8.693099999999999739e+01,6.000000000000000000e+01,3.721817433054522839e-01,4.800789271227672117e+01,1.025433721742406573e-01,-1.137848200075523586e+01,0.000000000000000000e+00
1.949000000000000000e+03,3.692423771227141316e+01,8.689799999999999613e+01,6.000000000000000000e+01,2.517700028242765287e-01,4.800940969335428576e+01,4.197173493883164103e-02,-1.137891371884598790e+01,0.000000000000000000e+00
1.950000000000000000e+03,3.710450517077496357e+01,8.696299999999999386e+01,6.000000000000000000e+01,3.721817433054522839e-01,4.801165218712112193e+01,1.000137705055603177e-01,-1.137934253015717623e+01,0.000000000000000000e+00
1.951000000000000000e+03,3.675019510198717398e+01,8.686599999999999966e+01,6.000000000000000000e+01,1.350071029637597841e-01,4.801246564074242684e+01,-1.750918744787710590e-02,-1.137976845427114014e+01,0.000000000000000000e+00
1.952000000000000000e+03,3.727972999853285785e+01,8.696299999999999386e+01,6.000000000000000000e+01,4.889446431659690839e-01,4.801541166196552979e+01,1.555652040393650237e-01,-1.138019151063800827e+01,0.000000000000000000e+00
1.953000000000000000e+03,3.675069477119063777e+01,8.689799999999999613e+01,6.000000000000000000e+01,1.350071029637597841e-01,4.801622511558683470e+01,-1.992572878336493214e-02,-1.138061171857659559e+01,0.000000000000000000e+00
1.954000000000000000e+03,3.710581561835438436e+01,8.693099999999999739e+01,6.000000000000000000e+01,3.721817433054522839e-01,4.801846760935367087e+01,9.619536297055264473e-02,-1.138102909727529521e+01,0.000000000000000000e+00
1.955000000000000000e+03,3.692604576915638859e+01,8.689799999999999613e+01,6.000000000000000000e+01,2.517700028242765287e-01,4.801998459043123546e+01,3.573484169385016812e-02,-1.138144366579297717e+01,0.000000000000000000e+00
1.956000000000000000e+03,3.710643943268211586e+01,8.693099999999999739e+01,6.000000000000000000e+01,3.721817433054522839e-01,4.802222708419807162e+01,9.388604823844443059e-02,-1.138185544305985530e+01,0.000000000000000000e+00
1.957000000000000000e+03,3.692671556957591150e+01,8.693099999999999739e+01,6.000000000000000000e+01,2.517700028242765287e-01,4.802374406527563622e+01,3.346594935436612156e-02,-1.138226444787837188e+01,0.000000000000000000e+00
1.958000000000000000e+03,3.692724050949198045e+01,8.689799999999999613e+01,6.000000000000000000e+01,2.517700028242765287e-01,4.802526104635320081e+01,3.288015923856500711e-02,-1.138267069892406624e+01,0.000000000000000000e+00
1.959000000000000000e+03,3.710769240300631822e+01,8.693099999999999739e+01,6.000000000000000000e+01,3.721817433054522839e-01,4.802750354012003697e+01,9.108133432725613876e-02,-1.138307421474643100e+01,0.000000000000000000e+00
1.960000000000000000e+03,3.692802583958678753e+01,8.696299999999999386e+01,6.000000000000000000e+01,2.517700028242765287e-01,4.802902052119760157e+01,3.071032933468608589e-02,-1.138347501376978421e+01,0.000000000000000000e+00
1.961000000000000000e+03,3.675414513822908447e+01,8.696299999999999386e+01,6.000000000000000000e+01,1.350071029637597841e-01,4.802983397481890648e+01,-2.682282525948611121e-02,-1.138387311429409898e+01,0.000000000000000000e+00
1.962000000000000000e+03,3.675503268009580182e+01,8.696299999999999386e+01,6.000000000000000000e+01,1.350071029637597841e-01,4.803064742844021140e+01,-2.635331681230328876e-02,-1.138426853449586851e+01,0.000000000000000000e+00
1.963000000000000000e+03,3.675591466592535994e+01,8.693099999999999739e+01,6.000000000000000000e+01,1.350071029637597841e-01,4.803146088206151632e+01,-2.589202667097913538e-02,-1.138466129242893388e+01,0.000000000000000000e+00
1.964000000000000000e+03,3.693125324798353404e+01,8.686599999999999966e+01,6.000000000000000000e+01,2.517700028242765287e-01,4.803297786313908091e+01,3.155678804550274275e-02,-1.138505140602532251e+01,0.000000000000000000e+00
1.965000000000000000e+03,3.728620636096746210e+01,8.689799999999999613e+01,6.000000000000000000e+01,4.889446431659690839e-01,4.803592388436218386e+01,1.467767265353794037e-01,-1.138543889309607238e+01,0.000000000000000000e+00
1.966000000000000000e+03,3.711173628841097383e+01,8.689799999999999613e+01,6.000000000000000000e+01,3.721817433054522839e-01,4.803816637812902002e+01,8.721193830855958340e-02,-1.138582377133205803e+01,0.000000000000000000e+00
1.967000000000000000e+03,3.711206993186451797e+01,8.696299999999999386e+01,6.000000000000000000e+01,3.721817433054522839e-01,4.804040887189585618e+01,8.568537496801161002e-02,-1.138620605830480059e+01,0.000000000000000000e+00
1.968000000000000000e+03,3.675805687917920750e+01,8.689799999999999613e+01,6.000000000000000000e+01,1.350071029637597841e-01,4.804122232551716110e+01,-3.158677783442567777e-02,-1.138658577146728490e+01,0.000000000000000000e+00
1.969000000000000000e+03,3.711342206410185440e+01,8.689799999999999613e+01,6.000000000000000000e+01,3.721817433054522839e-01,4.804346481928399726e+01,8.473842966716280123e-02,-1.138696292815475530e+01,0.000000000000000000e+00
1.970000000000000000e+03,3.711380667355067686e+01,8.686599999999999966e+01,6.000000000000000000e+01,3.721817433054522839e-01,4.804570731305083342e+01,8.325516277991833192e-02,-1.138733754558553102e+01,0.000000000000000000e+00
1.971000000000000000e+03,3.728868179469643707e+01,8.693099999999999739e+01,6.000000000000000000e+01,4.889446431659690839e-01,4.804865333427393637e+01,1.387934581183068450e-01,-1.138770964086177706e+01,0.000000000000000000e+00
1.972000000000000000e+03,3.693445278524054487e+01,8.696299999999999386e+01,6.000000000000000000e+01,2.517700028242765287e-01,4.805017031535150096e+01,2.059169803507303331e-02,-1.138807923097031072e+01,0.000000000000000000e+00
1.973000000000000000e+03,3.676078019976288402e+01,8.693099999999999739e+01,6.000000000000000000e+01,1.350071029637597841e-01,4.805098376897280588e+01,-3.676433939030216563e-02,-1.138844633278338137e+01,0.000000000000000000e+00
1.974000000000000000e+03,3.693633457479791105e+01,8.689799999999999613e+01,6.000000000000000000e+01,2.517700028242765287e-01,4.805250075005037047e+01,2.087478498270368271e-02,-1.138881096305943785e+01,0.000000000000000000e+00
1.975000000000000000e+03,3.711703795158820185e+01,8.693099999999999739e+01,6.000000000000000000e+01,3.721817433054522839e-01,4.805474324381720663e+01,7.928610290945116434e-02,-1.138917313844390655e+01,0.000000000000000000e+00
1.976000000000000000e+03,3.693761891465036484e+01,8.689799999999999613e+01,6.000000000000000000e+01,2.517700028242765287e-01,4.805626022489477123e+01,1.912156240127307200e-02,-1.138953287546996052e+01,0.000000000000000000e+00
1.977000000000000000e+03,3.711835784025588936e+01,8.689799999999999613e+01,6.000000000000000000e+01,3.721817433054522839e-01,4.805850271866160739e+01,7.756356884810783336e-02,-1.138989019055927976e+01,0.000000000000000000e+00
1.978000000000000000e+03,3.711888774689417403e+01,8.683400000000000318e+01,6.000000000000000000e+01,3.721817433054522839e-01,4.806074521242844355e+01,7.620589118307685705e-02,-1.139024510002280266e+01,0.000000000000000000e+00
1.979000000000000000e+03,3.746836786052198676e+01,8.693099999999999739e+01,6.000000000000000000e+01,6.057075430264858840e-01,4.806439476110780618e+01,1.888631764491742748e-01,-1.139059762006147736e+01,0.000000000000000000e+00
1.980000000000000000e+03,3.693952337203245406e+01,8.693099999999999739e+01,6.000000000000000000e+01,2.517700028242765287e-01,4.806591174218537077e+01,1.278939378981358566e-02,-1.139094776676701137e+01,0.000000000000000000e+00
1.981000000000000000e+03,3.694046869738834715e+01,8.689799999999999613e+01,6.000000000000000000e+01,2.517700028242765287e-01,4.806742872326293536e+01,1.256552742374011065e-02,-1.139129555612260880e+01,0.000000000000000000e+00
1.982000000000000000e+03,3.712133424745723431e+01,8.693099999999999739e+01,6.000000000000000000e+01,3.721817433054522839e-01,4.806967121702977153e+01,7.112229112571857859e-02,-1.139164100400370749e+01,0.000000000000000000e+00
1.983000000000000000e+03,3.694207472525354063e+01,8.696299999999999386e+01,6.000000000000000000e+01,2.517700028242765287e-01,4.807118819810733612e+01,1.110065050062859077e-02,-1.139198412617870559e+01,0.000000000000000000e+00
1.984000000000000000e+03,3.676859456136043747e+01,8.696299999999999386e+01,6.000000000000000000e+01,1.350071029637597841e-01,4.807200165172864104e+01,-4.608925502227449733e-02,-1.139232493830968984e+01,0.000000000000000000e+00
1.985000000000000000e+03,3.676987624660305443e+01,8.693099999999999739e+01,6.000000000000000000e+01,1.350071029637597841e-01,4.807281510534994595e+01,-4.528250575749791923e-02,-1.139266345595315677e+01,0.000000000000000000e+00
1.986000000000000000e+03,3.694560811583493631e+01,8.683400000000000318e+01,6.000000000000000000e+01,2.517700028242765287e-01,4.807433208642751055e+01,1.250572114386640926e-02,-1.139299969456072148e+01,0.000000000000000000e+00
1.987000000000000000e+03,3.747541023840683749e+01,8.696299999999999386e+01,6.000000000000000000e+01,6.057075430264858840e-01,4.807798163510687317e+01,1.850547297533201574e-01,-1.139333366947983350e+01,0.000000000000000000e+00
1.988000000000000000e+03,3.677218880709845905e+01,8.696299999999999386e+01,6.000000000000000000e+01,1.350071029637597841e-01,4.807879508872817809e+01,-4.794798863900162633e-02,-1.139366539595448202e+01,0.000000000000000000e+00
1.989000000000000000e+03,3.677351205220512043e+01,8.689799999999999613e+01,6.000000000000000000e+01,1.350071029637597841e-01,4.807960854234948300e+01,-4.710870398223432343e-02,-1.139399488912589220e+01,0.000000000000000000e+00
1.990000000000000000e+03,3.712919881569496283e+01,8.686599999999999966e+01,6.000000000000000000e+01,3.721817433054522839e-01,4.808185103611631916e+01,6.948820030641676693e-02,-1.139432216403322684e+01,0.000000000000000000e+00
1.991000000000000000e+03,3.730436193832670710e+01,8.696299999999999386e+01,6.000000000000000000e+01,4.889446431659690839e-01,4.808479705733942211e+01,1.252674734355796460e-01,-1.139464723561426851e+01,0.000000000000000000e+00
1.992000000000000000e+03,3.677595436924357841e+01,8.693099999999999739e+01,6.000000000000000000e+01,1.350071029637597841e-01,4.808561051096072703e+01,-4.969312597479226545e-02,-1.139497011870611942e+01,0.000000000000000000e+00
1.993000000000000000e+03,3.695177897152137803e+01,8.696299999999999386e+01,6.000000000000000000e+01,2.517700028242765287e-01,4.808712749203829162e+01,8.172304704671562448e-03,-1.139529082804586224e+01,0.000000000000000000e+00
1.994000000000000000e+03,3.677837232748578344e+01,8.693099999999999739e+01,6.000000000000000000e+01,1.350071029637597841e-01,4.808794094565959654e+01,-4.896634286631283695e-02,-1.139560937827125642e+01,0.000000000000000000e+00
1.995000000000000000e+03,3.695418851179522335e+01,8.693099999999999739e+01,6.000000000000000000e+01,2.517700028242765287e-01,4.808945792673716113e+01,8.886366155182456872e-03,-1.139592578392139899e+01,0.000000000000000000e+00
1.996000000000000000e+03,3.695523566983580821e+01,8.696299999999999386e+01,6.000000000000000000e+01,2.517700028242765287e-01,4.809097490781472573e+01,8.730818634208985241e-03,-1.139624005943740137e+01,0.000000000000000000e+00
1.997000000000000000e+03,3.678182564003647315e+01,8.693099999999999739e+01,6.000000000000000000e+01,1.350071029637597841e-01,4.809178836143603064e+01,-4.841760520028420833e-02,-1.139655221916303773e+01,0.000000000000000000e+00
1.998000000000000000e+03,3.695763856667450398e+01,8.696299999999999386e+01,6.000000000000000000e+01,2.517700028242765287e-01,4.809330534251359524e+01,9.425498682043405296e-03,-1.139686227734541468e+01,0.000000000000000000e+00
1.999000000000000000e+03,3.678422056608664548e+01,8.696299999999999386e+01,6.000000000000000000e+01,1.350071029637597841e-01,4.809411879613490015e+01,-4.773508487639357284e-02,-1.139717024813562496e+01,0.000000000000000000e+00
2.000000000000000000e+03,3.678556368022988465e+01,8.689799999999999613e+01,6.000000000000000000e+01,1.350071029637597841e-01,4.809493224975620507e+01,-4.689952690069041502e-02,-1.139747614558939048e+01,0.000000000000000000e+00
2.001000000000000000e+03,3.714127021909974502e+01,8.696299999999999386e+01,6.000000000000000000e+01,3.721817433054522839e-01,4.809717474352304123e+01,6.969371593895998251e-02,-1.139777998366770895e+01,0.000000000000000000e+00
2.002000000000000000e+03,3.678761500602855961e+01,8.693099999999999739e+01,6.000000000000000000e+01,1.350071029637597841e-01,4.809798819714434615e+01,-4.729851784204790188e-02,-1.139808177623750218e+01,0.000000000000000000e+00
2.003000000000000000e+03,3.696341864143760603e+01,8.693099999999999739e+01,6.000000000000000000e+01,2.517700028242765287e-01,4.809950517822191074e+01,1.052499746365720412e-02,-1.139838153707223967e+01,0.000000000000000000e+00
2.004000000000000000e+03,3.696445364950673707e+01,8.693099999999999739e+01,6.000000000000000000e+01,2.517700028242765287e-01,4.810102215929947533e+01,1.034076723556006522e-02,-1.139867927985257978e+01,0.000000000000000000e+00
2.005000000000000000e+03,3.696549388681947335e+01,8.689799999999999613e+01,6.000000000000000000e+01,2.517700028242765287e-01,4.810253914037703993e+01,1.015976178514690388e-02,-1.139897501816699155e+01,0.000000000000000000e+00
2.006000000000000000e+03,3.714645324809953308e+01,8.696299999999999386e+01,6.000000000000000000e+01,3.721817433054522839e-01,4.810478163414387609e+01,6.875863616257937849e-02,-1.139926876551237811e+01,0.000000000000000000e+00
2.007000000000000000e+03,3.679282442551196652e+01,8.696299999999999386e+01,6.000000000000000000e+01,1.350071029637597841e-01,4.810559508776518101e+01,-4.821722992227595039e-02,-1.139956053529470026e+01,0.000000000000000000e+00
2.008000000000000000e+03,3.679419207107177670e+01,8.696299999999999386e+01,6.000000000000000000e+01,1.350071029637597841e-01,4.810640854138648592e+01,-4.737323244888307777e-02,-1.139985034082958748e+01,0.000000000000000000e+00
2.009000000000000000e+03,3.679554689426741731e+01,8.693099999999999739e+01,6.000000000000000000e+01,1.350071029637597841e-01,4.810722199500779084e+01,-4.654400836119157447e-02,-1.140013819534294903e+01,0.000000000000000000e+00
2.010000000000000000e+03,3.697135116690040491e+01,8.693099999999999739e+01,6.000000000000000000e+01,2.517700028242765287e-01,4.810873897608535543e+01,1.126629996235134490e-02,-1.140042411197157790e+01,0.000000000000000000e+00
2.011000000000000000e+03,3.697238695015139598e+01,8.696299999999999386e+01,6.000000000000000000e+01,2.517700028242765287e-01,4.811025595716292003e+01,1.106909392795164121e-02,-1.140070810376375476e+01,0.000000000000000000e+00
2.012000000000000000e+03,3.679896607084144478e+01,8.689799999999999613e+01,6.000000000000000000e+01,1.350071029637597841e-01,4.811106941078422494e+01,-4.612025922668700623e-02,-1.140099018367984840e+01,0.000000000000000000e+00
2.013000000000000000e+03,3.715468262652542109e+01,8.696299999999999386e+01,6.000000000000000000e+01,3.721817433054522839e-01,4.811331190455106110e+01,7.045934326180644525e-02,-1.140127036459290366e+01,0.000000000000000000e+00
2.014000000000000000e+03,3.680103750973810861e+01,8.696299999999999386e+01,6.000000000000000000e+01,1.350071029637597841e-01,4.811412535817236602e+01,-4.654629210878019618e-02,-1.140154865928924011e+01,0.000000000000000000e+00
2.015000000000000000e+03,3.680238929145077265e+01,8.693099999999999739e+01,6.000000000000000000e+01,1.350071029637597841e-01,4.811493881179367094e+01,-4.573154283763909700e-02,-1.140182508046902576e+01,0.000000000000000000e+00
2.016000000000000000e+03,3.697819069898611133e+01,8.696299999999999386e+01,6.000000000000000000e+01,2.517700028242765287e-01,4.811645579287123553e+01,1.206454403746718557e-02,-1.140209964074687043e+01,0.000000000000000000e+00
2.017000000000000000e+03,3.680476176326440907e+01,8.693099999999999739e+01,6.000000000000000000e+01,1.350071029637597841e-01,4.811726924649254045e+01,-4.514223353949257250e-02,-1.140237235265239590e+01,0.000000000000000000e+00
2.018000000000000000e+03,3.698055653979157853e+01,8.696299999999999386e+01,6.000000000000000000e+01,2.517700028242765287e-01,4.811878622757010504e+01,1.264353802800511489e-02,-1.140264322863081681e+01,0.000000000000000000e+00
2.019000000000000000e+03,3.680712112881491294e+01,8.693099999999999739e+01,6.000000000000000000e+01,1.350071029637597841e-01,4.811959968119140996e+01,-4.457337429675976154e-02,-1.140291228104350019e+01,0.000000000000000000e+00
2.020000000000000000e+03,3.698290958284691499e+01,8.686599999999999966e+01,6.000000000000000000e+01,2.517700028242765287e-01,4.812111666226897455e+01,1.320243992220594687e-02,-1.140317952216853925e+01,0.000000000000000000e+00
2.021000000000000000e+03,3.733830601655110826e+01,8.696299999999999386e+01,6.000000000000000000e+01,4.889446431659690839e-01,4.812406268349207750e+01,1.287436540943813768e-01,-1.140344496420131826e+01,0.000000000000000000e+00
2.022000000000000000e+03,3.680989682821773101e+01,8.696299999999999386e+01,6.000000000000000000e+01,1.350071029637597841e-01,4.812487613711338241e+01,-4.627779260435230246e-02,-1.140370861925506318e+01,0.000000000000000000e+00
2.023000000000000000e+03,3.681125845117135498e+01,8.686599999999999966e+01,6.000000000000000000e+01,1.350071029637597841e-01,4.812568959073468733e+01,-4.546774316569245078e-02,-1.140397049936140128e+01,0.000000000000000000e+00
2.024000000000000000e+03,3.734144567532009518e+01,8.680200000000000671e+01,6.000000000000000000e+01,4.889446431659690839e-01,4.812863561195779027e+01,1.280960366672424522e-01,-1.140423061647090996e+01,0.000000000000000000e+00
2.025000000000000000e+03,3.769081518203802261e+01,8.689799999999999613e+01,6.000000000000000000e+01,7.224704428870025730e-01,4.813298868809341258e+01,2.398450335112712328e-01,-1.140448898245366571e+01,0.000000000000000000e+00
2.026000000000000000e+03,3.716732728970394817e+01,8.689799999999999613e+01,6.000000000000000000e+01,3.721817433054522839e-01,4.813523118186024874e+01,6.465997363802752917e-02,-1.140474560909978230e+01,0.000000000000000000e+00
2.027000000000000000e+03,3.716818307214060724e+01,8.693099999999999739e+01,6.000000000000000000e+01,3.721817433054522839e-01,4.813747367562708490e+01,6.352816132802725779e-02,-1.140500050811995969e+01,0.000000000000000000e+00
2.028000000000000000e+03,3.698914641721906094e+01,8.693099999999999739e+01,6.000000000000000000e+01,2.517700028242765287e-01,4.813899065670464950e+01,3.639448836141950805e-03,-1.140525369114600807e+01,0.000000000000000000e+00
2.029000000000000000e+03,3.699034821456626787e+01,8.693099999999999739e+01,6.000000000000000000e+01,2.517700028242765287e-01,4.814050763778221409e+01,3.575743691172032952e-03,-1.140550516973139494e+01,0.000000000000000000e+00
2.030000000000000000e+03,3.699155281997742861e+01,8.693099999999999739e+01,6.000000000000000000e+01,2.517700028242765287e-01,4.814202461885977868e+01,3.513153645130100144e-03,-1.140575495535175854e+01,0.000000000000000000e+00
2.031000000000000000e+03,3.699276020253543606e+01,8.686599999999999966e+01,6.000000000000000000e+01,2.517700028242765287e-01,4.814354159993734328e+01,3.451659179253268196e-03,-1.140600305940544601e+01,0.000000000000000000e+00
2.032000000000000000e+03,3.734834632275296684e+01,8.696299999999999386e+01,6.000000000000000000e+01,4.889446431659690839e-01,4.814648762116044622e+01,1.191635516405781386e-01,-1.140624949321402504e+01,0.000000000000000000e+00
2.033000000000000000e+03,3.682012370539002433e+01,8.686599999999999966e+01,6.000000000000000000e+01,1.350071029637597841e-01,4.814730107478175114e+01,-5.569020433268481729e-02,-1.140649426802280608e+01,0.000000000000000000e+00
2.034000000000000000e+03,3.735050685428314665e+01,8.693099999999999739e+01,6.000000000000000000e+01,4.889446431659690839e-01,4.815024709600485409e+01,1.180525101136798705e-01,-1.140673739500135575e+01,0.000000000000000000e+00
2.035000000000000000e+03,3.699676899557223919e+01,8.686599999999999966e+01,6.000000000000000000e+01,2.517700028242765287e-01,4.815176407708241868e+01,2.138009095591086872e-04,-1.140697888524401371e+01,0.000000000000000000e+00
2.036000000000000000e+03,3.735241836075002908e+01,8.696299999999999386e+01,6.000000000000000000e+01,4.889446431659690839e-01,4.815471009830552163e+01,1.159823690489192177e-01,-1.140721874977038830e+01,0.000000000000000000e+00
2.037000000000000000e+03,3.682425795206371077e+01,8.689799999999999613e+01,6.000000000000000000e+01,1.350071029637597841e-01,4.815552355192682654e+01,-5.881570330099811228e-02,-1.140745699952587522e+01,0.000000000000000000e+00
2.038000000000000000e+03,3.718024026466871845e+01,8.670499999999999829e+01,6.000000000000000000e+01,3.721817433054522839e-01,4.815776604569366270e+01,5.798612105174574816e-02,-1.140769364538214781e+01,0.000000000000000000e+00
2.039000000000000000e+03,3.823345680929975998e+01,8.683400000000000318e+01,6.000000000000000000e+01,1.076407983089263665e+00,4.816425168943108304e+01,4.007258349170699230e-01,-1.140792869813765087e+01,0.000000000000000000e+00
2.040000000000000000e+03,3.752939460833847818e+01,8.676999999999999602e+01,6.000000000000000000e+01,6.057075430264858840e-01,4.816790123811044566e+01,1.639479957196605941e-01,-1.140816216851810871e+01,0.000000000000000000e+00
2.041000000000000000e+03,3.787886655485460352e+01,8.689799999999999613e+01,6.000000000000000000e+01,8.392333427475712204e-01,4.817295784170233475e+01,2.750694375817051007e-01,-1.140839406717700655e+01,0.000000000000000000e+00
2.042000000000000000e+03,3.718102988254021568e+01,8.683400000000000318e+01,6.000000000000000000e+01,3.721817433054522839e-01,4.817520033546917091e+01,4.227220846166312995e-02,-1.140862440469607364e+01,0.000000000000000000e+00
2.043000000000000000e+03,3.753122770666754349e+01,8.680200000000000671e+01,6.000000000000000000e+01,6.057075430264858840e-01,4.817884988414853353e+01,1.555234710783042207e-01,-1.140885319158577893e+01,0.000000000000000000e+00
2.044000000000000000e+03,3.770638974221601813e+01,8.686599999999999966e+01,6.000000000000000000e+01,7.224704428870025730e-01,4.818320296028415584e+01,2.097967773306640693e-01,-1.140908043828580176e+01,0.000000000000000000e+00
2.045000000000000000e+03,3.735792075258851952e+01,8.683400000000000318e+01,6.000000000000000000e+01,4.889446431659690839e-01,4.818614898150725878e+01,9.213328308080048767e-02,-1.140930615516551150e+01,0.000000000000000000e+00
2.046000000000000000e+03,3.753349189592282897e+01,8.689799999999999613e+01,6.000000000000000000e+01,6.057075430264858840e-01,4.818979853018662141e+01,1.475161752341760946e-01,-1.140953035252444714e+01,0.000000000000000000e+00
2.047000000000000000e+03,3.718541257128894983e+01,8.676999999999999602e+01,6.000000000000000000e+01,3.721817433054522839e-01,4.819204102395345757e+01,3.094284462282004267e-02,-1.140975304059278095e+01,0.000000000000000000e+00
2.048000000000000000e+03,3.788474035596366463e+01,8.686599999999999966e+01,6.000000000000000000e+01,8.392333427475712204e-01,4.819709762754534665e+01,2.583836152025407729e-01,-1.140997422953179097e+01,0.000000000000000000e+00
2.049000000000000000e+03,3.736166841731093058e+01,8.693099999999999739e+01,6.000000000000000000e+01,4.889446431659690839e-01,4.820004364876844960e+01,8.287405481082760206e-02,-1.141019392943432287e+01,0.000000000000000000e+00
2.050000000000000000e+03,3.700856959388109146e+01,8.673699999999999477e+01,6.000000000000000000e+01,2.517700028242765287e-01,4.820156062984601419e+01,-3.434888846394941464e-02,-1.141041215032525180e+01,0.000000000000000000e+00
2.051000000000000000e+03,3.806814710297126680e+01,8.686599999999999966e+01,6.000000000000000000e+01,9.596450832287469757e-01,4.820734274612717485e+01,3.117881757772811291e-01,-1.141062890216193892e+01,0.000000000000000000e+00
2.052000000000000000e+03,3.736495632272966816e+01,8.676999999999999602e+01,6.000000000000000000e+01,4.889446431659690839e-01,4.821028876735027779e+01,7.656710704811428569e-02,-1.141084419483469325e+01,0.000000000000000000e+00
2.053000000000000000e+03,3.788973434411843755e+01,8.683400000000000318e+01,6.000000000000000000e+01,8.392333427475712204e-01,4.821534537094216688e+01,2.462136685959210869e-01,-1.141105803816721931e+01,0.000000000000000000e+00
2.054000000000000000e+03,3.754134475148542549e+01,8.680200000000000671e+01,6.000000000000000000e+01,6.057075430264858840e-01,4.821899491962152950e+01,1.279127307544727921e-01,-1.141127044191706297e+01,0.000000000000000000e+00
2.055000000000000000e+03,3.771700636003773610e+01,8.673699999999999477e+01,6.000000000000000000e+01,7.224704428870025730e-01,4.822334799575715181e+01,1.826693371696454793e-01,-1.141148141577606090e+01,0.000000000000000000e+00
2.056000000000000000e+03,3.807232841784063737e+01,8.693099999999999739e+01,6.000000000000000000e+01,9.596450832287469757e-01,4.822913011203831246e+01,2.952441919443626328e-01,-1.141169096937078820e+01,0.000000000000000000e+00
2.057000000000000000e+03,3.701505838331831200e+01,8.676999999999999602e+01,6.000000000000000000e+01,2.517700028242765287e-01,4.823064709311587706e+01,-5.545960035885899586e-02,-1.141189911226298648e+01,0.000000000000000000e+00
2.058000000000000000e+03,3.789510146114069755e+01,8.686599999999999966e+01,6.000000000000000000e+01,8.392333427475712204e-01,4.823570369670776614e+01,2.322702756353698383e-01,-1.141210585395001331e+01,0.000000000000000000e+00
2.059000000000000000e+03,3.737250096203952410e+01,8.683400000000000318e+01,6.000000000000000000e+01,4.889446431659690839e-01,4.823864971793086909e+01,5.721780480794871893e-02,-1.141231120386526854e+01,0.000000000000000000e+00
2.060000000000000000e+03,3.754870349798201801e+01,8.693099999999999739e+01,6.000000000000000000e+01,6.057075430264858840e-01,4.824229926661023171e+01,1.132118597239320512e-01,-1.141251517137862770e+01,0.000000000000000000e+00
2.061000000000000000e+03,3.702133076726146754e+01,8.683400000000000318e+01,6.000000000000000000e+01,2.517700028242765287e-01,4.824381624768779631e+01,-6.153771745373938507e-02,-1.141271776579687014e+01,0.000000000000000000e+00
2.062000000000000000e+03,3.755256169526546017e+01,8.693099999999999739e+01,6.000000000000000000e+01,6.057075430264858840e-01,4.824746579636715893e+01,1.123073522359223086e-01,-1.141291899636410534e+01,0.000000000000000000e+00
2.063000000000000000e+03,3.702520751562192203e+01,8.693099999999999739e+01,6.000000000000000000e+01,2.517700028242765287e-01,4.824898277744472352e+01,-6.242639238488562059e-02,-1.141311887226219390e+01,0.000000000000000000e+00
2.064000000000000000e+03,3.702761868191154093e+01,8.683400000000000318e+01,6.000000000000000000e+01,2.517700028242765287e-01,4.825049975852228812e+01,-6.133367682385472419e-02,-1.141331740261116856e+01,0.000000000000000000e+00
2.065000000000000000e+03,3.755885007508406659e+01,8.676999999999999602e+01,6.000000000000000000e+01,6.057075430264858840e-01,4.825414930720165074e+01,1.125078213255843174e-01,-1.141351459646964983e+01,0.000000000000000000e+00
2.066000000000000000e+03,3.790925846599284199e+01,8.686599999999999966e+01,6.000000000000000000e+01,8.392333427475712204e-01,4.825920591079353983e+01,2.245296752869856971e-01,-1.141371046283525459e+01,0.000000000000000000e+00
2.067000000000000000e+03,3.738680426096024689e+01,8.689799999999999613e+01,6.000000000000000000e+01,4.889446431659690839e-01,4.826215193201664277e+01,4.961269642264728996e-02,-1.141390501064501883e+01,0.000000000000000000e+00
2.068000000000000000e+03,3.721422659390033516e+01,8.686599999999999966e+01,6.000000000000000000e+01,3.721817433054522839e-01,4.826439442578347894e+01,-8.251326412796758381e-03,-1.141409824877579915e+01,0.000000000000000000e+00
2.069000000000000000e+03,3.739088360848710124e+01,8.696299999999999386e+01,6.000000000000000000e+01,4.889446431659690839e-01,4.826734044700658188e+01,4.888870435921574553e-02,-1.141429018604467061e+01,0.000000000000000000e+00
2.070000000000000000e+03,3.686394521618526454e+01,8.696299999999999386e+01,6.000000000000000000e+01,1.350071029637597841e-01,4.826815390062788680e+01,-1.247349561970324261e-01,-1.141448083120935308e+01,0.000000000000000000e+00
2.071000000000000000e+03,3.686675267669053824e+01,8.696299999999999386e+01,6.000000000000000000e+01,1.350071029637597841e-01,4.826896735424919171e+01,-1.225515875538364940e-01,-1.141467019296858254e+01,0.000000000000000000e+00
2.072000000000000000e+03,3.686952319413685331e+01,8.689799999999999613e+01,6.000000000000000000e+01,1.350071029637597841e-01,4.826978080787049663e+01,-1.204064367348771092e-01,-1.141485827996252844e+01,0.000000000000000000e+00
2.073000000000000000e+03,3.722663341992083019e+01,8.696299999999999386e+01,6.000000000000000000e+01,3.721817433054522839e-01,4.827202330163733279e+01,-2.526524248775086079e-03,-1.141504510077318102e+01,0.000000000000000000e+00
2.074000000000000000e+03,3.687435858396662525e+01,8.693099999999999739e+01,6.000000000000000000e+01,1.350071029637597841e-01,4.827283675525863771e+01,-1.182546103310344182e-01,-1.141523066392474206e+01,0.000000000000000000e+00
2.075000000000000000e+03,3.705151968622779179e+01,8.696299999999999386e+01,6.000000000000000000e+01,2.517700028242765287e-01,4.827435373633620230e+01,-5.918907504867219893e-02,-1.141541497788402104e+01,0.000000000000000000e+00
2.076000000000000000e+03,3.687942761713605222e+01,8.696299999999999386e+01,6.000000000000000000e+01,1.350071029637597841e-01,4.827516718995750722e+01,-1.151486247244078720e-01,-1.141559805106081349e+01,0.000000000000000000e+00
2.077000000000000000e+03,3.688207479889446461e+01,8.696299999999999386e+01,6.000000000000000000e+01,1.350071029637597841e-01,4.827598064357881213e+01,-1.131330558398261077e-01,-1.141577989180828645e+01,0.000000000000000000e+00
2.078000000000000000e+03,3.688468792413872421e+01,8.689799999999999613e+01,6.000000000000000000e+01,1.350071029637597841e-01,4.827679409720011705e+01,-1.111527676017845523e-01,-1.141596050842336751e+01,0.000000000000000000e+00
2.079000000000000000e+03,3.724164359319384232e+01,8.689799999999999613e+01,6.000000000000000000e+01,3.721817433054522839e-01,4.827903659096695321e+01,6.565168068549884217e-03,-1.141613990914711430e+01,0.000000000000000000e+00
2.080000000000000000e+03,3.724359297682133274e+01,8.693099999999999739e+01,6.000000000000000000e+01,3.721817433054522839e-01,4.828127908473378938e+01,6.450250947197464814e-03,-1.141631810216510345e+01,0.000000000000000000e+00
2.081000000000000000e+03,3.706563160687345260e+01,8.689799999999999613e+01,6.000000000000000000e+01,2.517700028242765287e-01,4.828279606581135397e+01,-5.243936615439646898e-02,-1.141649509560778775e+01,0.000000000000000000e+00
2.082000000000000000e+03,3.724780465269101626e+01,8.696299999999999386e+01,6.000000000000000000e+01,3.721817433054522839e-01,4.828503855957819013e+01,7.255247358252538137e-03,-1.141667089755087794e+01,0.000000000000000000e+00
2.083000000000000000e+03,3.689536954066832664e+01,8.689799999999999613e+01,6.000000000000000000e+01,1.350071029637597841e-01,4.828585201319949505e+01,-1.086440594792211778e-01,-1.141684551601571229e+01,0.000000000000000000e+00
2.084000000000000000e+03,3.725228725490600823e+01,8.689799999999999613e+01,6.000000000000000000e+01,3.721817433054522839e-01,4.828809450696633121e+01,9.029963603842353081e-03,-1.141701895896961894e+01,0.000000000000000000e+00
2.085000000000000000e+03,3.725419941225629117e+01,8.689799999999999613e+01,6.000000000000000000e+01,3.721817433054522839e-01,4.829033700073316737e+01,8.871902543952399703e-03,-1.141719123432628180e+01,0.000000000000000000e+00
2.086000000000000000e+03,3.725611549605430639e+01,8.693099999999999739e+01,6.000000000000000000e+01,3.721817433054522839e-01,4.829257949450000353e+01,8.716608194954048386e-03,-1.141736234994609944e+01,0.000000000000000000e+00
2.087000000000000000e+03,3.707812148539658637e+01,8.693099999999999739e+01,6.000000000000000000e+01,2.517700028242765287e-01,4.829409647557756813e+01,-5.021267936871320198e-02,-1.141753231363654741e+01,0.000000000000000000e+00
2.088000000000000000e+03,3.708034857290616770e+01,8.689799999999999613e+01,6.000000000000000000e+01,2.517700028242765287e-01,4.829561345665513272e+01,-4.933375342071091851e-02,-1.141770113315253354e+01,0.000000000000000000e+00
2.089000000000000000e+03,3.726247537677888744e+01,8.696299999999999386e+01,6.000000000000000000e+01,3.721817433054522839e-01,4.829785595042196888e+01,1.030649924821495922e-02,-1.141786881619675320e+01,0.000000000000000000e+00
2.090000000000000000e+03,3.690999491968970148e+01,8.689799999999999613e+01,6.000000000000000000e+01,1.350071029637597841e-01,4.829866940404327380e+01,-1.056462168972999854e-01,-1.141803537042003569e+01,0.000000000000000000e+00
2.091000000000000000e+03,3.726686816945152714e+01,8.689799999999999613e+01,6.000000000000000000e+01,3.721817433054522839e-01,4.830091189781010996e+01,1.197533175766284097e-02,-1.141820080342170129e+01,0.000000000000000000e+00
2.092000000000000000e+03,3.726873672691790773e+01,8.693099999999999739e+01,6.000000000000000000e+01,3.721817433054522839e-01,4.830315439157694613e+01,1.176571478541451471e-02,-1.141836512274990234e+01,0.000000000000000000e+00
2.093000000000000000e+03,3.709069609504199150e+01,8.696299999999999386e+01,6.000000000000000000e+01,2.517700028242765287e-01,4.830467137265451072e+01,-4.721694453483440967e-02,-1.141852833590197136e+01,0.000000000000000000e+00
2.094000000000000000e+03,3.691841542376677410e+01,8.686599999999999966e+01,6.000000000000000000e+01,1.350071029637597841e-01,4.830548482627581564e+01,-1.033860551480419443e-01,-1.141869045032476038e+01,0.000000000000000000e+00
2.095000000000000000e+03,3.744971554776842027e+01,8.689799999999999613e+01,6.000000000000000000e+01,4.889446431659690839e-01,4.830843084749891858e+01,7.119153051851466463e-02,-1.141885147341498374e+01,0.000000000000000000e+00
2.096000000000000000e+03,3.727679346244393344e+01,8.693099999999999739e+01,6.000000000000000000e+01,3.721817433054522839e-01,4.831067334126575474e+01,1.294979039227987794e-02,-1.141901141251955565e+01,0.000000000000000000e+00
2.097000000000000000e+03,3.709873645516861984e+01,8.696299999999999386e+01,6.000000000000000000e+01,2.517700028242765287e-01,4.831219032234331934e+01,-4.605359506304796541e-02,-1.141917027493592762e+01,0.000000000000000000e+00
2.098000000000000000e+03,3.692643974199623358e+01,8.693099999999999739e+01,6.000000000000000000e+01,1.350071029637597841e-01,4.831300377596462425e+01,-1.022430690197417003e-01,-1.141932806791241006e+01,0.000000000000000000e+00
2.099000000000000000e+03,3.710334816043839368e+01,8.693099999999999739e+01,6.000000000000000000e+01,2.517700028242765287e-01,4.831452075704218885e+01,-4.345780077954761178e-02,-1.141948479864852395e+01,0.000000000000000000e+00
2.100000000000000000e+03,3.710547015399075832e+01,8.686599999999999966e+01,6.000000000000000000e+01,2.517700028242765287e-01,4.831603773811975344e+01,-4.269711265797213051e-02,-1.141964047429530638e+01,0.000000000000000000e+00
2.101000000000000000e+03,3.746195587140743299e+01,8.693099999999999739e+01,6.000000000000000000e+01,4.889446431659690839e-01,4.831898375934285639e+01,7.382257085426104093e-02,-1.141979510195565517e+01,0.000000000000000000e+00
2.102000000000000000e+03,3.710908011989306488e+01,8.696299999999999386e+01,6.000000000000000000e+01,2.517700028242765287e-01,4.832050074042042098e+01,-4.324193466699689792e-02,-1.141994868868464330e+01,0.000000000000000000e+00
2.103000000000000000e+03,3.693673943140872495e+01,8.696299999999999386e+01,6.000000000000000000e+01,1.350071029637597841e-01,4.832131419404172590e+01,-9.948062410691377311e-02,-1.142010124148984573e+01,0.000000000000000000e+00
2.104000000000000000e+03,3.693914267438888999e+01,8.696299999999999386e+01,6.000000000000000000e+01,1.350071029637597841e-01,4.832212764766303081e+01,-9.773930890624539514e-02,-1.142025276733165740e+01,0.000000000000000000e+00
2.105000000000000000e+03,3.694151645732637235e+01,8.693099999999999739e+01,6.000000000000000000e+01,1.350071029637597841e-01,4.832294110128433573e+01,-9.602847379811060846e-02,-1.142040327312361470e+01,0.000000000000000000e+00
2.106000000000000000e+03,3.711832333322372790e+01,8.696299999999999386e+01,6.000000000000000000e+01,2.517700028242765287e-01,4.832445808236190032e+01,-3.735198622975666183e-02,-1.142055276573269751e+01,0.000000000000000000e+00
2.107000000000000000e+03,3.694588361326384529e+01,8.693099999999999739e+01,6.000000000000000000e+01,1.350071029637597841e-01,4.832527153598320524e+01,-9.369377370345643996e-02,-1.142070125197966313e+01,0.000000000000000000e+00
2.108000000000000000e+03,3.712265162837097421e+01,8.693099999999999739e+01,6.000000000000000000e+01,2.517700028242765287e-01,4.832678851706076983e+01,-3.505815287473466879e-02,-1.142084873863934114e+01,0.000000000000000000e+00
2.109000000000000000e+03,3.712463577579488572e+01,8.696299999999999386e+01,6.000000000000000000e+01,2.517700028242765287e-01,4.832830549813833443e+01,-3.444449272677940072e-02,-1.142099523244095138e+01,0.000000000000000000e+00
2.110000000000000000e+03,3.695214814150246241e+01,8.696299999999999386e+01,6.000000000000000000e+01,1.350071029637597841e-01,4.832911895175963934e+01,-9.083717315252920477e-02,-1.142114074006840951e+01,0.000000000000000000e+00
2.111000000000000000e+03,3.695440708671443986e+01,8.696299999999999386e+01,6.000000000000000000e+01,1.350071029637597841e-01,4.832993240538094426e+01,-8.924715346963849050e-02,-1.142128526816062717e+01,0.000000000000000000e+00
2.112000000000000000e+03,3.695663917306131907e+01,8.696299999999999386e+01,6.000000000000000000e+01,1.350071029637597841e-01,4.833074585900224918e+01,-8.768496559287118630e-02,-1.142142882331182463e+01,0.000000000000000000e+00
2.113000000000000000e+03,3.695884488116297462e+01,8.696299999999999386e+01,6.000000000000000000e+01,1.350071029637597841e-01,4.833155931262355409e+01,-8.615012235251461037e-02,-1.142157141207182391e+01,0.000000000000000000e+00
2.114000000000000000e+03,3.696102468315596212e+01,8.696299999999999386e+01,6.000000000000000000e+01,1.350071029637597841e-01,4.833237276624485901e+01,-8.464214510630582722e-02,-1.142171304094634898e+01,0.000000000000000000e+00
2.115000000000000000e+03,3.696317904284243383e+01,8.696299999999999386e+01,6.000000000000000000e+01,1.350071029637597841e-01,4.833318621986616392e+01,-8.316056359016668620e-02,-1.142185371639732416e+01,0.000000000000000000e+00
2.116000000000000000e+03,3.696530841583650329e+01,8.696299999999999386e+01,6.000000000000000000e+01,1.350071029637597841e-01,4.833399967348746884e+01,-8.170491577155149232e-02,-1.142199344484317258e+01,0.000000000000000000e+00
2.117000000000000000e+03,3.696741324970807341e+01,8.696299999999999386e+01,6.000000000000000000e+01,1.350071029637597841e-01,4.833481312710877376e+01,-8.027474770536176252e-02,-1.142213223265910216e+01,0.000000000000000000e+00
2.118000000000000000e+03,3.696949398412405685e+01,8.696299999999999386e+01,6.000000000000000000e+01,1.350071029637597841e-01,4.833562658073007867e+01,-7.886961339238300617e-02,-1.142227008617740047e+01,0.000000000000000000e+00
2.119000000000000000e+03,3.697155105098722316e+01,8.696299999999999386e+01,6.000000000000000000e+01,1.350071029637597841e-01,4.833644003435138359e+01,-7.748907464019949565e-02,-1.142240701168772254e+01,0.000000000000000000e+00
2.120000000000000000e+03,3.697358487457253062e+01,8.696299999999999386e+01,6.000000000000000000e+01,1.350071029637597841e-01,4.833725348797268850e+01,-7.613270092654354781e-02,-1.142254301543737860e+01,0.000000000000000000e+00
2.121000000000000000e+03,3.697559587166109907e+01,8.696299999999999386e+01,6.000000000000000000e+01,1.350071029637597841e-01,4.833806694159399342e+01,-7.480006926503675324e-02,-1.142267810363162184e+01,0.000000000000000000e+00
2.122000000000000000e+03,3.697758445167185215e+01,8.696299999999999386e+01,6.000000000000000000e+01,1.350071029637597841e-01,4.833888039521529834e+01,-7.349076407328128391e-02,-1.142281228243392377e+01,0.000000000000000000e+00
2.123000000000000000e+03,3.697955101679083612e+01,8.696299999999999386e+01,6.000000000000000000e+01,1.350071029637597841e-01,4.833969384883660325e+01,-7.220437704326018724e-02,-1.142294555796626909e+01,0.000000000000000000e+00
2.124000000000000000e+03,3.698149596209824352e+01,8.696299999999999386e+01,6.000000000000000000e+01,1.350071029637597841e-01,4.834050730245790817e+01,-7.094050701400610170e-02,-1.142307793630942037e+01,0.000000000000000000e+00
2.125000000000000000e+03,3.698341967569326982e+01,8.696299999999999386e+01,6.000000000000000000e+01,1.350071029637597841e-01,4.834132075607921308e+01,-6.969875984649888390e-02,-1.142320942350320578e+01,0.000000000000000000e+00
2.126000000000000000e+03,3.698532253881673881e+01,8.696299999999999386e+01,6.000000000000000000e+01,1.350071029637597841e-01,4.834213420970051800e+01,-6.847874830075297015e-02,-1.142334002554678740e+01,0.000000000000000000e+00
2.127000000000000000e+03,3.698720492597158227e+01,8.696299999999999386e+01,6.000000000000000000e+01,1.350071029637597841e-01,4.834294766332182292e+01,-6.728009191505626707e-02,-1.142346974839894003e+01,0.000000000000000000e+00
2.128000000000000000e+03,3.698906720504123768e+01,8.696299999999999386e+01,6.000000000000000000e+01,1.350071029637597841e-01,4.834376111694312783e+01,-6.610241688732279575e-02,-1.142359859797832833e+01,0.000000000000000000e+00
2.129000000000000000e+03,3.699090973740591437e+01,8.696299999999999386e+01,6.000000000000000000e+01,1.350071029637597841e-01,4.834457457056443275e+01,-6.494535595852214682e-02,-1.142372658016376086e+01,0.000000000000000000e+00
2.130000000000000000e+03,3.699273287805687715e+01,8.696299999999999386e+01,6.000000000000000000e+01,1.350071029637597841e-01,4.834538802418573766e+01,-6.380854829814948392e-02,-1.142385370079447426e+01,0.000000000000000000e+00
2.131000000000000000e+03,3.699453697570871213e+01,8.696299999999999386e+01,6.000000000000000000e+01,1.350071029637597841e-01,4.834620147780704258e+01,-6.269163939170015187e-02,-1.142397996567039087e+01,0.000000000000000000e+00
2.132000000000000000e+03,3.699632237290961001e+01,8.696299999999999386e+01,6.000000000000000000e+01,1.350071029637597841e-01,4.834701493142834750e+01,-6.159428093011404953e-02,-1.142410538055238334e+01,0.000000000000000000e+00
2.133000000000000000e+03,3.699808940614970965e+01,8.696299999999999386e+01,6.000000000000000000e+01,1.350071029637597841e-01,4.834782838504965241e+01,-6.051613070115512139e-02,-1.142422995116255002e+01,0.000000000000000000e+00
2.134000000000000000e+03,3.699983840596757290e+01,8.696299999999999386e+01,6.000000000000000000e+01,1.350071029637597841e-01,4.834864183867095733e+01,-5.945685248269215462e-02,-1.142435368318445832e+01,0.000000000000000000e+00
2.135000000000000000e+03,3.700156969705476229e+01,8.696299999999999386e+01,6.000000000000000000e+01,1.350071029637597841e-01,4.834945529229226224e+01,-5.841611593784760276e-02,-1.142447658226341645e+01,0.000000000000000000e+00
2.136000000000000000e+03,3.700328359835862813e+01,8.696299999999999386e+01,6.000000000000000000e+01,1.350071029637597841e-01,4.835026874591356716e+01,-5.739359651198172596e-02,-1.142459865400672392e+01,0.000000000000000000e+00
2.137000000000000000e+03,3.700498042318322689e+01,8.696299999999999386e+01,6.000000000000000000e+01,1.350071029637597841e-01,4.835108219953487207e+01,-5.638897533147994856e-02,-1.142471990398393089e+01,0.000000000000000000e+00
2.138000000000000000e+03,3.700666047928852720e+01,8.696299999999999386e+01,6.000000000000000000e+01,1.350071029637597841e-01,4.835189565315617699e+01,-5.540193910431180646e-02,-1.142484033772709573e+01,0.000000000000000000e+00
2.139000000000000000e+03,3.700832406898788207e+01,8.696299999999999386e+01,6.000000000000000000e+01,1.350071029637597841e-01,4.835270910677748191e+01,-5.443218002233055769e-02,-1.142495996073102837e+01,0.000000000000000000e+00
2.140000000000000000e+03,3.700997148924371061e+01,8.696299999999999386e+01,6.000000000000000000e+01,1.350071029637597841e-01,4.835352256039878682e+01,-5.347939566528293887e-02,-1.142507877845355146e+01,0.000000000000000000e+00
2.141000000000000000e+03,3.701160303176161648e+01,8.696299999999999386e+01,6.000000000000000000e+01,1.350071029637597841e-01,4.835433601402009174e+01,-5.254328890649910544e-02,-1.142519679631573837e+01,0.000000000000000000e+00
2.142000000000000000e+03,3.701321898308275138e+01,8.696299999999999386e+01,6.000000000000000000e+01,1.350071029637597841e-01,4.835514946764139665e+01,-5.162356782023343887e-02,-1.142531401970217075e+01,0.000000000000000000e+00
2.143000000000000000e+03,3.701481962467465081e+01,8.696299999999999386e+01,6.000000000000000000e+01,1.350071029637597841e-01,4.835596292126270157e+01,-5.071994559062722313e-02,-1.142543045396118373e+01,0.000000000000000000e+00
2.144000000000000000e+03,3.701640523302040719e+01,8.696299999999999386e+01,6.000000000000000000e+01,1.350071029637597841e-01,4.835677637488400649e+01,-4.983214042226485202e-02,-1.142554610440509677e+01,0.000000000000000000e+00
2.145000000000000000e+03,3.701797607970630111e+01,8.696299999999999386e+01,6.000000000000000000e+01,1.350071029637597841e-01,4.835758982850531140e+01,-4.895987545229568694e-02,-1.142566097631047484e+01,0.000000000000000000e+00
2.146000000000000000e+03,3.701953243150792616e+01,8.696299999999999386e+01,6.000000000000000000e+01,1.350071029637597841e-01,4.835840328212661632e+01,-4.810287866409411472e-02,-1.142577507491835753e+01,0.000000000000000000e+00
2.147000000000000000e+03,3.702107455047475071e+01,8.696299999999999386e+01,6.000000000000000000e+01,1.350071029637597841e-01,4.835921673574792123e+01,-4.726088280243091744e-02,-1.142588840543449891e+01,0.000000000000000000e+00
2.148000000000000000e+03,3.702260269401325843e+01,8.696299999999999386e+01,6.000000000000000000e+01,1.350071029637597841e-01,4.836003018936922615e+01,-4.643362529012948214e-02,-1.142600097302960549e+01,0.000000000000000000e+00
2.149000000000000000e+03,3.702411711496853997e+01,8.696299999999999386e+01,6.000000000000000000e+01,1.350071029637597841e-01,4.836084364299053107e+01,-4.562084814618087847e-02,-1.142611278283957610e+01,0.000000000000000000e+00
2.150000000000000000e+03,3.702561806170456293e+01,8.696299999999999386e+01,6.000000000000000000e+01,1.350071029637597841e-01,4.836165709661183598e+01,-4.482229790529223407e-02,-1.142622383996573987e+01,0.000000000000000000e+00
2.151000000000000000e+03,3.702710577818298532e+01,8.696299999999999386e+01,6.000000000000000000e+01,1.350071029637597841e-01,4.836247055023314090e+01,-4.403772553884336555e-02,-1.142633414947507298e+01,0.000000000000000000e+00
2.152000000000000000e+03,3.702858050404054069e+01,8.696299999999999386e+01,6.000000000000000000e+01,1.350071029637597841e-01,4.836328400385444581e+01,-4.326688637722696240e-02,-1.142644371640044376e+01,0.000000000000000000e+00
2.153000000000000000e+03,3.703004247466512311e+01,8.696299999999999386e+01,6.000000000000000000e+01,1.350071029637597841e-01,4.836409745747575073e+01,-4.250954003354815575e-02,-1.142655254574084189e+01,0.000000000000000000e+00
2.154000000000000000e+03,3.703149192127055755e+01,8.696299999999999386e+01,6.000000000000000000e+01,1.350071029637597841e-01,4.836491091109705565e+01,-4.176545032865964374e-02,-1.142666064246160218e+01,0.000000000000000000e+00
2.155000000000000000e+03,3.703292907096998476e+01,8.696299999999999386e+01,6.000000000000000000e+01,1.350071029637597841e-01,4.836572436471836056e+01,-4.103438521750901041e-02,-1.142676801149463017e+01,0.000000000000000000e+00
2.156000000000000000e+03,3.703435414684803106e+01,8.696299999999999386e+01,6.000000000000000000e+01,1.350071029637597841e-01,4.836653781833966548e+01,-4.031611671677526321e-02,-1.142687465773862598e+01,0.000000000000000000e+00
2.157000000000000000e+03,3.703576736803164238e+01,8.696299999999999386e+01,6.000000000000000000e+01,1.350071029637597841e-01,4.836735127196097039e+01,-3.961042083377203094e-02,-1.142698058605931877e+01,0.000000000000000000e+00
2.158000000000000000e+03,3.703716894975976714e+01,8.696299999999999386e+01,6.000000000000000000e+01,1.350071029637597841e-01,4.836816472558227531e+01,-3.891707749659522458e-02,-1.142708580128967810e+01,0.000000000000000000e+00
2.159000000000000000e+03,3.703855910345171054e+01,8.696299999999999386e+01,6.000000000000000000e+01,1.350071029637597841e-01,4.836897817920358023e+01,-3.823587048549344225e-02,-1.142719030823013604e+01,0.000000000000000000e+00
2.160000000000000000e+03,3.703993803677440155e+01,8.696299999999999386e+01,6.000000000000000000e+01,1.350071029637597841e-01,4.836979163282488514e+01,-3.756658736543961458e-02,-1.142729411164880737e+01,0.000000000000000000e+00
2.161000000000000000e+03,3.704130595370835977e+01,8.696299999999999386e+01,6.000000000000000000e+01,1.350071029637597841e-01,4.837060508644619006e+01,-3.690901941988296298e-02,-1.142739721628170813e+01,0.000000000000000000e+00
2.162000000000000000e+03,3.704266305461261766e+01,8.696299999999999386e+01,6.000000000000000000e+01,1.350071029637597841e-01,4.837141854006749497e+01,-3.626296158566055111e-02,-1.142749962683297404e+01,0.000000000000000000e+00
2.163000000000000000e+03,3.704400953628844206e+01,8.696299999999999386e+01,6.000000000000000000e+01,1.350071029637597841e-01,4.837223199368879989e+01,-3.562821238904814725e-02,-1.142760134797507021e+01,0.000000000000000000e+00
2.164000000000000000e+03,3.704534559204192590e+01,8.696299999999999386e+01,6.000000000000000000e+01,1.350071029637597841e-01,4.837304544731010481e+01,-3.500457388293045508e-02,-1.142770238434900776e+01,0.000000000000000000e+00
2.165000000000000000e+03,3.704667141174554956e+01,8.696299999999999386e+01,6.000000000000000000e+01,1.350071029637597841e-01,4.837385890093140972e+01,-3.439185158507114537e-02,-1.142780274056454992e+01,0.000000000000000000e+00
2.166000000000000000e+03,3.704798718189858420e+01,8.696299999999999386e+01,6.000000000000000000e+01,1.350071029637597841e-01,4.837467235455271464e+01,-3.378985441746337748e-02,-1.142790242120042876e+01,0.000000000000000000e+00
2.167000000000000000e+03,3.704929308568648594e+01,8.696299999999999386e+01,6.000000000000000000e+01,1.350071029637597841e-01,4.837548580817401955e+01,-3.319839464674194385e-02,-1.142800143080455477e+01,0.000000000000000000e+00
2.168000000000000000e+03,3.705058930303923148e+01,8.696299999999999386e+01,6.000000000000000000e+01,1.350071029637597841e-01,4.837629926179532447e+01,-3.261728782563845519e-02,-1.142809977389422116e+01,0.000000000000000000e+00
2.169000000000000000e+03,3.705187601068861625e+01,8.696299999999999386e+01,6.000000000000000000e+01,1.350071029637597841e-01,4.837711271541662938e+01,-3.204635273546130314e-02,-1.142819745495631167e+01,0.000000000000000000e+00
2.170000000000000000e+03,3.705315338222461463e+01,8.696299999999999386e+01,6.000000000000000000e+01,1.350071029637597841e-01,4.837792616903793430e+01,-3.148541132958243560e-02,-1.142829447844749780e+01,0.000000000000000000e+00
2.171000000000000000e+03,3.705442158815063181e+01,8.696299999999999386e+01,6.000000000000000000e+01,1.350071029637597841e-01,4.837873962265923922e+01,-3.093428867791334427e-02,-1.142839084879445366e+01,0.000000000000000000e+00
2.172000000000000000e+03,3.705568079593790287e+01,8.696299999999999386e+01,6.000000000000000000e+01,1.350071029637597841e-01,4.837955307628054413e+01,-3.039281291235297611e-02,-1.142848657039405325e+01,0.000000000000000000e+00
2.173000000000000000e+03,3.705693117007885462e+01,8.696299999999999386e+01,6.000000000000000000e+01,1.350071029637597841e-01,4.838036652990184905e+01,-2.986081517319049902e-02,-1.142858164761356754e+01,0.000000000000000000e+00
2.174000000000000000e+03,3.705817287213960043e+01,8.696299999999999386e+01,6.000000000000000000e+01,1.350071029637597841e-01,4.838117998352315396e+01,-2.933812955644624423e-02,-1.142867608479087238e+01,0.000000000000000000e+00
2.175000000000000000e+03,3.705940606081145461e+01,8.696299999999999386e+01,6.000000000000000000e+01,1.350071029637597841e-01,4.838199343714445888e+01,-2.882459306213440778e-02,-1.142876988623463497e+01,0.000000000000000000e+00
2.176000000000000000e+03,3.706063089196157989e+01,8.696299999999999386e+01,6.000000000000000000e+01,1.350071029637597841e-01,4.838280689076576380e+01,-2.832004554343135055e-02,-1.142886305622451815e+01,0.000000000000000000e+00
2.177000000000000000e+03,3.706184751868271832e+01,8.696299999999999386e+01,6.000000000000000000e+01,1.350071029637597841e-01,4.838362034438706871e+01,-2.782432965673366579e-02,-1.142895559901137936e+01,0.000000000000000000e+00
2.178000000000000000e+03,3.706305609134209078e+01,8.696299999999999386e+01,6.000000000000000000e+01,1.350071029637597841e-01,4.838443379800837363e+01,-2.733729081259043611e-02,-1.142904751881745185e+01,0.000000000000000000e+00
2.179000000000000000e+03,3.706425675762939420e+01,8.696299999999999386e+01,6.000000000000000000e+01,1.350071029637597841e-01,4.838524725162967854e+01,-2.685877712749436957e-02,-1.142913881983654889e+01,0.000000000000000000e+00
2.180000000000000000e+03,3.706544966260398155e+01,8.696299999999999386e+01,6.000000000000000000e+01,1.350071029637597841e-01,4.838606070525098346e+01,-2.638863937651679190e-02,-1.142922950623424683e+01,0.000000000000000000e+00
2.181000000000000000e+03,3.706663494874118925e+01,8.696299999999999386e+01,6.000000000000000000e+01,1.350071029637597841e-01,4.838687415887228838e+01,-2.592673094677171511e-02,-1.142931958214808752e+01,0.000000000000000000e+00
2.182000000000000000e+03,3.706781275597791137e+01,8.696299999999999386e+01,6.000000000000000000e+01,1.350071029637597841e-01,4.838768761249359329e+01,-2.547290779169446989e-02,-1.142940905168775068e+01,0.000000000000000000e+00
2.183000000000000000e+03,3.706898322175728566e+01,8.696299999999999386e+01,6.000000000000000000e+01,1.350071029637597841e-01,4.838850106611489821e+01,-2.502702838612066646e-02,-1.142949791893525457e+01,0.000000000000000000e+00
2.184000000000000000e+03,3.707014648107267618e+01,8.696299999999999386e+01,6.000000000000000000e+01,1.350071029637597841e-01,4.838931451973620312e+01,-2.458895368215143276e-02,-1.142958618794513903e+01,0.000000000000000000e+00
2.185000000000000000e+03,3.707130266651083872e+01,8.696299999999999386e+01,6.000000000000000000e+01,1.350071029637597841e-01,4.839012797335750804e+01,-2.415854706579119784e-02,-1.142967386274464303e+01,0.000000000000000000e+00
2.186000000000000000e+03,3.707245190829433312e+01,8.696299999999999386e+01,6.000000000000000000e+01,1.350071029637597841e-01,4.839094142697881296e+01,-2.373567431434450703e-02,-1.142976094733389658e+01,0.000000000000000000e+00
2.187000000000000000e+03,3.707359433432321794e+01,8.696299999999999386e+01,6.000000000000000000e+01,1.350071029637597841e-01,4.839175488060011787e+01,-2.332020355455853566e-02,-1.142984744568610189e+01,0.000000000000000000e+00
2.188000000000000000e+03,3.707473007021597056e+01,8.696299999999999386e+01,6.000000000000000000e+01,1.350071029637597841e-01,4.839256833422142279e+01,-2.291200522149830499e-02,-1.142993336174771279e+01,0.000000000000000000e+00
2.189000000000000000e+03,3.707585923934972527e+01,8.696299999999999386e+01,6.000000000000000000e+01,1.350071029637597841e-01,4.839338178784272770e+01,-2.251095201814173885e-02,-1.143001869943861770e+01,0.000000000000000000e+00
2.190000000000000000e+03,3.707698196289980075e+01,8.696299999999999386e+01,6.000000000000000000e+01,1.350071029637597841e-01,4.839419524146403262e+01,-2.211691887568196374e-02,-1.143010346265231370e+01,0.000000000000000000e+00
2.191000000000000000e+03,3.707809835987848146e+01,8.696299999999999386e+01,6.000000000000000000e+01,1.350071029637597841e-01,4.839500869508533754e+01,-2.172978291452450084e-02,-1.143018765525609126e+01,0.000000000000000000e+00
2.192000000000000000e+03,3.707920854717323778e+01,8.696299999999999386e+01,6.000000000000000000e+01,1.350071029637597841e-01,4.839582214870664245e+01,-2.134942340596713770e-02,-1.143027128109120127e+01,0.000000000000000000e+00
2.193000000000000000e+03,3.708031263958412183e+01,8.696299999999999386e+01,6.000000000000000000e+01,1.350071029637597841e-01,4.839663560232794737e+01,-2.097572173455057934e-02,-1.143035434397303973e+01,0.000000000000000000e+00
2.194000000000000000e+03,3.708141074986063757e+01,8.696299999999999386e+01,6.000000000000000000e+01,1.350071029637597841e-01,4.839744905594925228e+01,-2.060856136106811384e-02,-1.143043684769131474e+01,0.000000000000000000e+00
2.195000000000000000e+03,3.708250298873787187e+01,8.696299999999999386e+01,6.000000000000000000e+01,1.350071029637597841e-01,4.839826250957055720e+01,-2.024782778622274959e-02,-1.143051879601022414e+01,0.000000000000000000e+00
2.196000000000000000e+03,3.708358946497207853e+01,8.696299999999999386e+01,6.000000000000000000e+01,1.350071029637597841e-01,4.839907596319186212e+01,-1.989340851492049991e-02,-1.143060019266862604e+01,0.000000000000000000e+00
2.197000000000000000e+03,3.708467028537553745e+01,8.696299999999999386e+01,6.000000000000000000e+01,1.350071029637597841e-01,4.839988941681316703e+01,-1.954519302118869553e-02,-1.143068104138020402e+01,0.000000000000000000e+00
2.198000000000000000e+03,3.708574555485088098e+01,8.696299999999999386e+01,6.000000000000000000e+01,1.350071029637597841e-01,4.840070287043447195e+01,-1.920307271370835442e-02,-1.143076134583364656e+01,0.000000000000000000e+00
2.199000000000000000e+03,3.708681537642478077e+01,8.696299999999999386e+01,6.000000000000000000e+01,1.350071029637597841e-01,4.840151632405577686e+01,-1.886694090194988155e-02,-1.143084110969280864e+01,0.000000000000000000e+00
2.200000000000000000e+03,3.708787985128106612e+01,8.696299999999999386e+01,6.000000000000000000e+01,1.350071029637597841e-01,4.840232977767708178e+01,-1.853669276290152365e-02,-1.143092033659687878e+01,0.000000000000000000e+00
2.201000000000000000e+03,3.708893907879321716e+01,8.696299999999999386e+01,6.000000000000000000e+01,1.350071029637597841e-01,4.840314323129838670e+01,-1.821222530838022963e-02,-1.143099903016054952e+01,0.000000000000000000e+00
2.202000000000000000e+03,3.708999315655636053e+01,8.696299999999999386e+01,6.000000000000000000e+01,1.350071029637597841e-01,4.840395668491969161e+01,-1.789343735291468174e-02,-1.143107719397417910e+01,0.000000000000000000e+00
2.203000000000000000e+03,3.709104218041861145e+01,8.696299999999999386e+01,6.000000000000000000e+01,1.350071029637597841e-01,4.840477013854099653e+01,-1.758022948219051598e-02,-1.143115483160395485e+01,0.000000000000000000e+00
2.204000000000000000e+03,3.709208624451196101e+01,8.696299999999999386e+01,6.000000000000000000e+01,1.350071029637597841e-01,4.840558359216230144e+01,-1.727250402204787844e-02,-1.143123194659205488e+01,0.000000000000000000e+00
2.205000000000000000e+03,3.709312544128253109e+01,8.696299999999999386e+01,6.000000000000000000e+01,1.350071029637597841e-01,4.840639704578360636e+01,-1.697016500802165512e-02,-1.143130854245681682e+01,0.000000000000000000e+00
2.206000000000000000e+03,3.709415986152036737e+01,8.696299999999999386e+01,6.000000000000000000e+01,1.350071029637597841e-01,4.840721049940491127e+01,-1.667311815541485526e-02,-1.143138462269288880e+01,0.000000000000000000e+00
2.207000000000000000e+03,3.709518959438868535e+01,8.696299999999999386e+01,6.000000000000000000e+01,1.350071029637597841e-01,4.840802395302621619e+01,-1.638127082989585329e-02,-1.143146019077139641e+01,0.000000000000000000e+00
2.208000000000000000e+03,3.709621472745257620e+01,8.696299999999999386e+01,6.000000000000000000e+01,1.350071029637597841e-01,4.840883740664752111e+01,-1.609453201861028165e-02,-1.143153525014009197e+01,0.000000000000000000e+00
2.209000000000000000e+03,3.709723534670726508e+01,8.696299999999999386e+01,6.000000000000000000e+01,1.350071029637597841e-01,4.840965086026882602e+01,-1.581281230179859207e-02,-1.143160980422352324e+01,0.000000000000000000e+00
2.210000000000000000e+03,3.709825153660580099e+01,8.696299999999999386e+01,6.000000000000000000e+01,1.350071029637597841e-01,4.841046431389013094e+01,-1.553602382491041552e-02,-1.143168385642318619e+01,0.000000000000000000e+00
2.211000000000000000e+03,3.709926338008632030e+01,8.696299999999999386e+01,6.000000000000000000e+01,1.350071029637597841e-01,4.841127776751143585e+01,-1.526408027120705266e-02,-1.143175741011767066e+01,0.000000000000000000e+00
2.212000000000000000e+03,3.710027095859882706e+01,8.696299999999999386e+01,6.000000000000000000e+01,1.350071029637597841e-01,4.841209122113274077e+01,-1.499689683484350944e-02,-1.143183046866282915e+01,0.000000000000000000e+00
2.213000000000000000e+03,3.710127435213146896e+01,8.696299999999999386e+01,6.000000000000000000e+01,1.350071029637597841e-01,4.841290467475404569e+01,-1.473439019442172350e-02,-1.143190303539192065e+01,0.000000000000000000e+00
2.214000000000000000e+03,3.710227363923634414e+01,8.696299999999999386e+01,6.000000000000000000e+01,1.350071029637597841e-01,4.841371812837535060e+01,-1.447647848700670675e-02,-1.143197511361576346e+01,0.000000000000000000e+00
2.215000000000000000e+03,3.710326889705493159e+01,8.696299999999999386e+01,6.000000000000000000e+01,1.350071029637597841e-01,4.841453158199665552e+01,-1.422308128259751510e-02,-1.143204670662288969e+01,0.000000000000000000e+00
2.216000000000000000e+03,3.710426020134298142e+01,8.696299999999999386e+01,6.000000000000000000e+01,1.350071029637597841e-01,4.841534503561796043e+01,-1.397411955904508118e-02,-1.143211781767969271e+01,0.000000000000000000e+00
2.217000000000000000e+03,3.710524762649503572e+01,8.696299999999999386e+01,6.000000000000000000e+01,1.350071029637597841e-01,4.841615848923926535e+01,-1.372951567740908485e-02,-1.143218845003057815e+01,0.000000000000000000e+00
2.218000000000000000e+03,3.710623124556848040e+01,8.696299999999999386e+01,6.000000000000000000e+01,1.350071029637597841e-01,4.841697194286057027e+01,-1.348919335774617645e-02,-1.143225860689810602e+01,0.000000000000000000e+00
2.219000000000000000e+03,3.710721113030716367e+01,8.696299999999999386e+01,6.000000000000000000e+01,1.350071029637597841e-01,4.841778539648187518e+01,-1.325307765532201046e-02,-1.143232829148314877e+01,0.000000000000000000e+00
2.220000000000000000e+03,3.710818735116468048e+01,8.696299999999999386e+01,6.000000000000000000e+01,1.350071029637597841e-01,4.841859885010318010e+01,-1.302109493723965783e-02,-1.143239750696502632e+01,0.000000000000000000e+00
2.221000000000000000e+03,3.710915997732710991e+01,8.696299999999999386e+01,6.000000000000000000e+01,1.350071029637597841e-01,4.841941230372448501e+01,-1.279317285947712338e-02,-1.143246625650165882e+01,0.000000000000000000e+00
2.222000000000000000e+03,3.711012907673551808e+01,8.696299999999999386e+01,6.000000000000000000e+01,1.350071029637597841e-01,4.842022575734578993e+01,-1.256924034432679339e-02,-1.143253454322970697e+01,0.000000000000000000e+00
2.223000000000000000e+03,3.711109471610791388e+01,8.696299999999999386e+01,6.000000000000000000e+01,1.350071029637597841e-01,4.842103921096709485e+01,-1.234922755822979307e-02,-1.143260237026471238e+01,0.000000000000000000e+00
2.224000000000000000e+03,3.711205696096091344e+01,8.696299999999999386e+01,6.000000000000000000e+01,1.350071029637597841e-01,4.842185266458839976e+01,-1.213306588999832174e-02,-1.143266974070125030e+01,0.000000000000000000e+00
2.225000000000000000e+03,3.711301587563099247e+01,8.696299999999999386e+01,6.000000000000000000e+01,1.350071029637597841e-01,4.842266611820970468e+01,-1.192068792941919364e-02,-1.143273665761305757e+01,0.000000000000000000e+00
2.226000000000000000e+03,3.711397152329536198e+01,8.696299999999999386e+01,6.000000000000000000e+01,1.350071029637597841e-01,4.842347957183100959e+01,-1.171202744623190371e-02,-1.143280312405318000e+01,0.000000000000000000e+00
2.227000000000000000e+03,3.711492396599248877e+01,8.696299999999999386e+01,6.000000000000000000e+01,1.350071029637597841e-01,4.842429302545231451e+01,-1.150701936947465774e-02,-1.143286914305411095e+01,0.000000000000000000e+00
2.228000000000000000e+03,3.711587326464226066e+01,8.696299999999999386e+01,6.000000000000000000e+01,1.350071029637597841e-01,4.842510647907361943e+01,-1.130559976719193449e-02,-1.143293471762793168e+01,0.000000000000000000e+00
2.229000000000000000e+03,3.711681947906574663e+01,8.696299999999999386e+01,6.000000000000000000e+01,1.350071029637597841e-01,4.842591993269492434e+01,-1.110770582649724635e-02,-1.143299985076644276e+01,0.000000000000000000e+00
2.230000000000000000e+03,3.711776266800469415e+01,8.696299999999999386e+01,6.000000000000000000e+01,1.350071029637597841e-01,4.842673338631622926e+01,-1.091327583398488468e-02,-1.143306454544130979e+01,0.000000000000000000e+00
2.231000000000000000e+03,3.711870288914062144e+01,8.696299999999999386e+01,6.000000000000000000e+01,1.350071029637597841e-01,4.842754683993753417e+01,-1.072224915648453680e-02,-1.143312880460418945e+01,0.000000000000000000e+00
2.232000000000000000e+03,3.711964019911357582e+01,8.696299999999999386e+01,6.000000000000000000e+01,1.350071029637597841e-01,4.842836029355883909e+01,-1.053456622215277749e-02,-1.143319263118686813e+01,0.000000000000000000e+00
2.233000000000000000e+03,3.712057465354061492e+01,8.696299999999999386e+01,6.000000000000000000e+01,1.350071029637597841e-01,4.842917374718014401e+01,-1.035016850189553715e-02,-1.143325602810139685e+01,0.000000000000000000e+00
2.234000000000000000e+03,3.712150630703386867e+01,8.696299999999999386e+01,6.000000000000000000e+01,1.350071029637597841e-01,4.842998720080144892e+01,-1.016899849111574730e-02,-1.143331899824022280e+01,0.000000000000000000e+00
2.235000000000000000e+03,3.712243521321841655e+01,8.696299999999999386e+01,6.000000000000000000e+01,1.350071029637597841e-01,4.843080065442275384e+01,-9.990999691780480529e-03,-1.143338154447632071e+01,0.000000000000000000e+00
2.236000000000000000e+03,3.712336142474968881e+01,8.696299999999999386e+01,6.000000000000000000e+01,1.350071029637597841e-01,4.843161410804405875e+01,-9.816116594801986908e-03,-1.143344366966333148e+01,0.000000000000000000e+00
2.237000000000000000e+03,3.712428499333072551e+01,8.696299999999999386e+01,6.000000000000000000e+01,1.350071029637597841e-01,4.843242756166536367e+01,-9.644294662727136494e-03,-1.143350537663567401e+01,0.000000000000000000e+00
2.238000000000000000e+03,3.712520596972900933e+01,8.696299999999999386e+01,6.000000000000000000e+01,1.350071029637597841e-01,4.843324101528666858e+01,-9.475480312729864241e-03,-1.143356666820869272e+01,0.000000000000000000e+00
2.239000000000000000e+03,3.712612440379305667e+01,8.696299999999999386e+01,6.000000000000000000e+01,1.350071029637597841e-01,4.843405446890797350e+01,-9.309620899901314278e-03,-1.143362754717878005e+01,0.000000000000000000e+00
2.240000000000000000e+03,3.712704034446869628e+01,8.696299999999999386e+01,6.000000000000000000e+01,1.350071029637597841e-01,4.843486792252927842e+01,-9.146664700832479386e-03,-1.143368801632350440e+01,0.000000000000000000e+00
2.241000000000000000e+03,3.712795383981512742e+01,8.696299999999999386e+01,6.000000000000000000e+01,1.350071029637597841e-01,4.843568137615058333e+01,-8.986560897484209554e-03,-1.143374807840173268e+01,0.000000000000000000e+00
2.242000000000000000e+03,3.712886493702055191e+01,8.696299999999999386e+01,6.000000000000000000e+01,1.350071029637597841e-01,4.843649482977188825e+01,-8.829259561339558929e-03,-1.143380773615376178e+01,0.000000000000000000e+00
2.243000000000000000e+03,3.712977368241768517e+01,8.696299999999999386e+01,6.000000000000000000e+01,1.350071029637597841e-01,4.843730828339319316e+01,-8.674711637833530664e-03,-1.143386699230144110e+01,0.000000000000000000e+00
2.244000000000000000e+03,3.713068012149891217e+01,8.696299999999999386e+01,6.000000000000000000e+01,1.350071029637597841e-01,4.843812173701449808e+01,-8.522868931055371106e-03,-1.143392584954829339e+01,0.000000000000000000e+00
2.245000000000000000e+03,3.713158429893120172e+01,8.696299999999999386e+01,6.000000000000000000e+01,1.350071029637597841e-01,4.843893519063580300e+01,-8.373684088718625490e-03,-1.143398431057964970e+01,0.000000000000000000e+00
2.246000000000000000e+03,3.713248625857072227e+01,8.696299999999999386e+01,6.000000000000000000e+01,1.350071029637597841e-01,4.843974864425710791e+01,-8.227110587394287008e-03,-1.143404237806275603e+01,0.000000000000000000e+00
2.247000000000000000e+03,3.713338604347726601e+01,8.696299999999999386e+01,6.000000000000000000e+01,1.350071029637597841e-01,4.844056209787841283e+01,-8.083102718002424872e-03,-1.143410005464690649e+01,0.000000000000000000e+00
2.248000000000000000e+03,3.713428369592836020e+01,8.696299999999999386e+01,6.000000000000000000e+01,1.350071029637597841e-01,4.844137555149971774e+01,-7.941615571557760281e-03,-1.143415734296356234e+01,0.000000000000000000e+00
2.249000000000000000e+03,3.713517925743315828e+01,8.696299999999999386e+01,6.000000000000000000e+01,1.350071029637597841e-01,4.844218900512102266e+01,-7.802605025164765021e-03,-1.143421424562646393e+01,0.000000000000000000e+00
2.250000000000000000e+03,3.713607276874607521e+01,8.696299999999999386e+01,6.000000000000000000e+01,1.350071029637597841e-01,4.844300245874232758e+01,-7.666027728257892963e-03,-1.143427076523176211e+01,0.000000000000000000e+00
2.251000000000000000e+03,3.713696426988018118e+01,8.696299999999999386e+01,6.000000000000000000e+01,1.350071029637597841e-01,4.844381591236363249e+01,-7.531841089082666647e-03,-1.143432690435812837e+01,0.000000000000000000e+00
2.252000000000000000e+03,3.713785380012041060e+01,8.696299999999999386e+01,6.000000000000000000e+01,1.350071029637597841e-01,4.844462936598493741e+01,-7.400003261413400958e-03,-1.143438266556687388e+01,0.000000000000000000e+00
2.253000000000000000e+03,3.713874139803643004e+01,8.696299999999999386e+01,6.000000000000000000e+01,1.350071029637597841e-01,4.844544281960624232e+01,-7.270473131503417917e-03,-1.143443805140206848e+01,0.000000000000000000e+00
2.254000000000000000e+03,3.713962710149537827e+01,8.696299999999999386e+01,6.000000000000000000e+01,1.350071029637597841e-01,4.844625627322754724e+01,-7.143210305263688990e-03,-1.143449306439066149e+01,0.000000000000000000e+00
2.255000000000000000e+03,3.714051094767437178e+01,8.696299999999999386e+01,6.000000000000000000e+01,1.350071029637597841e-01,4.844706972684885216e+01,-7.018175095665901177e-03,-1.143454770704257939e+01,0.000000000000000000e+00
2.256000000000000000e+03,3.714139297307268350e+01,8.696299999999999386e+01,6.000000000000000000e+01,1.350071029637597841e-01,4.844788318047015707e+01,-6.895328510366021194e-03,-1.143460198185086441e+01,0.000000000000000000e+00
2.257000000000000000e+03,3.714227321352390732e+01,8.696299999999999386e+01,6.000000000000000000e+01,1.350071029637597841e-01,4.844869663409146199e+01,-6.774632239544496268e-03,-1.143465589129176863e+01,0.000000000000000000e+00
2.258000000000000000e+03,3.714315170420769618e+01,8.696299999999999386e+01,6.000000000000000000e+01,1.350071029637597841e-01,4.844951008771276690e+01,-6.656048643959302895e-03,-1.143470943782487481e+01,0.000000000000000000e+00
2.259000000000000000e+03,3.714402847966141508e+01,8.696299999999999386e+01,6.000000000000000000e+01,1.350071029637597841e-01,4.845032354133407182e+01,-6.539540743208115646e-03,-1.143476262389321185e+01,0.000000000000000000e+00
2.260000000000000000e+03,3.714490357379158780e+01,8.696299999999999386e+01,6.000000000000000000e+01,1.350071029637597841e-01,4.845113699495537674e+01,-6.425072204195933154e-03,-1.143481545192335780e+01,0.000000000000000000e+00
2.261000000000000000e+03,3.714577701988508096e+01,8.696299999999999386e+01,6.000000000000000000e+01,1.350071029637597841e-01,4.845195044857668165e+01,-6.312607329804572134e-03,-1.143486792432556065e+01,0.000000000000000000e+00
2.262000000000000000e+03,3.714664885062014577e+01,8.696299999999999386e+01,6.000000000000000000e+01,1.350071029637597841e-01,4.845276390219798657e+01,-6.202111047760485406e-03,-1.143492004349383784e+01,0.000000000000000000e+00
2.263000000000000000e+03,3.714751909807726094e+01,8.696299999999999386e+01,6.000000000000000000e+01,1.350071029637597841e-01,4.845357735581929148e+01,-6.093548899697443129e-03,-1.143497181180609523e+01,0.000000000000000000e+00
2.264000000000000000e+03,3.714838779374971978e+01,8.696299999999999386e+01,6.000000000000000000e+01,1.350071029637597841e-01,4.845439080944059640e+01,-5.986887030410659866e-03,-1.143502323162422840e+01,0.000000000000000000e+00
2.265000000000000000e+03,3.714925496855413201e+01,8.696299999999999386e+01,6.000000000000000000e+01,1.350071029637597841e-01,4.845520426306190132e+01,-5.882092177299018572e-03,-1.143507430529423274e+01,0.000000000000000000e+00
2.266000000000000000e+03,3.715012065284066267e+01,8.696299999999999386e+01,6.000000000000000000e+01,1.350071029637597841e-01,4.845601771668320623e+01,-5.779131659992096416e-03,-1.143512503514631184e+01,0.000000000000000000e+00
2.267000000000000000e+03,3.715098487640312896e+01,8.696299999999999386e+01,6.000000000000000000e+01,1.350071029637597841e-01,4.845683117030451115e+01,-5.677973370158762370e-03,-1.143517542349498406e+01,0.000000000000000000e+00
2.268000000000000000e+03,3.715184766848890519e+01,8.696299999999999386e+01,6.000000000000000000e+01,1.350071029637597841e-01,4.845764462392581606e+01,-5.578585761494165955e-03,-1.143522547263918376e+01,0.000000000000000000e+00
2.269000000000000000e+03,3.715270905780862876e+01,8.696299999999999386e+01,6.000000000000000000e+01,1.350071029637597841e-01,4.845845807754712098e+01,-5.480937839881992908e-03,-1.143527518486237149e+01,0.000000000000000000e+00
2.270000000000000000e+03,3.715356907254582808e+01,8.696299999999999386e+01,6.000000000000000000e+01,1.350071029637597841e-01,4.845927153116842589e+01,-5.384999153728919907e-03,-1.143532456243263340e+01,0.000000000000000000e+00
2.271000000000000000e+03,3.715442774036623064e+01,8.696299999999999386e+01,6.000000000000000000e+01,1.350071029637597841e-01,4.846008498478973081e+01,-5.290739784468259481e-03,-1.143537360760279142e+01,0.000000000000000000e+00
2.272000000000000000e+03,3.715528508842707822e+01,8.696299999999999386e+01,6.000000000000000000e+01,1.350071029637597841e-01,4.846089843841103573e+01,-5.198130337229826987e-03,-1.143542232261049563e+01,0.000000000000000000e+00
2.273000000000000000e+03,3.715614114338608687e+01,8.696299999999999386e+01,6.000000000000000000e+01,1.350071029637597841e-01,4.846171189203234064e+01,-5.107141931673124004e-03,-1.143547070967833967e+01,0.000000000000000000e+00
2.274000000000000000e+03,3.715699593141047075e+01,8.696299999999999386e+01,6.000000000000000000e+01,1.350071029637597841e-01,4.846252534565364556e+01,-5.017746192980977564e-03,-1.143551877101395320e+01,0.000000000000000000e+00
2.275000000000000000e+03,3.715784947818560369e+01,8.696299999999999386e+01,6.000000000000000000e+01,1.350071029637597841e-01,4.846333879927495047e+01,-4.929915243010827598e-03,-1.143556650881009951e+01,0.000000000000000000e+00
2.276000000000000000e+03,3.715870180892363095e+01,8.696299999999999386e+01,6.000000000000000000e+01,1.350071029637597841e-01,4.846415225289625539e+01,-4.843621691600901759e-03,-1.143561392524478570e+01,0.000000000000000000e+00
2.277000000000000000e+03,3.715955294837193890e+01,8.696299999999999386e+01,6.000000000000000000e+01,1.350071029637597841e-01,4.846496570651756031e+01,-4.758838628028569731e-03,-1.143566102248135685e+01,0.000000000000000000e+00
2.278000000000000000e+03,3.716040292082141150e+01,8.696299999999999386e+01,6.000000000000000000e+01,1.350071029637597841e-01,4.846577916013886522e+01,-4.675539612618209891e-03,-1.143570780266859188e+01,0.000000000000000000e+00
2.279000000000000000e+03,3.716125175011463000e+01,8.696299999999999386e+01,6.000000000000000000e+01,1.350071029637597841e-01,4.846659261376017014e+01,-4.593698668495972345e-03,-1.143575426794080485e+01,0.000000000000000000e+00
2.280000000000000000e+03,3.716209945965380257e+01,8.696299999999999386e+01,6.000000000000000000e+01,1.350071029637597841e-01,4.846740606738147505e+01,-4.513290273488866633e-03,-1.143580042041794798e+01,0.000000000000000000e+00
2.281000000000000000e+03,3.716294607240867975e+01,8.696299999999999386e+01,6.000000000000000000e+01,1.350071029637597841e-01,4.846821952100277997e+01,-4.434289352165648318e-03,-1.143584626220569334e+01,0.000000000000000000e+00
2.282000000000000000e+03,3.716379161092428518e+01,8.696299999999999386e+01,6.000000000000000000e+01,1.350071029637597841e-01,4.846903297462408489e+01,-4.356671268017024701e-03,-1.143589179539554301e+01,0.000000000000000000e+00
2.283000000000000000e+03,3.716463609732846152e+01,8.696299999999999386e+01,6.000000000000000000e+01,1.350071029637597841e-01,4.846984642824538980e+01,-4.280411815772736280e-03,-1.143593702206491969e+01,0.000000000000000000e+00
2.284000000000000000e+03,3.716547955333934539e+01,8.696299999999999386e+01,6.000000000000000000e+01,1.350071029637597841e-01,4.847065988186669472e+01,-4.205487213853119181e-03,-1.143598194427726078e+01,0.000000000000000000e+00
2.285000000000000000e+03,3.716632200027270017e+01,8.696299999999999386e+01,6.000000000000000000e+01,1.350071029637597841e-01,4.847147333548799963e+01,-4.131874096952799745e-03,-1.143602656408210727e+01,0.000000000000000000e+00
2.286000000000000000e+03,3.716716345904909957e+01,8.696299999999999386e+01,6.000000000000000000e+01,1.350071029637597841e-01,4.847228678910930455e+01,-4.059549508754203666e-03,-1.143607088351521206e+01,0.000000000000000000e+00
2.287000000000000000e+03,3.716800395020098335e+01,8.696299999999999386e+01,6.000000000000000000e+01,1.350071029637597841e-01,4.847310024273060947e+01,-3.988490894768605480e-03,-1.143611490459861990e+01,0.000000000000000000e+00
2.288000000000000000e+03,3.716884349387961350e+01,8.696299999999999386e+01,6.000000000000000000e+01,1.350071029637597841e-01,4.847391369635191438e+01,-3.918676095302491870e-03,-1.143615862934076155e+01,0.000000000000000000e+00
2.289000000000000000e+03,3.716968210986188126e+01,8.696299999999999386e+01,6.000000000000000000e+01,1.350071029637597841e-01,4.847472714997321930e+01,-3.850083338547040466e-03,-1.143620205973655146e+01,0.000000000000000000e+00
2.290000000000000000e+03,3.717051981755702883e+01,8.696299999999999386e+01,6.000000000000000000e+01,1.350071029637597841e-01,4.847554060359452421e+01,-3.782691233788561345e-03,-1.143624519776747128e+01,0.000000000000000000e+00
2.291000000000000000e+03,3.717135663601318640e+01,8.696299999999999386e+01,6.000000000000000000e+01,1.350071029637597841e-01,4.847635405721582913e+01,-3.716478764737784005e-03,-1.143628804540166399e+01,0.000000000000000000e+00
2.292000000000000000e+03,3.717219258392389492e+01,8.696299999999999386e+01,6.000000000000000000e+01,1.350071029637597841e-01,4.847716751083713405e+01,-3.651425282975908140e-03,-1.143633060459402451e+01,0.000000000000000000e+00
2.293000000000000000e+03,3.717302767963439436e+01,8.696299999999999386e+01,6.000000000000000000e+01,1.350071029637597841e-01,4.847798096445843896e+01,-3.587510501515375587e-03,-1.143637287728629026e+01,0.000000000000000000e+00
2.294000000000000000e+03,3.717386194114791920e+01,8.696299999999999386e+01,6.000000000000000000e+01,1.350071029637597841e-01,4.847879441807974388e+01,-3.524714488473354185e-03,-1.143641486540711938e+01,0.000000000000000000e+00
2.295000000000000000e+03,3.717469538613175928e+01,8.696299999999999386e+01,6.000000000000000000e+01,1.350071029637597841e-01,4.847960787170104879e+01,-3.463017660855963360e-03,-1.143645657087219725e+01,0.000000000000000000e+00
2.296000000000000000e+03,3.717552803192336341e+01,8.696299999999999386e+01,6.000000000000000000e+01,1.350071029637597841e-01,4.848042132532235371e+01,-3.402400778451297649e-03,-1.143649799558430225e+01,0.000000000000000000e+00
2.297000000000000000e+03,3.717635989553618003e+01,8.696299999999999386e+01,6.000000000000000000e+01,1.350071029637597841e-01,4.848123477894365863e+01,-3.342844937829350833e-03,-1.143653914143341233e+01,0.000000000000000000e+00
2.298000000000000000e+03,3.717719099366549784e+01,8.696299999999999386e+01,6.000000000000000000e+01,1.350071029637597841e-01,4.848204823256496354e+01,-3.284331566446962829e-03,-1.143658001029677962e+01,0.000000000000000000e+00
2.299000000000000000e+03,3.717802134269415859e+01,8.696299999999999386e+01,6.000000000000000000e+01,1.350071029637597841e-01,4.848286168618626846e+01,-3.226842416855956169e-03,-1.143662060403901393e+01,0.000000000000000000e+00
2.300000000000000000e+03,3.717885095869814904e+01,8.696299999999999386e+01,6.000000000000000000e+01,1.350071029637597841e-01,4.848367513980757337e+01,-3.170359561012651897e-03,-1.143666092451217864e+01,0.000000000000000000e+00
2.301000000000000000e+03,3.717967985745207926e+01,8.696299999999999386e+01,6.000000000000000000e+01,1.350071029637597841e-01,4.848448859342887829e+01,-3.114865384686992845e-03,-1.143670097355587068e+01,0.000000000000000000e+00
2.302000000000000000e+03,3.718050805443468221e+01,8.696299999999999386e+01,6.000000000000000000e+01,1.350071029637597841e-01,4.848530204705018321e+01,-3.060342581969531343e-03,-1.143674075299729864e+01,0.000000000000000000e+00
2.303000000000000000e+03,3.718133556483400071e+01,8.696299999999999386e+01,6.000000000000000000e+01,1.350071029637597841e-01,4.848611550067148812e+01,-3.006774149874563099e-03,-1.143678026465137521e+01,0.000000000000000000e+00
2.304000000000000000e+03,3.718216240355273072e+01,8.696299999999999386e+01,6.000000000000000000e+01,1.350071029637597841e-01,4.848692895429279304e+01,-2.954143383037732828e-03,-1.143681951032078814e+01,0.000000000000000000e+00
2.305000000000000000e+03,3.718298858521325911e+01,8.696299999999999386e+01,6.000000000000000000e+01,1.350071029637597841e-01,4.848774240791409795e+01,-2.902433868506450187e-03,-1.143685849179609626e+01,0.000000000000000000e+00
2.306000000000000000e+03,3.718381412416273690e+01,8.696299999999999386e+01,6.000000000000000000e+01,1.350071029637597841e-01,4.848855586153540287e+01,-2.851629480621495783e-03,-1.143689721085580580e+01,0.000000000000000000e+00
2.307000000000000000e+03,3.718463903447803887e+01,8.696299999999999386e+01,6.000000000000000000e+01,1.350071029637597841e-01,4.848936931515670778e+01,-2.801714375988218712e-03,-1.143693566926644323e+01,0.000000000000000000e+00
2.308000000000000000e+03,3.718546332997058812e+01,8.696299999999999386e+01,6.000000000000000000e+01,1.350071029637597841e-01,4.849018276877801270e+01,-2.752672988535761339e-03,-1.143697386878265121e+01,0.000000000000000000e+00
2.309000000000000000e+03,3.718628702419115939e+01,8.696299999999999386e+01,6.000000000000000000e+01,1.350071029637597841e-01,4.849099622239931762e+01,-2.704490024662764818e-03,-1.143701181114725429e+01,0.000000000000000000e+00
2.310000000000000000e+03,3.718711013043456859e+01,8.696299999999999386e+01,6.000000000000000000e+01,1.350071029637597841e-01,4.849180967602062253e+01,-2.657150458468045262e-03,-1.143704949809134774e+01,0.000000000000000000e+00
2.311000000000000000e+03,3.718793266174425582e+01,8.696299999999999386e+01,6.000000000000000000e+01,1.350071029637597841e-01,4.849262312964192745e+01,-2.610639527064753055e-03,-1.143708693133437038e+01,0.000000000000000000e+00
2.312000000000000000e+03,3.718875463091683287e+01,8.696299999999999386e+01,6.000000000000000000e+01,1.350071029637597841e-01,4.849343658326323236e+01,-2.564942725976553789e-03,-1.143712411258418804e+01,0.000000000000000000e+00
2.313000000000000000e+03,3.718957605050650983e+01,8.696299999999999386e+01,6.000000000000000000e+01,1.350071029637597841e-01,4.849425003688453728e+01,-2.520045804614393179e-03,-1.143716104353717355e+01,0.000000000000000000e+00
2.314000000000000000e+03,3.719039693282950054e+01,8.696299999999999386e+01,6.000000000000000000e+01,1.350071029637597841e-01,4.849506349050584220e+01,-2.475934761832438661e-03,-1.143719772587827421e+01,0.000000000000000000e+00
2.315000000000000000e+03,3.719121728996825027e+01,8.696299999999999386e+01,6.000000000000000000e+01,1.350071029637597841e-01,4.849587694412714711e+01,-2.432595841561808591e-03,-1.143723416128109882e+01,0.000000000000000000e+00
2.316000000000000000e+03,3.719203713377571319e+01,8.696299999999999386e+01,6.000000000000000000e+01,1.350071029637597841e-01,4.849669039774845203e+01,-2.390015528520729893e-03,-1.143727035140798343e+01,0.000000000000000000e+00
2.317000000000000000e+03,3.719285647587943799e+01,8.696299999999999386e+01,6.000000000000000000e+01,1.350071029637597841e-01,4.849750385136975694e+01,-2.348180543999785382e-03,-1.143730629791008013e+01,0.000000000000000000e+00
2.318000000000000000e+03,3.719367532768568196e+01,8.696299999999999386e+01,6.000000000000000000e+01,1.350071029637597841e-01,4.849831730499106186e+01,-2.307077841720936266e-03,-1.143734200242742460e+01,0.000000000000000000e+00
2.319000000000000000e+03,3.719449370038334735e+01,8.696299999999999386e+01,6.000000000000000000e+01,1.350071029637597841e-01,4.849913075861236678e+01,-2.266694603769027917e-03,-1.143737746658901244e+01,0.000000000000000000e+00
2.320000000000000000e+03,3.719531160494796751e+01,8.696299999999999386e+01,6.000000000000000000e+01,1.350071029637597841e-01,4.849994421223367169e+01,-2.227018236594511223e-03,-1.143741269201286848e+01,0.000000000000000000e+00
2.321000000000000000e+03,3.719612905214552256e+01,8.696299999999999386e+01,6.000000000000000000e+01,1.350071029637597841e-01,4.850075766585497661e+01,-2.188036367086133166e-03,-1.143744768030612846e+01,0.000000000000000000e+00
2.322000000000000000e+03,3.719694605253621944e+01,8.696299999999999386e+01,6.000000000000000000e+01,1.350071029637597841e-01,4.850157111947628152e+01,-2.149736838712371003e-03,-1.143748243306511014e+01,0.000000000000000000e+00
2.323000000000000000e+03,3.719776261647823645e+01,8.696299999999999386e+01,6.000000000000000000e+01,1.350071029637597841e-01,4.850238457309758644e+01,-2.112107707730406618e-03,-1.143751695187538253e+01,0.000000000000000000e+00
2.324000000000000000e+03,3.719857875413134707e+01,8.696299999999999386e+01,6.000000000000000000e+01,1.350071029637597841e-01,4.850319802671889136e+01,-2.075137239461458376e-03,-1.143755123831184406e+01,0.000000000000000000e+00
2.325000000000000000e+03,3.719939447546053657e+01,8.696299999999999386e+01,6.000000000000000000e+01,1.350071029637597841e-01,4.850401148034019627e+01,-2.038813904631312998e-03,-1.143758529393879009e+01,0.000000000000000000e+00
2.326000000000000000e+03,3.720020979023950503e+01,8.696299999999999386e+01,6.000000000000000000e+01,1.350071029637597841e-01,4.850482493396150119e+01,-2.003126375774909058e-03,-1.143761912030998396e+01,0.000000000000000000e+00
2.327000000000000000e+03,3.720102470805413475e+01,8.696299999999999386e+01,6.000000000000000000e+01,1.350071029637597841e-01,4.850563838758280610e+01,-1.968063523703857554e-03,-1.143765271896872981e+01,0.000000000000000000e+00
2.328000000000000000e+03,3.720183923830589379e+01,8.696299999999999386e+01,6.000000000000000000e+01,1.350071029637597841e-01,4.850645184120411102e+01,-1.933614414035793663e-03,-1.143768609144794368e+01,0.000000000000000000e+00
2.329000000000000000e+03,3.720265339021516837e+01,8.696299999999999386e+01,6.000000000000000000e+01,1.350071029637597841e-01,4.850726529482541594e+01,-1.899768303784480890e-03,-1.143771923927022094e+01,0.000000000000000000e+00
2.330000000000000000e+03,3.720346717282455984e+01,8.696299999999999386e+01,6.000000000000000000e+01,1.350071029637597841e-01,4.850807874844672085e+01,-1.866514638009599686e-03,-1.143775216394791272e+01,0.000000000000000000e+00
2.331000000000000000e+03,3.720428059500208207e+01,8.696299999999999386e+01,6.000000000000000000e+01,1.350071029637597841e-01,4.850889220206802577e+01,-1.833843046525180341e-03,-1.143778486698318098e+01,0.000000000000000000e+00
2.332000000000000000e+03,3.720509366544435181e+01,8.696299999999999386e+01,6.000000000000000000e+01,1.350071029637597841e-01,4.850970565568933068e+01,-1.801743340665651252e-03,-1.143781734986807841e+01,0.000000000000000000e+00
2.333000000000000000e+03,3.720590639267967958e+01,8.696299999999999386e+01,6.000000000000000000e+01,1.350071029637597841e-01,4.851051910931063560e+01,-1.770205510108493812e-03,-1.143784961408461598e+01,0.000000000000000000e+00
2.334000000000000000e+03,3.720671878507112496e+01,8.696299999999999386e+01,6.000000000000000000e+01,1.350071029637597841e-01,4.851133256293194052e+01,-1.739219719752514064e-03,-1.143788166110482507e+01,0.000000000000000000e+00
2.335000000000000000e+03,3.720753085081953060e+01,8.696299999999999386e+01,6.000000000000000000e+01,1.350071029637597841e-01,4.851214601655324543e+01,-1.708776306650758347e-03,-1.143791349239082678e+01,0.000000000000000000e+00
2.336000000000000000e+03,3.720834259796640708e+01,8.696299999999999386e+01,6.000000000000000000e+01,1.350071029637597841e-01,4.851295947017455035e+01,-1.678865776997113439e-03,-1.143794510939490650e+01,0.000000000000000000e+00
2.337000000000000000e+03,3.720915403439688873e+01,8.696299999999999386e+01,6.000000000000000000e+01,1.350071029637597841e-01,4.851377292379585526e+01,-1.649478803165655306e-03,-1.143797651355956546e+01,0.000000000000000000e+00
2.338000000000000000e+03,3.720996516784251895e+01,8.696299999999999386e+01,6.000000000000000000e+01,1.350071029637597841e-01,4.851458637741716018e+01,-1.620606220801819666e-03,-1.143800770631759711e+01,0.000000000000000000e+00
2.339000000000000000e+03,3.721077600588411372e+01,8.696299999999999386e+01,6.000000000000000000e+01,1.350071029637597841e-01,4.851539983103846509e+01,-1.592239025964490391e-03,-1.143803868909214749e+01,0.000000000000000000e+00
2.340000000000000000e+03,3.721158655595442610e+01,8.696299999999999386e+01,6.000000000000000000e+01,1.350071029637597841e-01,4.851621328465977001e+01,-1.564368372318111679e-03,-1.143806946329678631e+01,0.000000000000000000e+00
2.341000000000000000e+03,3.721239682534090321e+01,8.696299999999999386e+01,6.000000000000000000e+01,1.350071029637597841e-01,4.851702673828107493e+01,-1.536985568373950813e-03,-1.143810003033556200e+01,0.000000000000000000e+00
2.342000000000000000e+03,3.721320682118827960e+01,8.696299999999999386e+01,6.000000000000000000e+01,1.350071029637597841e-01,4.851784019190237984e+01,-1.510082074779649100e-03,-1.143813039160307810e+01,0.000000000000000000e+00
2.343000000000000000e+03,3.721401655050124191e+01,8.696299999999999386e+01,6.000000000000000000e+01,1.350071029637597841e-01,4.851865364552368476e+01,-1.483649501656217080e-03,-1.143816054848454833e+01,0.000000000000000000e+00
2.344000000000000000e+03,3.721482602014691565e+01,8.696299999999999386e+01,6.000000000000000000e+01,1.350071029637597841e-01,4.851946709914498967e+01,-1.457679605981643256e-03,-1.143819050235585344e+01,0.000000000000000000e+00
2.345000000000000000e+03,3.721563523685741615e+01,8.696299999999999386e+01,6.000000000000000000e+01,1.350071029637597841e-01,4.852028055276629459e+01,-1.432164289020300190e-03,-1.143822025458361935e+01,0.000000000000000000e+00
2.346000000000000000e+03,3.721644420723228563e+01,8.696299999999999386e+01,6.000000000000000000e+01,1.350071029637597841e-01,4.852109400638759951e+01,-1.407095593797346280e-03,-1.143824980652527401e+01,0.000000000000000000e+00
2.347000000000000000e+03,3.721725293774094467e+01,8.696299999999999386e+01,6.000000000000000000e+01,1.350071029637597841e-01,4.852190746000890442e+01,-1.382465702617335663e-03,-1.143827915952910068e+01,0.000000000000000000e+00
2.348000000000000000e+03,3.721806143472502981e+01,8.696299999999999386e+01,6.000000000000000000e+01,1.350071029637597841e-01,4.852272091363020934e+01,-1.358266934626263652e-03,-1.143830831493431432e+01,0.000000000000000000e+00
2.349000000000000000e+03,3.721886970440075970e+01,8.696299999999999386e+01,6.000000000000000000e+01,1.350071029637597841e-01,4.852353436725151425e+01,-1.334491743416284194e-03,-1.143833727407110601e+01,0.000000000000000000e+00
2.350000000000000000e+03,3.721967775286119462e+01,8.696299999999999386e+01,6.000000000000000000e+01,1.350071029637597841e-01,4.852434782087281917e+01,-1.311132714672356894e-03,-1.143836603826071574e+01,0.000000000000000000e+00
2.351000000000000000e+03,3.722048558607853153e+01,8.696299999999999386e+01,6.000000000000000000e+01,1.350071029637597841e-01,4.852516127449412409e+01,-1.288182563860085271e-03,-1.143839460881549108e+01,0.000000000000000000e+00
2.352000000000000000e+03,3.722129320990629253e+01,8.696299999999999386e+01,6.000000000000000000e+01,1.350071029637597841e-01,4.852597472811542900e+01,-1.265634133954028498e-03,-1.143842298703894400e+01,0.000000000000000000e+00
2.353000000000000000e+03,3.722210063008147785e+01,8.696299999999999386e+01,6.000000000000000000e+01,1.350071029637597841e-01,4.852678818173673392e+01,-1.243480393205776248e-03,-1.143845117422581126e+01,0.000000000000000000e+00
2.354000000000000000e+03,3.722290785222674003e+01,8.696299999999999386e+01,6.000000000000000000e+01,1.350071029637597841e-01,4.852760163535803883e+01,-1.221714432951091474e-03,-1.143847917166211126e+01,0.000000000000000000e+00
2.355000000000000000e+03,3.722371488185244459e+01,8.696299999999999386e+01,6.000000000000000000e+01,1.350071029637597841e-01,4.852841508897934375e+01,-1.200329465455437844e-03,-1.143850698062520799e+01,0.000000000000000000e+00
2.356000000000000000e+03,3.722452172435874473e+01,8.696299999999999386e+01,6.000000000000000000e+01,1.350071029637597841e-01,4.852922854260064867e+01,-1.179318821797217679e-03,-1.143853460238386788e+01,0.000000000000000000e+00
2.357000000000000000e+03,3.722532838503761354e+01,8.696299999999999386e+01,6.000000000000000000e+01,1.350071029637597841e-01,4.853004199622195358e+01,-1.158675949788063372e-03,-1.143856203819831308e+01,0.000000000000000000e+00
2.358000000000000000e+03,3.722613486907480507e+01,8.696299999999999386e+01,6.000000000000000000e+01,1.350071029637597841e-01,4.853085544984325850e+01,-1.138394411929530671e-03,-1.143858928932028363e+01,0.000000000000000000e+00
2.359000000000000000e+03,3.722694118155182252e+01,8.696299999999999386e+01,6.000000000000000000e+01,1.350071029637597841e-01,4.853166890346456341e+01,-1.118467883405559801e-03,-1.143861635699309431e+01,0.000000000000000000e+00
2.360000000000000000e+03,3.722774732744782966e+01,8.696299999999999386e+01,6.000000000000000000e+01,1.350071029637597841e-01,4.853248235708586833e+01,-1.098890150110075348e-03,-1.143864324245168618e+01,0.000000000000000000e+00
2.361000000000000000e+03,3.722855331164153370e+01,8.696299999999999386e+01,6.000000000000000000e+01,1.350071029637597841e-01,4.853329581070717325e+01,-1.079655106709111710e-03,-1.143866994692269223e+01,0.000000000000000000e+00
2.362000000000000000e+03,3.722935913891301851e+01,8.696299999999999386e+01,6.000000000000000000e+01,1.350071029637597841e-01,4.853410926432847816e+01,-1.060756754736859103e-03,-1.143869647162448366e+01,0.000000000000000000e+00
2.363000000000000000e+03,3.723016481394559207e+01,8.696299999999999386e+01,6.000000000000000000e+01,1.350071029637597841e-01,4.853492271794978308e+01,-1.042189200725036425e-03,-1.143872281776723021e+01,0.000000000000000000e+00
2.364000000000000000e+03,3.723097034132752725e+01,8.696299999999999386e+01,6.000000000000000000e+01,1.350071029637597841e-01,4.853573617157108799e+01,-1.023946654365007897e-03,-1.143874898655295702e+01,0.000000000000000000e+00
2.365000000000000000e+03,3.723177572555385240e+01,8.696299999999999386e+01,6.000000000000000000e+01,1.350071029637597841e-01,4.853654962519239291e+01,-1.006023426702070366e-03,-1.143877497917559793e+01,0.000000000000000000e+00
2.366000000000000000e+03,3.723258097102805664e+01,8.696299999999999386e+01,6.000000000000000000e+01,1.350071029637597841e-01,4.853736307881369783e+01,-9.884139283613470502e-04,-1.143880079682104522e+01,0.000000000000000000e+00
2.367000000000000000e+03,3.723338608206374545e+01,8.696299999999999386e+01,6.000000000000000000e+01,1.350071029637597841e-01,4.853817653243500274e+01,-9.711126678047363094e-04,-1.143882644066721532e+01,0.000000000000000000e+00
2.368000000000000000e+03,3.723419106288636726e+01,8.696299999999999386e+01,6.000000000000000000e+01,1.350071029637597841e-01,4.853898998605630766e+01,-9.541142496183701834e-04,-1.143885191188408790e+01,0.000000000000000000e+00
2.369000000000000000e+03,3.723499591763477667e+01,8.696299999999999386e+01,6.000000000000000000e+01,1.350071029637597841e-01,4.853980343967761257e+01,-9.374133728300498240e-04,-1.143887721163376980e+01,0.000000000000000000e+00
2.370000000000000000e+03,3.723580065036287579e+01,8.696299999999999386e+01,6.000000000000000000e+01,1.350071029637597841e-01,4.854061689329891749e+01,-9.210048292561325185e-04,-1.143890234107054305e+01,0.000000000000000000e+00
2.371000000000000000e+03,3.723660526504119161e+01,8.696299999999999386e+01,6.000000000000000000e+01,1.350071029637597841e-01,4.854143034692022241e+01,-9.048835018773547685e-04,-1.143892730134092162e+01,0.000000000000000000e+00
2.372000000000000000e+03,3.723740976555834692e+01,8.696299999999999386e+01,6.000000000000000000e+01,1.350071029637597841e-01,4.854224380054152732e+01,-8.890443632430851005e-04,-1.143895209358370124e+01,0.000000000000000000e+00
2.373000000000000000e+03,3.723821415572268023e+01,8.696299999999999386e+01,6.000000000000000000e+01,1.350071029637597841e-01,4.854305725416283224e+01,-8.734824739035092862e-04,-1.143897671893000911e+01,0.000000000000000000e+00
2.374000000000000000e+03,3.723901843926366695e+01,8.696299999999999386e+01,6.000000000000000000e+01,1.350071029637597841e-01,4.854387070778413715e+01,-8.581929808692582377e-04,-1.143900117850335896e+01,0.000000000000000000e+00
2.375000000000000000e+03,3.723982261983340436e+01,8.696299999999999386e+01,6.000000000000000000e+01,1.350071029637597841e-01,4.854468416140544207e+01,-8.431711160979988174e-04,-1.143902547341970433e+01,0.000000000000000000e+00
2.376000000000000000e+03,3.724062670100802563e+01,8.696299999999999386e+01,6.000000000000000000e+01,1.350071029637597841e-01,4.854549761502674698e+01,-8.284121950075155026e-04,-1.143904960478748123e+01,0.000000000000000000e+00
2.377000000000000000e+03,3.724143068628913511e+01,8.696299999999999386e+01,6.000000000000000000e+01,1.350071029637597841e-01,4.854631106864805190e+01,-8.139116150148192983e-04,-1.143907357370766675e+01,0.000000000000000000e+00
2.378000000000000000e+03,3.724223457910519386e+01,8.696299999999999386e+01,6.000000000000000000e+01,1.350071029637597841e-01,4.854712452226935682e+01,-7.996648541008278838e-04,-1.143909738127382703e+01,0.000000000000000000e+00
2.379000000000000000e+03,3.724303838281285550e+01,8.696299999999999386e+01,6.000000000000000000e+01,1.350071029637597841e-01,4.854793797589066173e+01,-7.856674694001697596e-04,-1.143912102857216517e+01,0.000000000000000000e+00
2.380000000000000000e+03,3.724384210069833756e+01,8.696299999999999386e+01,6.000000000000000000e+01,1.350071029637597841e-01,4.854875142951196665e+01,-7.719150958156729666e-04,-1.143914451668157106e+01,0.000000000000000000e+00
2.381000000000000000e+03,3.724464573597870043e+01,8.696299999999999386e+01,6.000000000000000000e+01,1.350071029637597841e-01,4.854956488313327156e+01,-7.584034446571052404e-04,-1.143916784667367459e+01,0.000000000000000000e+00
2.382000000000000000e+03,3.724544929180314057e+01,8.696299999999999386e+01,6.000000000000000000e+01,1.350071029637597841e-01,4.855037833675457648e+01,-7.451283023037422182e-04,-1.143919101961289186e+01,0.000000000000000000e+00
2.383000000000000000e+03,3.724625277125429079e+01,8.696299999999999386e+01,6.000000000000000000e+01,1.350071029637597841e-01,4.855119179037588140e+01,-7.320855288903458475e-04,-1.143921403655646785e+01,0.000000000000000000e+00
2.384000000000000000e+03,3.724705617734939267e+01,8.696299999999999386e+01,6.000000000000000000e+01,1.350071029637597841e-01,4.855200524399718631e+01,-7.192710570161438190e-04,-1.143923689855453674e+01,0.000000000000000000e+00
2.385000000000000000e+03,3.724785951304161813e+01,8.696299999999999386e+01,6.000000000000000000e+01,1.350071029637597841e-01,4.855281869761849123e+01,-7.066808904764068080e-04,-1.143925960665015751e+01,0.000000000000000000e+00
2.386000000000000000e+03,3.724866278122116370e+01,8.696299999999999386e+01,6.000000000000000000e+01,1.350071029637597841e-01,4.855363215123979614e+01,-6.943111030162283336e-04,-1.143928216187937785e+01,0.000000000000000000e+00
2.387000000000000000e+03,3.724946598471650105e+01,8.696299999999999386e+01,6.000000000000000000e+01,1.350071029637597841e-01,4.855444560486110106e+01,-6.821578371061186568e-04,-1.143930456527125905e+01,0.000000000000000000e+00
2.388000000000000000e+03,3.725026912629548548e+01,8.696299999999999386e+01,6.000000000000000000e+01,1.350071029637597841e-01,4.855525905848240598e+01,-6.702173027390308626e-04,-1.143932681784794347e+01,0.000000000000000000e+00
2.389000000000000000e+03,3.725107220866653535e+01,8.696299999999999386e+01,6.000000000000000000e+01,1.350071029637597841e-01,4.855607251210371089e+01,-6.584857762484433398e-04,-1.143934892062468656e+01,0.000000000000000000e+00
2.390000000000000000e+03,3.725187523447971927e+01,8.696299999999999386e+01,6.000000000000000000e+01,1.350071029637597841e-01,4.855688596572501581e+01,-6.469595991471313329e-04,-1.143937087460991364e+01,0.000000000000000000e+00
2.391000000000000000e+03,3.725267820632784321e+01,8.696299999999999386e+01,6.000000000000000000e+01,1.350071029637597841e-01,4.855769941934632072e+01,-6.356351769862642487e-04,-1.143939268080525729e+01,0.000000000000000000e+00
2.392000000000000000e+03,3.725348112674754475e+01,8.696299999999999386e+01,6.000000000000000000e+01,1.350071029637597841e-01,4.855851287296762564e+01,-6.245089782344734244e-04,-1.143941434020561054e+01,0.000000000000000000e+00
2.393000000000000000e+03,3.725428399822034464e+01,8.696299999999999386e+01,6.000000000000000000e+01,1.350071029637597841e-01,4.855932632658893056e+01,-6.135775331765409195e-04,-1.143943585379917138e+01,0.000000000000000000e+00
2.394000000000000000e+03,3.725508682317368425e+01,8.696299999999999386e+01,6.000000000000000000e+01,1.350071029637597841e-01,4.856013978021023547e+01,-6.028374328313656398e-04,-1.143945722256748176e+01,0.000000000000000000e+00
2.395000000000000000e+03,3.725588960398194160e+01,8.696299999999999386e+01,6.000000000000000000e+01,1.350071029637597841e-01,4.856095323383154039e+01,-5.922853278888694966e-04,-1.143947844748547382e+01,0.000000000000000000e+00
2.396000000000000000e+03,3.725669234296741905e+01,8.696299999999999386e+01,6.000000000000000000e+01,1.350071029637597841e-01,4.856176668745284530e+01,-5.819179276655121616e-04,-1.143949952952151961e+01,0.000000000000000000e+00
2.397000000000000000e+03,3.725749504240135934e+01,8.696299999999999386e+01,6.000000000000000000e+01,1.350071029637597841e-01,4.856258014107415022e+01,-5.717319990780880736e-04,-1.143952046963747371e+01,0.000000000000000000e+00
2.398000000000000000e+03,3.725829770450486222e+01,8.696299999999999386e+01,6.000000000000000000e+01,1.350071029637597841e-01,4.856339359469545514e+01,-5.617243656354868305e-04,-1.143954126878871413e+01,0.000000000000000000e+00
2.399000000000000000e+03,3.725910033144988631e+01,8.696299999999999386e+01,6.000000000000000000e+01,1.350071029637597841e-01,4.856420704831676005e+01,-5.518919064481012495e-04,-1.143956192792418847e+01,0.000000000000000000e+00
2.400000000000000000e+03,3.725990292536011594e+01,8.696299999999999386e+01,6.000000000000000000e+01,1.350071029637597841e-01,4.856502050193806497e+01,-5.422315552545752893e-04,-1.143958244798645296e+01,0.000000000000000000e+00
2.401000000000000000e+03,3.726070548831194884e+01,8.696299999999999386e+01,6.000000000000000000e+01,1.350071029637597841e-01,4.856583395555936988e+01,-5.327402994655876071e-04,-1.143960282991172051e+01,0.000000000000000000e+00
2.402000000000000000e+03,3.726150802233530612e+01,8.696299999999999386e+01,6.000000000000000000e+01,1.350071029637597841e-01,4.856664740918067480e+01,-5.234151792243729208e-04,-1.143962307462990502e+01,0.000000000000000000e+00
2.403000000000000000e+03,3.726231052941460575e+01,8.696299999999999386e+01,6.000000000000000000e+01,1.350071029637597841e-01,4.856746086280197972e+01,-5.142532864836876815e-04,-1.143964318306465522e+01,0.000000000000000000e+00
2.404000000000000000e+03,3.726311301148954414e+01,8.696299999999999386e+01,6.000000000000000000e+01,1.350071029637597841e-01,4.856827431642328463e+01,-5.052517640989332868e-04,-1.143966315613340434e+01,0.000000000000000000e+00
2.405000000000000000e+03,3.726391547045600561e+01,8.696299999999999386e+01,6.000000000000000000e+01,1.350071029637597841e-01,4.856908777004458955e+01,-4.964078049371527723e-04,-1.143968299474740924e+01,0.000000000000000000e+00
2.406000000000000000e+03,3.726471790816685825e+01,8.696299999999999386e+01,6.000000000000000000e+01,1.350071029637597841e-01,4.856990122366589446e+01,-4.877186510016235884e-04,-1.143970269981179477e+01,0.000000000000000000e+00
2.407000000000000000e+03,3.726552032643279944e+01,8.696299999999999386e+01,6.000000000000000000e+01,1.350071029637597841e-01,4.857071467728719938e+01,-4.791815925717742204e-04,-1.143972227222558757e+01,0.000000000000000000e+00
2.408000000000000000e+03,3.726632272702313742e+01,8.696299999999999386e+01,6.000000000000000000e+01,1.350071029637597841e-01,4.857152813090850429e+01,-4.707939673581551174e-04,-1.143974171288176933e+01,0.000000000000000000e+00
2.409000000000000000e+03,3.726712511166659425e+01,8.696299999999999386e+01,6.000000000000000000e+01,1.350071029637597841e-01,4.857234158452980921e+01,-4.625531596722013924e-04,-1.143976102266730344e+01,0.000000000000000000e+00
2.410000000000000000e+03,3.726792748205208028e+01,8.696299999999999386e+01,6.000000000000000000e+01,1.350071029637597841e-01,4.857315503815111413e+01,-4.544565996105278966e-04,-1.143978020246318472e+01,0.000000000000000000e+00
2.411000000000000000e+03,3.726872983982944731e+01,8.696299999999999386e+01,6.000000000000000000e+01,1.350071029637597841e-01,4.857396849177241904e+01,-4.465017622535025319e-04,-1.143979925314447854e+01,0.000000000000000000e+00
2.412000000000000000e+03,3.726953218661024891e+01,8.696299999999999386e+01,6.000000000000000000e+01,1.350071029637597841e-01,4.857478194539372396e+01,-4.386861668778477838e-04,-1.143981817558035807e+01,0.000000000000000000e+00
2.413000000000000000e+03,3.727033452396845803e+01,8.696299999999999386e+01,6.000000000000000000e+01,1.350071029637597841e-01,4.857559539901502887e+01,-4.310073761830249045e-04,-1.143983697063415050e+01,0.000000000000000000e+00
2.414000000000000000e+03,3.727113685344120597e+01,8.696299999999999386e+01,6.000000000000000000e+01,1.350071029637597841e-01,4.857640885263633379e+01,-4.234629955311595083e-04,-1.143985563916336190e+01,0.000000000000000000e+00
2.415000000000000000e+03,3.727193917652947164e+01,8.696299999999999386e+01,6.000000000000000000e+01,1.350071029637597841e-01,4.857722230625763871e+01,-4.160506722002715223e-04,-1.143987418201972872e+01,0.000000000000000000e+00
2.416000000000000000e+03,3.727274149469879205e+01,8.696299999999999386e+01,6.000000000000000000e+01,1.350071029637597841e-01,4.857803575987894362e+01,-4.087680946505768188e-04,-1.143989260004926045e+01,0.000000000000000000e+00
2.417000000000000000e+03,3.727354380937994449e+01,8.696299999999999386e+01,6.000000000000000000e+01,1.350071029637597841e-01,4.857884921350024854e+01,-4.016129918036312235e-04,-1.143991089409226447e+01,0.000000000000000000e+00
2.418000000000000000e+03,3.727434612196958597e+01,8.696299999999999386e+01,6.000000000000000000e+01,1.350071029637597841e-01,4.857966266712155345e+01,-3.945831323340929023e-04,-1.143992906498339401e+01,0.000000000000000000e+00
2.419000000000000000e+03,3.727514843383096377e+01,8.696299999999999386e+01,6.000000000000000000e+01,1.350071029637597841e-01,4.858047612074285837e+01,-3.876763239738812978e-04,-1.143994711355168370e+01,0.000000000000000000e+00
2.420000000000000000e+03,3.727595074629451233e+01,8.696299999999999386e+01,6.000000000000000000e+01,1.350071029637597841e-01,4.858128957436416329e+01,-3.808904128285164285e-04,-1.143996504062058861e+01,0.000000000000000000e+00
2.421000000000000000e+03,3.727675306065850691e+01,8.696299999999999386e+01,6.000000000000000000e+01,1.350071029637597841e-01,4.858210302798546820e+01,-3.742232827054249047e-04,-1.143998284700801804e+01,0.000000000000000000e+00
2.422000000000000000e+03,3.727755537818971021e+01,8.696299999999999386e+01,6.000000000000000000e+01,1.350071029637597841e-01,4.858291648160677312e+01,-3.676728544540033600e-04,-1.144000053352637103e+01,0.000000000000000000e+00
2.423000000000000000e+03,3.727835770012393368e+01,8.696299999999999386e+01,6.000000000000000000e+01,1.350071029637597841e-01,4.858372993522807803e+01,-3.612370853172334052e-04,-1.144001810098258787e+01,0.000000000000000000e+00
2.424000000000000000e+03,3.727916002766668413e+01,8.696299999999999386e+01,6.000000000000000000e+01,1.350071029637597841e-01,4.858454338884938295e+01,-3.549139682946460652e-04,-1.144003555017816787e+01,0.000000000000000000e+00
2.425000000000000000e+03,3.727996236199371793e+01,8.696299999999999386e+01,6.000000000000000000e+01,1.350071029637597841e-01,4.858535684247068787e+01,-3.487015315164368012e-04,-1.144005288190921910e+01,0.000000000000000000e+00
2.426000000000000000e+03,3.728076470425163791e+01,8.696299999999999386e+01,6.000000000000000000e+01,1.350071029637597841e-01,4.858617029609199278e+01,-3.425978376285361256e-04,-1.144007009696649035e+01,0.000000000000000000e+00
2.427000000000000000e+03,3.728156705555846173e+01,8.696299999999999386e+01,6.000000000000000000e+01,1.350071029637597841e-01,4.858698374971329770e+01,-3.366009831884439582e-04,-1.144008719613540670e+01,0.000000000000000000e+00
2.428000000000000000e+03,3.728236941700419038e+01,8.696299999999999386e+01,6.000000000000000000e+01,1.350071029637597841e-01,4.858779720333460261e+01,-3.307090980716393454e-04,-1.144010418019610498e+01,0.000000000000000000e+00
2.429000000000000000e+03,3.728317178965131262e+01,8.696299999999999386e+01,6.000000000000000000e+01,1.350071029637597841e-01,4.858861065695590753e+01,-3.249203448883804680e-04,-1.144012104992347112e+01,0.000000000000000000e+00
2.430000000000000000e+03,3.728397417453539475e+01,8.696299999999999386e+01,6.000000000000000000e+01,1.350071029637597841e-01,4.858942411057721245e+01,-3.192329184107129542e-04,-1.144013780608717212e+01,0.000000000000000000e+00
2.431000000000000000e+03,3.728477657266556378e+01,8.696299999999999386e+01,6.000000000000000000e+01,1.350071029637597841e-01,4.859023756419851736e+01,-3.136450450095078766e-04,-1.144015444945170046e+01,0.000000000000000000e+00
2.432000000000000000e+03,3.728557898502509005e+01,8.696299999999999386e+01,6.000000000000000000e+01,1.350071029637597841e-01,4.859105101781982228e+01,-3.081549821013538997e-04,-1.144017098077639538e+01,0.000000000000000000e+00
2.433000000000000000e+03,3.728638141257179939e+01,8.696299999999999386e+01,6.000000000000000000e+01,1.350071029637597841e-01,4.859186447144112719e+01,-3.027610176051310814e-04,-1.144018740081548557e+01,0.000000000000000000e+00
2.434000000000000000e+03,3.728718385623866283e+01,8.696299999999999386e+01,6.000000000000000000e+01,1.350071029637597841e-01,4.859267792506243211e+01,-2.974614694080967604e-04,-1.144020371031812289e+01,0.000000000000000000e+00
2.435000000000000000e+03,3.728798631693423715e+01,8.696299999999999386e+01,6.000000000000000000e+01,1.350071029637597841e-01,4.859349137868373703e+01,-2.922546848413172657e-04,-1.144021991002842142e+01,0.000000000000000000e+00
2.436000000000000000e+03,3.728878879554316228e+01,8.696299999999999386e+01,6.000000000000000000e+01,1.350071029637597841e-01,4.859430483230504194e+01,-2.871390401642814633e-04,-1.144023600068547886e+01,0.000000000000000000e+00
2.437000000000000000e+03,3.728959129292663022e+01,8.696299999999999386e+01,6.000000000000000000e+01,1.350071029637597841e-01,4.859511828592634686e+01,-2.821129400585358957e-04,-1.144025198302342083e+01,0.000000000000000000e+00
2.438000000000000000e+03,3.729039380992285402e+01,8.696299999999999386e+01,6.000000000000000000e+01,1.350071029637597841e-01,4.859593173954765177e+01,-2.771748171301833272e-04,-1.144026785777142941e+01,0.000000000000000000e+00
2.439000000000000000e+03,3.729119634734752253e+01,8.696299999999999386e+01,6.000000000000000000e+01,1.350071029637597841e-01,4.859674519316895669e+01,-2.723231314210893309e-04,-1.144028362565378032e+01,0.000000000000000000e+00
2.440000000000000000e+03,3.729199890599422673e+01,8.696299999999999386e+01,6.000000000000000000e+01,1.350071029637597841e-01,4.859755864679026161e+01,-2.675563699286450737e-04,-1.144029928738987145e+01,0.000000000000000000e+00
2.441000000000000000e+03,3.729280148663494288e+01,8.696299999999999386e+01,6.000000000000000000e+01,1.350071029637597841e-01,4.859837210041156652e+01,-2.628730461339361373e-04,-1.144031484369425478e+01,0.000000000000000000e+00
2.442000000000000000e+03,3.729360409002041621e+01,8.696299999999999386e+01,6.000000000000000000e+01,1.350071029637597841e-01,4.859918555403287144e+01,-2.582716995381701417e-04,-1.144033029527668077e+01,0.000000000000000000e+00
2.443000000000000000e+03,3.729440671688062281e+01,8.696299999999999386e+01,6.000000000000000000e+01,1.350071029637597841e-01,4.859999900765417635e+01,-2.537508952072188616e-04,-1.144034564284211264e+01,0.000000000000000000e+00
2.444000000000000000e+03,3.729520936792514618e+01,8.696299999999999386e+01,6.000000000000000000e+01,1.350071029637597841e-01,4.860081246127548127e+01,-2.493092233241327540e-04,-1.144036088709077426e+01,0.000000000000000000e+00
2.445000000000000000e+03,3.729601204384363200e+01,8.696299999999999386e+01,6.000000000000000000e+01,1.350071029637597841e-01,4.860162591489678618e+01,-2.449452987494881947e-04,-1.144037602871817327e+01,0.000000000000000000e+00
2.446000000000000000e+03,3.729681474530612206e+01,8.696299999999999386e+01,6.000000000000000000e+01,1.350071029637597841e-01,4.860243936851809110e+01,-2.406577605894305724e-04,-1.144039106841513842e+01,0.000000000000000000e+00
2.447000000000000000e+03,3.729761747296353747e+01,8.696299999999999386e+01,6.000000000000000000e+01,1.350071029637597841e-01,4.860325282213939602e+01,-2.364452717712782557e-04,-1.144040600686784259e+01,0.000000000000000000e+00
2.448000000000000000e+03,3.729842022744799124e+01,8.696299999999999386e+01,6.000000000000000000e+01,1.350071029637597841e-01,4.860406627576070093e+01,-2.323065186265552975e-04,-1.144042084475784371e+01,0.000000000000000000e+00
2.449000000000000000e+03,3.729922300937317914e+01,8.696299999999999386e+01,6.000000000000000000e+01,1.350071029637597841e-01,4.860487972938200585e+01,-2.282402104813226348e-04,-1.144043558276210781e+01,0.000000000000000000e+00
2.450000000000000000e+03,3.730002581933477046e+01,8.696299999999999386e+01,6.000000000000000000e+01,1.350071029637597841e-01,4.860569318300331076e+01,-2.242450792536803111e-04,-1.144045022155304814e+01,0.000000000000000000e+00
2.451000000000000000e+03,3.730082865791077751e+01,8.696299999999999386e+01,6.000000000000000000e+01,1.350071029637597841e-01,4.860650663662461568e+01,-2.203198790583150068e-04,-1.144046476179854643e+01,0.000000000000000000e+00
2.452000000000000000e+03,3.730163152566187534e+01,8.696299999999999386e+01,6.000000000000000000e+01,1.350071029637597841e-01,4.860732009024592060e+01,-2.164633858179695230e-04,-1.144047920416199204e+01,0.000000000000000000e+00
2.453000000000000000e+03,3.730243442313179969e+01,8.696299999999999386e+01,6.000000000000000000e+01,1.350071029637597841e-01,4.860813354386722551e+01,-2.126743968817131666e-04,-1.144049354930230677e+01,0.000000000000000000e+00
2.454000000000000000e+03,3.730323735084766668e+01,8.696299999999999386e+01,6.000000000000000000e+01,1.350071029637597841e-01,4.860894699748853043e+01,-2.089517306498939664e-04,-1.144050779787398042e+01,0.000000000000000000e+00
2.455000000000000000e+03,3.730404030932029968e+01,8.696299999999999386e+01,6.000000000000000000e+01,1.350071029637597841e-01,4.860976045110983534e+01,-2.052942262056557860e-04,-1.144052195052709209e+01,0.000000000000000000e+00
2.456000000000000000e+03,3.730484329904459884e+01,8.696299999999999386e+01,6.000000000000000000e+01,1.350071029637597841e-01,4.861057390473114026e+01,-2.017007429529053028e-04,-1.144053600790734748e+01,0.000000000000000000e+00
2.457000000000000000e+03,3.730564632049984652e+01,8.696299999999999386e+01,6.000000000000000000e+01,1.350071029637597841e-01,4.861138735835244518e+01,-1.981701602606160927e-04,-1.144054997065610202e+01,0.000000000000000000e+00
2.458000000000000000e+03,3.730644937414999873e+01,8.696299999999999386e+01,6.000000000000000000e+01,1.350071029637597841e-01,4.861220081197375009e+01,-1.947013771133588016e-04,-1.144056383941039989e+01,0.000000000000000000e+00
2.459000000000000000e+03,3.730725246044406163e+01,8.696299999999999386e+01,6.000000000000000000e+01,1.350071029637597841e-01,4.861301426559505501e+01,-1.912933117679485205e-04,-1.144057761480299185e+01,0.000000000000000000e+00
2.460000000000000000e+03,3.730805557981634024e+01,8.696299999999999386e+01,6.000000000000000000e+01,1.350071029637597841e-01,4.861382771921635992e+01,-1.879449014161021906e-04,-1.144059129746236891e+01,0.000000000000000000e+00
2.461000000000000000e+03,3.730885873268677955e+01,8.696299999999999386e+01,6.000000000000000000e+01,1.350071029637597841e-01,4.861464117283766484e+01,-1.846551018530007918e-04,-1.144060488801279440e+01,0.000000000000000000e+00
2.462000000000000000e+03,3.730966191946125576e+01,8.696299999999999386e+01,6.000000000000000000e+01,1.350071029637597841e-01,4.861545462645896976e+01,-1.814228871516532313e-04,-1.144061838707432521e+01,0.000000000000000000e+00
2.463000000000000000e+03,3.731046514053184637e+01,8.696299999999999386e+01,6.000000000000000000e+01,1.350071029637597841e-01,4.861626808008027467e+01,-1.782472493429599649e-04,-1.144063179526284735e+01,0.000000000000000000e+00
2.464000000000000000e+03,3.731126839627714276e+01,8.696299999999999386e+01,6.000000000000000000e+01,1.350071029637597841e-01,4.861708153370157959e+01,-1.751271981013770101e-04,-1.144064511319010435e+01,0.000000000000000000e+00
2.465000000000000000e+03,3.731207168706249888e+01,8.696299999999999386e+01,6.000000000000000000e+01,1.350071029637597841e-01,4.861789498732288450e+01,-1.720617604360819876e-04,-1.144065834146371152e+01,0.000000000000000000e+00
2.466000000000000000e+03,3.731287501324036526e+01,8.699500000000000455e+01,6.000000000000000000e+01,1.350071029637597841e-01,4.861870844094418942e+01,-1.690499803875459943e-04,-1.144067148068720208e+01,0.000000000000000000e+00
2.467000000000000000e+03,3.713921634880635736e+01,8.696299999999999386e+01,6.000000000000000000e+01,1.824420310319116098e-02,4.861881836710922755e+01,-5.716168994602026376e-02,-1.144068453146004138e+01,0.000000000000000000e+00
2.468000000000000000e+03,3.731477590027105151e+01,8.696299999999999386e+01,6.000000000000000000e+01,1.350071029637597841e-01,4.861963182073053247e+01,8.344709544241338262e-04,-1.144069749437766603e+01,0.000000000000000000e+00
2.469000000000000000e+03,3.731556187160562388e+01,8.699500000000000455e+01,6.000000000000000000e+01,1.350071029637597841e-01,4.862044527435183738e+01,8.198643215194855241e-04,-1.144071037003149804e+01,0.000000000000000000e+00
2.470000000000000000e+03,3.714188615894785528e+01,8.696299999999999386e+01,6.000000000000000000e+01,1.824420310319116098e-02,4.862055520051687552e+01,-5.619008566324035225e-02,-1.144072315900897863e+01,0.000000000000000000e+00
2.471000000000000000e+03,3.731742896342210258e+01,8.699500000000000455e+01,6.000000000000000000e+01,1.350071029637597841e-01,4.862136865413818043e+01,1.789068213757738501e-03,-1.144073586189359659e+01,0.000000000000000000e+00
2.472000000000000000e+03,3.714373645736364438e+01,8.696299999999999386e+01,6.000000000000000000e+01,1.824420310319116098e-02,4.862147858030321856e+01,-5.523784677785899266e-02,-1.144074847926491145e+01,0.000000000000000000e+00
2.473000000000000000e+03,3.731926276423854461e+01,8.696299999999999386e+01,6.000000000000000000e+01,1.350071029637597841e-01,4.862229203392452348e+01,2.724639048846212719e-03,-1.144076101169858184e+01,0.000000000000000000e+00
2.474000000000000000e+03,3.732001607753604588e+01,8.702700000000000102e+01,6.000000000000000000e+01,1.350071029637597841e-01,4.862310548754582840e+01,2.676946792844766762e-03,-1.144077345976639215e+01,0.000000000000000000e+00
2.475000000000000000e+03,3.697184625675158998e+01,8.702700000000000102e+01,6.000000000000000000e+01,-9.851869675732560783e-02,4.862251188625460685e+01,-1.113611087094167201e-01,-1.144078582403627564e+01,0.000000000000000000e+00
2.476000000000000000e+03,3.697318964638655103e+01,8.702700000000000102e+01,6.000000000000000000e+01,-9.851869675732560783e-02,4.862191828496338530e+01,-1.094118367471641762e-01,-1.144079810507234463e+01,0.000000000000000000e+00
2.477000000000000000e+03,3.697449899851404354e+01,8.712399999999999523e+01,6.000000000000000000e+01,-9.851869675732560783e-02,4.862132468367216376e+01,-1.074966849658873652e-01,-1.144081030343491001e+01,0.000000000000000000e+00
2.478000000000000000e+03,3.644693689246393120e+01,8.706000000000000227e+01,6.000000000000000000e+01,-4.524562369595349076e-01,4.861859851477914418e+01,-2.783829656751657389e-01,-1.144082241968051683e+01,0.000000000000000000e+00
2.479000000000000000e+03,3.679799557479597638e+01,8.699500000000000455e+01,6.000000000000000000e+01,-2.189304372385013631e-01,4.861727940079865107e+01,-1.595189344022148181e-01,-1.144083445436196023e+01,0.000000000000000000e+00
2.480000000000000000e+03,3.715383272778070989e+01,8.702700000000000102e+01,6.000000000000000000e+01,1.824420310319116098e-02,4.861738932696368920e+01,-4.095439425785600551e-02,-1.144084640802831210e+01,0.000000000000000000e+00
2.481000000000000000e+03,3.698018562273893650e+01,8.702700000000000102e+01,6.000000000000000000e+01,-9.851869675732560783e-02,4.861679572567246765e+01,-9.723312495125657762e-02,-1.144085828122494952e+01,0.000000000000000000e+00
2.482000000000000000e+03,3.698128220301092739e+01,8.709199999999999875e+01,6.000000000000000000e+01,-9.851869675732560783e-02,4.861620212438124611e+01,-9.553115011941247514e-02,-1.144087007449357962e+01,0.000000000000000000e+00
2.483000000000000000e+03,3.662797308018530629e+01,8.718800000000000239e+01,6.000000000000000000e+01,-3.356933370990181076e-01,4.861417948294449332e+01,-2.096312772879142527e-01,-1.144088178837226089e+01,0.000000000000000000e+00
2.484000000000000000e+03,3.610622212396516773e+01,8.718800000000000239e+01,6.000000000000000000e+01,-6.859820366806202996e-01,4.861004625913894728e+01,-3.769486750977265599e-01,-1.144089342339543336e+01,0.000000000000000000e+00
2.485000000000000000e+03,3.610867547715511705e+01,8.718800000000000239e+01,6.000000000000000000e+01,-6.859820366806202996e-01,4.860591303533340124e+01,-3.703505414037315813e-01,-1.144090498009393286e+01,0.000000000000000000e+00
2.486000000000000000e+03,3.611101341398870801e+01,8.712399999999999523e+01,6.000000000000000000e+01,-6.859820366806202996e-01,4.860177981152785520e+01,-3.638679018635031515e-01,-1.144091645899502829e+01,0.000000000000000000e+00
2.487000000000000000e+03,3.646216200824742515e+01,8.712399999999999523e+01,6.000000000000000000e+01,-4.524562369595349076e-01,4.859905364263483563e+01,-2.435075368054378520e-01,-1.144092786062243761e+01,0.000000000000000000e+00
2.488000000000000000e+03,3.646368688596361096e+01,8.715600000000000591e+01,6.000000000000000000e+01,-4.524562369595349076e-01,4.859632747374181605e+01,-2.392451653223144903e-01,-1.144093918549635092e+01,0.000000000000000000e+00
2.489000000000000000e+03,3.629067520474971076e+01,8.722100000000000364e+01,6.000000000000000000e+01,-5.692191368201034996e-01,4.859289777739253680e+01,-2.920530016892661784e-01,-1.144095043413345358e+01,0.000000000000000000e+00
2.490000000000000000e+03,3.593797045887781394e+01,8.722100000000000364e+01,6.000000000000000000e+01,-8.063937771617960548e-01,4.858803904089772630e+01,-4.027131978111522237e-01,-1.144096160704696175e+01,0.000000000000000000e+00
2.491000000000000000e+03,3.594014974222913139e+01,8.718800000000000239e+01,6.000000000000000000e+01,-8.063937771617960548e-01,4.858318030440291579e+01,-3.956640802653607625e-01,-1.144097270474662942e+01,0.000000000000000000e+00
2.492000000000000000e+03,3.612211967675135327e+01,8.722100000000000364e+01,6.000000000000000000e+01,-6.859820366806202996e-01,4.857904708059736976e+01,-3.299616394266169372e-01,-1.144098372773878225e+01,0.000000000000000000e+00
2.493000000000000000e+03,3.594383720911031332e+01,8.725300000000000011e+01,6.000000000000000000e+01,-8.063937771617960548e-01,4.857418834410255926e+01,-3.829626813041155931e-01,-1.144099467652633351e+01,0.000000000000000000e+00
2.494000000000000000e+03,3.577120897443186465e+01,8.712399999999999523e+01,6.000000000000000000e+01,-9.231566770223127438e-01,4.856862608015148197e+01,-4.332548770884853684e-01,-1.144100555160881783e+01,0.000000000000000000e+00
2.495000000000000000e+03,3.647651967335805523e+01,8.712399999999999523e+01,6.000000000000000000e+01,-4.524562369595349076e-01,4.856589991125846240e+01,-1.959076474584688088e-01,-1.144101635348240187e+01,0.000000000000000000e+00
2.496000000000000000e+03,3.647721195528612981e+01,8.722100000000000364e+01,6.000000000000000000e+01,-4.524562369595349076e-01,4.856317374236544282e+01,-1.924784674798632467e-01,-1.144102708263991452e+01,0.000000000000000000e+00
2.497000000000000000e+03,3.594900626749983275e+01,8.725300000000000011e+01,6.000000000000000000e+01,-8.063937771617960548e-01,4.855831500587063232e+01,-3.618772216381428430e-01,-1.144103773957086112e+01,0.000000000000000000e+00
2.498000000000000000e+03,3.577600924148002548e+01,8.722100000000000364e+01,6.000000000000000000e+01,-9.231566770223127438e-01,4.855275274191955504e+01,-4.125384986557584233e-01,-1.144104832476146427e+01,0.000000000000000000e+00
2.499000000000000000e+03,3.595211959017935754e+01,8.728499999999999659e+01,6.000000000000000000e+01,-8.063937771617960548e-01,4.854789400542474453e+01,-3.483217993889311526e-01,-1.144105883869466034e+01,0.000000000000000000e+00
2.500000000000000000e+03,3.560442340487345092e+01,8.725300000000000011e+01,6.000000000000000000e+01,-1.039919576882829544e+00,4.854162821401740757e+01,-4.562159504109843389e-01,-1.144106928185014205e+01,0.000000000000000000e+00
