{
  "experiences": [
    {
      "namefile": "experience_01",
      "datafile": "Cleaned_data_Open_loop_experiment_on_MV_2026-03-03-09h32.txt",
      "FOPDT_OPT": {
        "Kp": 0.5354815066755887,
        "T": 152.33873423438874,
        "Theta": 36.73938820712028
      },
      "SOPDT_OPT": {
        "Kp": 0.5315977216868413,
        "T1": 143.20962826230692,
        "T2": 23.744697190626116,
        "Theta": 17.394912344235067
      },
      "Graph": {
        "Kp": 0.52,
        "a": 0.18,
        "Tu": 40,
        "Tg": 156.67,
        "t1": 86.67,
        "t2": 116.67
      }
    }
  ]
}
